gene_id,Gene,Manipulation,Category,Subcategory,Narrative,Short Description,Mechanism,Achievements (effect sizes),Highest Evidence Tier,Translational Gaps,Key References (DOIs),"Notes (limitations, contradictions, caveats)",Secondary Categories,game_enabled
acomys_regen,Acomys regen. program,Regeneration program transfer,Regeneration,Scarless Healing,"Spiny mice (Acomys) are the only mammals known to regenerate full-thickness skin — including hair follicles, sebaceous glands, and arrector pili muscles — without scarring. When threatened by a predator, they shed large patches of skin (autotomy) and regrow it completely, something no lab mouse can do. The regeneration extends beyond skin: Acomys can regenerate ear hole punches (including cartilage), kidney tissue after ischemia-reperfusion injury, and spinal cord tissue after injury — all with minimal fibrosis compared to Mus musculus. Gusev's group at Kazan Federal University (Filatov 2024) revealed a distinctive hemostasis phenotype: spiny mouse blood forms stronger hemostatic seals with elevated clottable fibrinogen, denser fibrin-rich clots, and superior plasma clot stiffness. This robust hemostasis may be an adaptation that enables the risky strategy of shedding skin — you need reliable clotting before you can afford to lose tissue. The molecular drivers are still being mapped: Acomys wounds show reduced TGF-beta signaling, a macrophage response biased toward pro-regenerative rather than pro-fibrotic polarization, and Wnt pathway activity resembling embryonic patterning rather than adult scarring. No single gene has been identified as the master switch — this appears to be a systems-level rewiring of the wound response. The challenge for translational work is moving from descriptive -omics to causal gene targets.","Cairo spiny mice rebuild wounded skin instead of sealing it with scar tissue, restoring hair follicles, glands, muscle and cartilage. A 4-mm ear punch can close in about 60 days, and their regenerative response also extends to severe kidney injury. The capability appears to be a coordinated programme of wound signalling, immune-cell behaviour and embryonic-like patterning rather than a single master gene.","Systems-level wound response: reduced TGF-beta/fibrotic signaling; pro-regenerative (M2-like) macrophage polarization; Wnt pathway activity resembling embryonic patterning; distinctive hemostasis with elevated fibrinogen and denser fibrin-rich clots (Filatov 2024). Regeneration includes hair follicles, sebaceous glands, cartilage, and potentially kidney and spinal cord tissue.","Seifert 2012 Nature: Acomys regenerated 4mm ear punches with cartilage, hair follicles, and sebaceous glands in ~60 days (Mus scarred). Brant 2015: full-thickness dorsal skin wounds healed without fibrosis. Filatov 2024 IJMS: Acomys blood formed 2-3× stronger fibrin clots vs Balb/c mice. Okamura 2021 (iScience, https://doi.org/10.1016/j.isci.2021.103269) reported that spiny mice activate unique transcriptional programmes after severe kidney injury and regenerate organ function without fibrosis. An earlier version of this record credited this finding to ""Simkin 2017"" with a DOI belonging to a mouse digit-tip macrophage study in Development, which does not concern Acomys kidney injury. Matias Santos 2023: ear regeneration involves blastema-like structure with Wnt/beta-catenin signaling.",T5 (multiple mammalian organ systems) + T6 (replicated across independent labs),"No single master-switch gene identified; systems-level program likely requires multiple coordinated interventions; no transgenic experiments transferring Acomys wound program to Mus; no human-cell studies; hemostasis-regeneration link is correlative, not causally demonstrated.",Seifert Nature 2012 https://doi.org/10.1038/nature11499 | Filatov IJMS 2024 https://doi.org/10.3390/ijms252312867 | Brant Wound Repair Regen 2015 https://doi.org/10.1111/wrr.12385 | Okamura iScience 2021 https://doi.org/10.1016/j.isci.2021.103269,"NOT a single-gene candidate — included as a systems-level enhancement program. Translating Acomys regeneration may require rewiring TGF-beta signaling, macrophage polarization, and Wnt patterning simultaneously. Hemostasis connection (Filatov 2024) is from Gusev's lab but causal relationship between clotting phenotype and regeneration is unproven. Acomys are small rodents; whether the program scales to larger mammals is unknown. Some regenerative capacity (ear punch) may be shared with other Acomys species that differ in autotomy ability, suggesting the programs are separable.",,0
acr3_pteris,PvACR3,overexpression (root-specific promoter in a heterologous plant host),Environmental Adaptation,Arsenic Sequestration,"Chinese brake fern, Pteris vittata, grows on mine tailings and does something no flowering plant can do: it draws arsenic out of the soil and stockpiles it in its fronds at more than one percent of its dry weight (https://doi.org/10.1105/tpc.109.069773). That is a load that would be lethal in almost any other tissue. The trick is a transporter. Arsenate entering the root is reduced to arsenite on the way up, and PvACR3 — an arsenite efflux permease sitting in the membrane of the vacuole rather than in the cell surface — pushes that arsenite out of the cytosol and into the vacuole, where it is simply stored. The cell never detoxifies the metalloid. It puts it in a box and shuts the lid.

The evolutionary detail is what makes the gene worth exhibiting. ACR3 is present in mosses, lycophytes, other ferns and gymnosperms, and it has been lost in every angiosperm — which includes every crop we eat. Flowering plants threw the machinery away. Putting it back is therefore not the enhancement of an existing capability but the restoration of a discarded one, and in 2025 a group did exactly that: rice transformed with PvACR3 under a rice root-specific promoter became an arsenic pump, hauling the metalloid out of flooded paddy soil and into its own shoots (https://doi.org/10.1016/j.eehl.2025.100168).

That result is a gift for soil cleanup and a disaster for dinner. The transgenic rice inverts the wild-type distribution of arsenic in the plant: wild type keeps most of its arsenic below ground, while the transgenic lines have significantly less in the root and hundreds of milligrams per kilogram in the shoot. For remediation that is the whole point, because the arsenic can be walked off the field in a wheelbarrow. For food it is fatal, because the shoots have to be harvested and disposed of as hazardous biomass before grain filling. Nobody has put this gene into an animal, and the first obstacle is anatomical rather than technical: animal cells have no vacuole to put anything into.","Chinese brake fern can draw arsenic from poisoned soil and lock it inside cellular storage compartments, tolerating more than 1% arsenic by dry weight. Transferring its PvACR3 transporter into rice raised shoot arsenic 19- to 50-fold in hydroponics and removed 23.5 times more from contaminated paddy soil. The harvested, arsenic-loaded shoots must be handled as hazardous remediation biomass.","Arsenate entering the root is reduced to arsenite before or during its journey to the frond. PvACR3 is a roughly 379-amino-acid, 41.6 kDa permease with ten predicted transmembrane helices, a member of the ACR3/ArsB family of arsenite efflux carriers. Its location is the point. In yeast the equivalent protein sits in the plasma membrane and throws arsenite out of the cell, whereas PvACR3 localises to the vacuolar membrane and instead moves arsenite from the cytosol into the vacuole, where the fern keeps it as free arsenite rather than as a glutathione or phytochelatin complex. Pteris vittata carries a duplicated pair of these genes, ACR3 and ACR3;1, and only ACR3 is arsenic-inducible in the tissues that contact soil. The family occurs in mosses, lycophytes, other ferns and gymnosperms but has been lost from every angiosperm lineage, which is the structural reason no flowering plant hyperaccumulates arsenic without help.","Characterisation of the transporter in its native fern established both the phenotype and the causal link. “Gametophytes of the fern Pteris vittata can accumulate and tolerate more than 1% of their dry weight as arsenic”, and RNA interference against ACR3 — but not against its duplicate ACR3;1 — made those gametophytes arsenite-sensitive, while PvACR3 rescued the arsenic-sensitive phenotype of a yeast strain lacking its own ACR3 (Indriolo 2010, https://doi.org/10.1105/tpc.109.069773). Transferred into rice under the root-specific promoter pLsi1, the same gene turned a staple crop into an arsenic pump: in hydroponic culture “pLsi1::PvACR3 lines exhibited 37.1-50.3-fold and 19.2-23.7-fold higher shoot As concentrations than WT under 5 uM (268-364 mg/kg) and 20 uM (452-557 mg/kg) treatments, respectively (p < 0.05)”, against wild-type shoot concentrations of only 7.24 and 23.5 mg/kg (Zhu 2025, https://doi.org/10.1016/j.eehl.2025.100168). The same lines were then grown in flooded pots of moderately arsenic-contaminated paddy soil, where the transgenic rice “removed 23.5 times more As from the same paddy soils” than wild-type rice, reaching 45.9-80.3 mg/kg arsenic in the shoot and almost completely depleting arsenic from the soil pore water when the shoots were harvested before grain filling (Zhu 2025, https://doi.org/10.1016/j.eehl.2025.100168).","T5 (native loss-of-function in the source fern plus heterologous gain-of-function in a crop, demonstrated in both hydroponics and contaminated soil, by multiple laboratories)","No animal has ever received this gene, and the reason is anatomical before it is technical. Mammals handle arsenic by a different route entirely: arsenite methyltransferase (AS3MT) methylates arsenite, and the methylated products leave the body in bile and urine, so mammalian detoxification is chemical modification followed by export rather than storage. Animal cells also have no vacuole, so a mammalian version of this card would have to retarget the transporter to the lysosome, and nobody has attempted that experiment. There is no experimental structure either: the fold of ACR3-family permeases is known only from homology modelling and AlphaFold prediction, so the ten-helix architecture described here is a prediction rather than a measurement. Even within plants the evidence stops at hydroponics and pot trials, and the question of what happens to arsenic-loaded biomass after harvest has not been answered experimentally.",Indriolo The Plant Cell 2010 https://doi.org/10.1105/tpc.109.069773 | Zhu Eco-Environment & Health 2025 https://doi.org/10.1016/j.eehl.2025.100168 | Ma Nature 2001 https://doi.org/10.1038/35054664,"The discovery paper for the hyperaccumulation phenotype is Ma 2001 in Nature (https://doi.org/10.1038/35054664). Its DOI resolves, but the full text could not be retrieved while this record was prepared, so no number in this entry is taken from it and it is listed as a reference only. The commercial picture is unusual for this library: Pteris vittata itself is already planted deliberately for arsenic phytoremediation, so the wild-type version of this enhancement is in field use, while the transgenic rice exists only in laboratory hydroponics and pot experiments (https://doi.org/10.1016/j.eehl.2025.100168). Field deployment has documented limits — Wan and colleagues report that soil texture and climate constrain where fern-based phytoremediation actually works (https://doi.org/10.1016/j.jhazmat.2022.129151). The transporter was isolated and characterised in the Banks laboratory at Purdue University, which also localised it to the vacuolar membrane and showed the gene is absent from all angiosperms (https://doi.org/10.1105/tpc.109.069773). The reference sequence is UniProt E3URE9 (https://www.uniprot.org/uniprotkb/E3URE9); there is no Protein Data Bank entry, so any structural image is a model. There are no clinical trials, and it is worth saying plainly why that is appropriate: this gene concentrates a carcinogenic metalloid rather than eliminating it.",,1
afp_fish,AFP / AFGP,Antifreeze protein transfer,Environmental Adaptation,Antifreeze,"Fish in Arctic and Antarctic water sit below the freezing point of their own body fluids and do not freeze, because their blood carries proteins that bind the faces of nascent ice crystals and arrest their growth. The interesting question for an enhancement project is not whether the trick works in a fish but whether it works in mammalian tissue, and the answer so far is a qualified yes with a clear ceiling. Supplementing standard mouse-ovary vitrification medium with 20 mg/mL of type III antifreeze protein raised the proportion of morphologically intact follicles from 28.9% to 44.7% (https://doi.org/10.3349/ymj.2015.56.3.778), which is a large effect in a field where a few percentage points is a publishable gain. The same group went on to compare three different antifreeze proteins head to head and found that the bacterial-derived LeIBP outperformed both a fungal protein and fish type III, reducing DNA double-strand breaks in the warmed tissue (https://doi.org/10.1371/journal.pone.0126252). Whole organs followed. Korkut Uygun's group at Harvard supercooled human donor livers to -4 degrees Celsius without freezing them, extending the organ's viable time outside a body by roughly 27 hours, and then pushed further into genuinely subzero territory with partial freezing at -10 to -15 degrees Celsius (https://doi.org/10.1038/s41587-019-0223-y, https://doi.org/10.1038/s41467-022-31490-2). A synthetic antifreeze analogue has already been used on human transplant material: a completed phase 1 trial at the Clinical Islet Transplant Program bathed donor islets in 3 mg/mL of the glycopeptide PKX-001 during isolation before transplanting them into recipients (https://clinicaltrials.gov/study/NCT03073577). In a human body carrying the gene rather than the purified protein, the promise would be tissue that tolerates deep cold; the unresolved problems are what chronic exposure to a fish protein does to the immune system, and the fact that more antifreeze protein is not simply better.","Fish antifreeze proteins dock onto tiny ice crystals, stopping their growth and limiting the recrystallisation that tears tissue during warming. Adding type III protein to mouse-ovary vitrification raised intact follicles from 28.9% to 44.7%, while related protocols have prolonged heart and liver preservation. Their best near-term superpower is safer cold storage of cells, reproductive tissue and donor organs.","Antifreeze proteins depress the freezing point non-colligatively, which means they do it without contributing the osmotic load that a chemically equivalent amount of salt or glycerol would. Instead of altering the bulk solution, they adsorb directly onto specific faces of an ice crystal. Because the ice front must then bulge outward between the bound proteins to keep growing, the local curvature raises the energy cost of adding water molecules and growth stalls. The measurable consequence is thermal hysteresis: the solution's melting point stays where it was, while its freezing point drops, opening a temperature window in which ice neither grows nor melts. A second and separately useful activity is ice-recrystallisation inhibition, which matters during warming rather than cooling. Small ice crystals in vitrified tissue would otherwise coalesce into a few large damaging ones as the sample passes back through intermediate temperatures, and antifreeze proteins block that coarsening. Some family members additionally stabilise membranes and ion channels at low temperature, which is thought to contribute to cell survival independently of any effect on ice. The therapeutic reagents span several structural families that share function without sharing ancestry: alanine-rich alpha-helical type I, the disulfide-bonded 14 kDa type II, the compact globular type III used in most of the cryopreservation work, and glycosylated antifreeze glycoproteins.","Transgenic Atlantic salmon carrying a winter flounder antifreeze gene inherited it stably and expressed it on a seasonal cycle. The line was characterised across a programme of work spanning 1991-99, whose definitive report is the 1999 paper (https://doi.org/10.1023/a:1008900812864). Hew and colleagues integrated the genomic clone 2A-7 encoding the liver-type gene wflAFP-6, produced an F3 generation carrying a single copy at a unique integration site, and found antifreeze mRNA restricted to the liver, with serum protein levels highest in November and lowest in May and sera producing the hexagonal ice-crystal morphology that marks genuine antifreeze activity (https://doi.org/10.1023/a:1008900812864). The concentrations reached were nonetheless far below what a fish needs to avoid freezing in seawater, so the transgene conferred the molecule without conferring the phenotype. Plant work told the same story more starkly. Kenward and colleagues expressed type I antifreeze protein in tobacco and found that it accumulated only after the plant was held at 4 degrees Celsius for 24 hours, making expression cold-specific (https://doi.org/10.1007/BF00029012); when they later targeted type II protein to the cytosol and apoplast, active protein reached 2% of total apoplast protein and matched wild-type fish protein in thermal hysteresis activity and ice-crystal morphology, yet field-trialled plants showed no difference in frost resistance from wild type during early autumn frosts (https://doi.org/10.1023/a:1008886629825). Insect antifreeze proteins expressed in Drosophila likewise enhanced cold survival, though I could not resolve that result to a specific paper and it is recorded in this entry without an attribution. In mammals the transgenic line worked better. Bagis and colleagues produced mice carrying the ocean pout type III antifreeze gene, showed stable transmission and transcription with hypothermic storage of transgenic tissues (https://doi.org/10.1002/mrd.20601), and confirmed protein expression in the seventh generation in skin, oviduct, lung, kidney and liver tissue and in serum, though not in heart (https://doi.org/10.1002/jez.455); cryopreserved ovaries and testes from these animals retained function, and orthotopic ovary transplants yielded live offspring. The strongest dose-response data come from mouse ovary vitrification. Working with 182 ovaries from 4-week-old ICR mice and type III antifreeze protein at 0, 5 or 20 mg/mL in the vitrification solution, Lee and colleagues recorded intact follicle ratios of 28.9%, 42.3% and 44.7% respectively, with apoptotic follicle rates falling from 26.6% to 18.7% to 12.6%, and the 20 mg/mL advantage persisted after autotransplantation of the warmed ovaries (https://doi.org/10.3349/ymj.2015.56.3.778). A companion study compared three antifreeze protein types at 0.1, 1 and 10 mg/mL across 5,790 scored follicles from 5-week-old B6D2F1 mice and found the 10 mg/mL LeIBP group best protected, with fewer TUNEL-positive follicles and reduced gamma-H2AX and Rad51 staining indicating fewer DNA double-strand breaks (https://doi.org/10.1371/journal.pone.0126252). Organ preservation scaled the idea up. Amir, Rubinsky and colleagues preserved rat hearts in University of Wisconsin solution at -1.3 degrees Celsius with antifreeze protein I or III present at 15 mg/cm3: hearts held at -1.3 degrees Celsius without antifreeze protein froze and died when nucleation was initiated, while those with it did not freeze and survived (https://doi.org/10.1016/j.cryobiol.2004.02.009), and in a heterotopic transplant series spanning 104 and 58 animals across two protocols, hearts preserved for 18, 21 and 24 hours with type III protein showed superior viability scores, better fractional shortening on echocardiography and less TUNEL-positive apoptosis than hearts held at 4 degrees Celsius (https://doi.org/10.1016/j.healun.2004.11.003). Antifreeze proteins are supplied at clinical grade for oocyte vitrification, and a synthetic small-molecule replica, the antiaging glycopeptide PKX-001, completed a phase 1 islet-transplantation trial in which it was added at 3 mg/mL to CMRL-1066 islet preservation medium during isolation, with washed islets then transplanted intraportally into recipients (https://clinicaltrials.gov/study/NCT03073577). Finally, human whole organs: de Vries and colleagues supercooled human livers to -4 degrees Celsius after homogeneous preconditioning with protective agents during machine perfusion, extending viable ex-vivo time by 27 hours and showing that the livers withstood simulated transplantation by normothermic reperfusion with blood (https://doi.org/10.1038/s41587-019-0223-y). The same group then entered high subzero temperatures of -10 to -15 degrees Celsius by partial freezing, extending rat liver storage five-fold (https://doi.org/10.1038/s41467-022-31490-2) and subsequently to ten days with an optimised protocol using higher polyethylene glycol and bovine serum albumin concentrations (https://doi.org/10.1038/s41598-024-76674-6).","T6 (human ex-vivo organs, IVF cells) + T5 (Tg mice with functional tissue cryopreservation)","No supercooled human liver has yet been transplanted into a recipient. The 27-hour extension was demonstrated on organs that were then rewarmed and tested by normothermic machine reperfusion with blood, which is a strong surrogate for viability but is not a transplant (https://doi.org/10.1038/s41587-019-0223-y). Immunogenicity under chronic exposure is the second gap, and it separates the two use cases sharply: adding a fish protein to a preservation solution for hours is a different proposition from a human body expressing that protein continuously, and no chronic-exposure immunogenicity data exist. The transgenic-animal precedent shows the third gap concretely. Salmon and mice both inherited and expressed the gene, but neither reached serum concentrations approaching what the source fish achieves, so the gene alone did not deliver the trait (https://doi.org/10.1023/a:1008900812864, https://doi.org/10.1002/jez.455). The clinical foothold that does exist uses a synthetic peptide added to a dish, not a gene in a patient: PKX-001 was chosen precisely because full-size antifreeze proteins are too large to pass from capillaries into interstitial tissue and reach target cells (https://clinicaltrials.gov/study/NCT03073577).",Bagis Molecular Reproduction and Development 2006 https://doi.org/10.1002/mrd.20601 | Bagis Journal of Experimental Zoology Part A 2008 https://doi.org/10.1002/jez.455 | Lee Yonsei Medical Journal 2015 https://doi.org/10.3349/ymj.2015.56.3.778 | Lee PLOS ONE 2015 https://doi.org/10.1371/journal.pone.0126252 | de Vries Nature Biotechnology 2019 https://doi.org/10.1038/s41587-019-0223-y | Hew Transgenic Research 1999 https://doi.org/10.1023/a:1008900812864 | Kenward Plant Molecular Biology 1993 https://doi.org/10.1007/BF00029012 | Kenward Transgenic Research 1999 https://doi.org/10.1023/a:1008886629825 | Amir Cryobiology 2004 https://doi.org/10.1016/j.cryobiol.2004.02.009 | Amir The Journal of Heart and Lung Transplantation 2005 https://doi.org/10.1016/j.healun.2004.11.003 | Tessier Nature Communications 2022 https://doi.org/10.1038/s41467-022-31490-2 | Ozgur Scientific Reports 2024 https://doi.org/10.1038/s41598-024-76674-6 | Hobbs Transgenic Research 2007 https://doi.org/10.1007/s11248-007-9128-5,"The dose-response relationship is not monotonic, which is the most practically important caveat in this record. Below the useful concentration the protein does nothing; above it, the same ice-face binding that arrests crystal growth instead templates long ice needles, or spicules, that mechanically damage the tissue. In the mouse ovary series the benefit was still rising at 20 mg/mL (28.9% to 42.3% to 44.7% intact follicles), so the turn has to be established per tissue and per protein rather than assumed (https://doi.org/10.3349/ymj.2015.56.3.778). Transgenic frost tolerance has been inconsistent, and one result is a clean negative that deserves to be stated plainly: type II antifreeze protein accumulated in transgenic tobacco to 2% of total apoplast protein, was indistinguishable from wild-type fish protein in thermal hysteresis activity and ice-crystal morphology, and still conferred no frost resistance in field trials (https://doi.org/10.1023/a:1008886629825). That matters because it decouples the molecule from the phenotype: expressing a functional antifreeze protein at high level in the right compartment was not sufficient, which implies the limiting factor lies in where ice actually nucleates in an intact organism rather than in how much protein is present. It is also worth correcting a common misattribution. The commercially approved AquAdvantage salmon owes its fast-growth phenotype to a Chinook salmon growth hormone gene, not to an antifreeze protein; the ocean pout antifreeze gene contributes only its promoter, which drives constitutive rather than seasonal expression of the growth-hormone transgene (https://doi.org/10.1007/s11248-007-9128-5). Anyone citing that fish as evidence that antifreeze transgenes work in vertebrates is citing the wrong gene.",Stress Resistance,1
aldh3a2_parrot,ALDH3A2,overexpression (level-tuning; the enzyme sets the red/yellow balance),Expression,Pigment Hue Switch,"Parrots come in red and yellow versions of the same bird with unnerving regularity: the dusky lory has a red morph and a yellow morph, lovebirds put red on the face and green on the back, and breeders have been shuffling these colours for generations without knowing what they were shuffling. The answer turns out to be almost embarrassingly simple chemistry. Parrot pigments, the psittacofulvins, are linear conjugated polyene chains, and whether one looks red or yellow depends on what sits at the end of the chain. An aldehyde end group gives red. Oxidise that aldehyde to a carboxylic acid and the same chain gives yellow.

The enzyme that performs the oxidation is not a specialist. ALDH3A2 is the fatty-aldehyde dehydrogenase of ordinary lipid metabolism, present in essentially every cell of the follicle and in every tissue of a vertebrate body, and the parrot has simply recruited it as a colour control. Mapping two species independently pointed at the same locus: in rosy-faced lovebirds the enzyme's transcript tracked the green-versus-red patches within a single bird, and in dusky lories a genome scan across both morphs converged on a variant sitting just past the end of the gene (Arbore 2024, https://doi.org/10.1126/science.adp7710). Yeast supplied the causal test. Running an avian polyketide synthase in a strain with the yeast counterpart of ALDH3A2 deleted, then restored, shifted the end-group chemistry of the pigments exactly as predicted.

What makes this a genuinely different enhancement from making the pigment in the first place is that it is a dial rather than a switch. Because the phenotype comes from how much enzyme is present, not from which enzyme, the carboxyl-to-aldehyde ratio and therefore the hue is continuous, and it is set locally, patch by patch, in late-differentiating keratinocytes. The unavoidable cost is that the dial is wired to something else. Turning a housekeeping lipid enzyme up or down for cosmetic reasons changes fatty-aldehyde clearance in every tissue that expresses it, and human genetics is unambiguous about what happens when this particular enzyme fails.","Parrots use an ordinary lipid-metabolism enzyme as a local colour dial: ALDH3A2 converts red aldehyde-ended psittacofulvins into yellow carboxyl-ended forms. Feather patches differed four- to sixfold in transcript abundance, and genetics in two parrot species plus yeast reconstitution tied the enzyme to the hue shift. Tissue-specific control could tune pigment chemistry continuously rather than merely switch colour on or off.","Parrot plumage colour is set by which chemical form of psittacofulvin is deposited: red psittacofulvins carry an aldehyde end group and yellow ones a carboxyl group. ALDH3A2, aldehyde dehydrogenase 3 family member A2, also known as fatty-aldehyde dehydrogenase (FALDH) and normally responsible for oxidising medium- and long-chain fatty aldehydes, oxidises the aldehyde end group of psittacofulvins to the corresponding carboxylic acid. Because what varies between red and yellow birds is the expression level of the enzyme rather than its protein sequence, the enzyme functions as a continuous dial on the carboxyl-to-aldehyde ratio, and therefore on hue, in late-differentiating keratinocytes of the feather follicle. Yeast reconstitution confirmed the step directly: an avian polyketide synthase construct expressed in a strain with HFD1, the yeast ortholog of ALDH3A2, either knocked out or restored produced the corresponding shift in psittacofulvin end-group chemistry.","Three independent lines of quantification converge on the same enzyme. Bulk RNA sequencing of regenerating feather follicles from eight rosy-faced lovebirds, sampled at three green patches on back, chest and head plus one red patch on the head, found 4-6-fold higher expression in the three green feather patches compared to the red, and chemical analysis of the same feathers showed the green patches carrying a higher carboxyl-to-aldehyde psittacofulvin ratio, which is the direction the mechanism predicts (Arbore 2024, https://doi.org/10.1126/science.adp7710). Independently, whole-genome resequencing of 57 dusky lories spanning both colour morphs (red n = 35, yellow n = 22, at mean depth 11.5 +/- 4.8x) identified three associated variants inside a 284 bp interval, of which one SNP (scaffold_13:6,288,712T>C) showed a markedly stronger association with color ( P = 6 x 10 -14 ), sitting in non-coding sequence 42 bp downstream of the longest ALDH3A2 transcript (https://doi.org/10.1126/science.adp7710). Allele-specific expression closed the loop within individual birds: bulk RNA sequencing plus full-length long-read transcriptomes of regenerating follicles from red (n = 3) and yellow (n = 3) lories showed the two alleles transcribed unequally at 71% yellow vs. 29% red , chi 2 , P = 0.03 (https://doi.org/10.1126/science.adp7710). Single-cell and single-nucleus chromatin-accessibility profiling localised the activity to the follicle, and the yeast knockout and knock-in experiments demonstrated the enzymatic conversion itself.","T5 (association mapping in two parrot species, allele-specific expression, single-cell and snATAC-seq localisation, plus yeast knockout/knock-in reconstitution of the enzymatic step)","The yeast experiments demonstrate the chemical conversion only qualitatively. Products were identified by ultra-high-performance liquid chromatography with high-resolution accurate-mass quadrupole time-of-flight mass spectrometry, but the study reports no conversion percentage and no kinetic constants, so the efficiency of the step is unmeasured. The causal variant is regulatory and non-coding, lying 42 base pairs downstream of the transcript, which means that reproducing the phenotype requires reconstructing a cis-regulatory context in the right cell type rather than simply delivering a complementary DNA. The association is also not absolute: the lead variant matched phenotype in 98% of individuals rather than in all of them, and five individuals were discordant at the two flanking variants, so at least one additional modifier is unaccounted for. Nothing has been attempted in a mammal, and any mammalian attempt inherits the problem that the enhancement requires psittacofulvins to be present in the first place, which no mammal makes.",Arbore Science 2024 https://doi.org/10.1126/science.adp7710,"This card is deliberately paired with the budgerigar polyketide synthase entry as the downstream hue-control step acting on the same pigment chemistry, but it is a separate gene doing separate chemistry: aldehyde oxidation of a finished chain rather than synthesis of the chain (https://doi.org/10.1126/science.adp7710). No parrot ALDH3A2 UniProt accession could be retrieved. UniProt returns avian ALDH3A2 entries for chicken, quail and kakapo (Strigops habroptila, A0A672UIG9, https://www.uniprot.org/uniprotkb/A0A672UIG9) among others, but none for Agapornis roseicollis or for the dusky lory, so the kakapo protein is the nearest psittacine reference sequence and should be labelled as a cross-species substitute rather than as the lovebird enzyme. A methodological detail worth knowing before anyone tries to repeat the yeast work: the strain background was Saccharomyces cerevisiae BJ5464-NpgA, and the polyketide synthase used was the chicken enzyme (LOC420486) rather than the budgerigar one, because it gave higher polyketide yields. There is a direction trap in the clinical literature. ALDH3A2 appears there only as the Sjogren-Larsson syndrome disease gene, where loss of function causes ichthyosis, spastic diplegia and intellectual disability, which is the opposite framing from this card's gain-of-expression enhancement; no trial administers or upregulates the enzyme, and none tests the colour phenotype.",,0
angptl3_base_edit,ANGPTL3,base editing knockout (adenine base editor delivered by GalNAc-lipid nanoparticle to hepatocytes); also natural loss-of-function,Longevity & Genome,Triglyceride Control,"ANGPTL3 was found the way several of the best lipid targets were found: by noticing people who were unusually healthy. Sequencing across the DiscovEHR cohort turned up 246 heterozygotes among European-ancestry participants, roughly 1 in 237, whose blood carried about half the normal amount of the protein and correspondingly less fat - and who reached the clinic with coronary artery disease considerably less often than everyone else (Dewey 2017, https://doi.org/10.1056/NEJMoa1612790). The protein is a hepatokine, made by the liver and released into blood, where it does nothing more complicated than sit on two enzymes and stop them working: lipoprotein lipase and endothelial lipase, the machines that strip triglycerides out of circulating lipoproteins. Remove the brake and both lipases run faster. What lifted this from an interesting genotype to a clinical program is a property that sounds technical and is actually decisive: the LDL-lowering half of the effect does not need the LDL receptor. For a patient with homozygous familial hypercholesterolaemia, whose LDL receptors do not work at all, statins and PCSK9 inhibitors have little to push against - the entire mechanism they rely on is missing. ANGPTL3 loss bypasses it. Getting an editor into such a liver posed its own version of the same problem, because the standard lipid nanoparticle also arrives via the LDL receptor. The fix was to decorate the particle with GalNAc sugar so it docks instead on the asialoglycoprotein receptor, and it worked spectacularly in LDL-receptor-deficient monkeys (Kasiewicz 2023, https://doi.org/10.1038/s41467-023-37465-1). Two companies are now doing this in living patients. Both trials are single-ascending-dose, both are primarily asking whether it is safe, and both write a change into the genome that no one yet knows how to undo.","Silencing ANGPTL3 releases the enzymes that clear triglyceride-rich particles and lowers LDL cholesterol through a route that does not require the LDL receptor. Natural loss-of-function carriers have 27% lower triglycerides and 41% lower odds of coronary artery disease. In LDL-receptor-deficient monkeys, a liver-targeted editor reduced circulating ANGPTL3 by up to 89% for six months, and first-in-human editor trials are underway.","ANGPTL3, angiopoietin-like protein 3, is a 460-amino-acid hepatokine: the liver makes it and secretes it into the bloodstream, where it inhibits two enzymes that hydrolyse circulating fat, lipoprotein lipase and endothelial lipase. Losing the protein de-represses both, so triglyceride-rich lipoproteins are broken down faster and their remnants cleared sooner. The LDL-cholesterol-lowering arm of the effect does not require the LDL receptor, and that independence is the whole clinical rationale, because it makes the mechanism usable in homozygous familial hypercholesterolaemia where the LDL-receptor route is simply absent. The therapeutic version installs the loss permanently instead of inhibiting the protein repeatedly. An adenine base editor - a Cas9 protein fused to a deaminase, supplied as messenger RNA together with a guide RNA - is packaged inside a lipid nanoparticle whose surface carries an N-acetylgalactosamine (GalNAc) ligand. That ligand binds the asialoglycoprotein receptor on hepatocytes, giving the particle a way into liver cells that does not depend on the LDL receptor. Once inside, the editor converts a single adenine to guanine at a splice or coding position, disrupting the gene without cutting both DNA strands, so one infusion produces a knockout that persists as the cell divides rather than a drug level that has to be maintained.","Humans born with one inactive copy of the gene have ""27% lower triglyceride levels than noncarriers (P = 2.5x10-21), 9% lower LDL cholesterol levels (P = 2.8x10-5), and 4% lower HDL cholesterol levels (P = 0.02)"", and ""a 41% lower odds of coronary artery disease (adjusted odds ratio for any loss-of-function variant, 0.59; 95% confidence interval [CI], 0.41 to 0.85; P = 0.004)"" across up to 45,226 DiscovEHR participants (Dewey 2017, https://doi.org/10.1056/NEJMoa1612790). The same study puts carrier frequency at 1 in 237 participants of European ancestry and confirms haploinsufficiency biochemically, with median protein of 50 ng/mL in 125 carriers against 99 ng/mL in 53 matched noncarriers (P = 9.4x10-16); the myocardial-infarction arm, however, was only numerically lower (odds ratio 0.66, 95% CI 0.39 to 1.06, P = 0.09) and should not be cited as a significant benefit. On the therapeutic side, adding a GalNAc ligand to the lipid nanoparticle ""increased liver editing from 5% to 61% with minimal editing in nontargeted tissues"" in LDL-receptor-deficient monkeys, produced ""durable blood ANGPTL3 protein reduction up to 89% six months post dosing"" against 13% for a standard particle, and drove blood LDL cholesterol down by 35% - roughly a 100 mg/dL absolute fall - stable for three months (Kasiewicz 2023, https://doi.org/10.1038/s41467-023-37465-1). Specificity and dose-sensitivity were both quantified in the same work: across 17 additional sites and tissues, editing outside the liver stayed under 2%, while in Ldlr-knockout mice ""as little as 0.01 mol % GalNAc-Lipid substantially rescued editing to a mean of 26.3%"" from 1.3% with none at all, and 0.05 mol % gave the best result of 31.4%, with higher ligand densities performing worse.","T9 (human clinical - two independent Phase 1 in vivo gene-editing trials actively recruiting, backed by human loss-of-function genetics n>58,000 and single-dose nonhuman-primate durability to 6 months)","Neither editing trial has released human efficacy data. VERVE-201's Phase 1b primary endpoint is safety - treatment-emergent and serious adverse events through Day 365 - and the numbers a visitor would care about, percent change in serum ANGPTL3, LDL cholesterol and triglycerides, are secondary endpoints only (https://clinicaltrials.gov/study/NCT06451770). Durability in monkeys has been shown to six months and no further, so anyone claiming a lifelong knockout is extrapolating from half a year of primate data. The permanence works in both directions: because the editor rewrites hepatocyte DNA rather than occupying a protein, there is no dose to reduce and no way to restore the gene if a recipient later needs their lipid transport intact, for instance during a wasting illness or a pregnancy. Most importantly, no outcome trial exists for any ANGPTL3 editor, so the claim that editing prevents heart attacks rests entirely on carrier genetics - an odds ratio of 0.59 for coronary artery disease in people who were born this way (https://doi.org/10.1056/NEJMoa1612790) - rather than on any edited human having avoided an event.",Dewey New England Journal of Medicine 2017 https://doi.org/10.1056/NEJMoa1612790 | Kasiewicz Nature Communications 2023 https://doi.org/10.1038/s41467-023-37465-1 | Pinzon Grimaldos Journal of Translational Medicine 2025 https://doi.org/10.1186/s12967-025-07448-5,"A direction audit matters here, because the registry is crowded with the opposite modality. Of 46 ClinicalTrials.gov records returned for ANGPTL3, only two are gene-editing interventions in which the gene itself is the treatment: VERVE-201 (https://clinicaltrials.gov/study/NCT06451770), base editing, and CTX310 (https://clinicaltrials.gov/study/NCT07491172), a Cas9 nuclease. The remainder are antisense and small interfering RNA agents (vupanorsen, zodasiran/ARO-ANG3, olezarsen-class, ALN-ANG3, solbinsiran), the approved antibody evinacumab (https://clinicaltrials.gov/study/NCT03452228), observational carrier studies such as the University of Pennsylvania physiology protocol (https://clinicaltrials.gov/study/NCT04234724), and a long tail of records where the protein was merely measured as a biomarker, including pecan- and cottonseed-oil feeding studies and a ketogenic-diet trial. Two Novartis cartilage-regeneration trials of LNA043 also surface in these searches and have nothing to do with this gene. Verve's earlier VERVE-101 and VERVE-102 programs target PCSK9, not ANGPTL3, and should not be conflated with the separate pcsk9_edit entry in this library. On the biology of the low-lipid state itself, a 2025 study of familial combined hypolipidemia type 2 reports that lipid deprivation amplifies type I interferon responses in monocytes through altered protein prenylation, meaning the immune cells of a lipid-poor body behave measurably differently (Pinzon Grimaldos 2025, https://doi.org/10.1186/s12967-025-07448-5). Pharmacological inhibition of the same pathway is already approved: evinacumab (Evkeeza, Regeneron) is licensed for homozygous familial hypercholesterolaemia, a different modality reaching the same axis. Reference structures are UniProt Q9Y5C1 (https://www.uniprot.org/uniprotkb/Q9Y5C1) and the single solved structure PDB 6EUA (https://www.rcsb.org/structure/6EUA). One cross-entry collision belongs in this record as much as in the other one. The GalNAc ligand that carries this editor into hepatocytes docks on the asialoglycoprotein receptor, whose major subunit is the product of ASGR1 (Kasiewicz 2023, https://doi.org/10.1038/s41467-023-37465-1). The separate asgr1_lof entry in this library sells loss of that subunit as a cardiovascular benefit, so a visitor who buys both has removed the docking site this delivery route depends on, and has built a contradiction rather than a stack.",,1
apoc3_lof,APOC3,Loss-of-function knockout (human null variants R19X / IVS2+1G>A / IVS3+1G>T),Longevity & Genome,Triglyceride Clearance,"Most cardiovascular genetics is about cholesterol. This one is about the other half of the lipid problem: the fat-laden particles that leave the gut and liver after a meal, and how fast the body takes them apart. Apolipoprotein C-III is a small protein that rides on those particles and acts as a brake, blocking the enzyme that hydrolyses their triglyceride in the capillary bed and slowing their removal by the liver. Some people are born without a working copy of it, and the brake is never installed.

In 2014 two research groups arrived at the same answer from opposite directions in the same issue of the same journal. One sequenced the exomes of thousands of Americans, found four rare loss-of-function variants in the gene, and tested them against coronary disease in 110,970 people. The other went through 75,725 participants of two Danish population studies with 10,797 incident vascular events on the books. Carriers had triglycerides 39% and 44% lower respectively, and their risk of coronary heart disease was 40% lower in the American cohort and 41% lower for ischemic vascular disease in the Danish one. That kind of agreement between an exome-sequencing study and a population cohort is unusually strong replication for a rare-variant result.

What makes this card different from most of the library is that the enhancement is already for sale, and the FDA has read the file. Ionis Pharmaceuticals built an antisense oligonucleotide that finds the messenger RNA for this protein inside hepatocytes and destroys it — a pharmacological imitation of being born a carrier — and sells it as TRYNGOLZA for familial chylomicronemia syndrome and severe hypertriglyceridemia. Arrowhead reached the same target by RNA interference with plozasiran. A visitor buying this gene is buying a phenotype that roughly one person in 150 already has, that two independent cohorts of a hundred thousand people agree about, and that two companies have independently turned into a product.","Removing one copy of APOC3 releases a brake on the clearance of triglyceride-rich particles after meals. Natural loss-of-function carriers have about 39% lower triglycerides and roughly 40% lower coronary heart disease risk, making this one of the clearest protective human genotypes in lipid biology. Approved RNA-targeting medicines now reproduce the same direction of change without permanently altering DNA.","Apolipoprotein C-III (apoC-III) is a 99-amino-acid protein secreted by liver and intestine that coats chylomicrons and very-low-density lipoprotein (VLDL). It works as a double brake on the clearance of triglyceride-rich lipoproteins: it inhibits lipoprotein lipase (LPL), the enzyme that hydrolyses triglyceride as those particles pass through the capillary bed, and it inhibits hepatic uptake of the leftover remnant particles through the low-density lipoprotein receptor (LDLR) and LDL receptor-related protein 1 (LRP1). Nonsense and splice-site null alleles remove the inhibitor altogether, so LPL runs unopposed and remnants are cleared faster. Because that clearance route is driven by LPL and remnant receptors rather than by the LDL receptor pathway, low-density lipoprotein cholesterol is essentially unchanged — the cardiovascular protection arrives entirely through the triglyceride-rich lipoprotein axis. The antisense and RNA-interference drugs reproduce the same state by destroying the messenger RNA in hepatocytes rather than by altering the gene.","Exome sequencing of 18,666 genes in 3,734 participants identified rare loss-of-function variants in APOC3, and follow-up association testing in 110,970 people compared 498 carriers against 110,472 noncarriers. Triglyceride levels in carriers were 39% lower than in noncarriers (P<1×10^-20), circulating apoC-III was 46% lower (P=8×10^-10), and coronary heart disease risk was 40% lower, with an odds ratio of 0.60 (95% CI 0.47–0.75; P=4×10^-6); about one person in 150 carried one of the four variants (Crosby / TG-HDL Working Group 2014, https://doi.org/10.1056/NEJMoa1307095). Independently, 75,725 participants of the Copenhagen City Heart Study and Copenhagen General Population Study, contributing 10,797 incident ischemic vascular disease events, showed a mean reduction in nonfasting triglycerides of 44% (P<0.001) in heterozygotes, a 41% lower risk of ischemic vascular disease (hazard ratio 0.59; 95% CI 0.41–0.86; P=0.007) and a 36% lower risk of ischemic heart disease (HR 0.64; 95% CI 0.41–0.99; P=0.04) (Jørgensen 2014, https://doi.org/10.1056/NEJMoa1308027). The pharmacological phenocopy has since been tested head-to-head against placebo: in Bridge-TIMI 73a, a phase 2b randomized trial in 154 patients at 24 North American sites with a median baseline triglyceride of 241.5 mg/dL, olezarsen reduced triglycerides by 49.3 percentage points at 50 mg and 53.1 percentage points at 80 mg relative to placebo over six months (P<0.001 for both) (Bergmark 2024, https://doi.org/10.1056/NEJMoa2402309).","T8 (human loss-of-function genetics in more than 180,000 people, replicated across two independent cohorts, plus an FDA-approved drug that phenocopies the allele)","The 40% reduction in coronary heart disease is a property of the germline allele, measured in people who were born without the protein and lived their whole lives that way. The drugs deliver a comparable triglyceride reduction over months rather than decades, and cardiovascular outcome trials for apoC-III lowering have not yet reported, so nobody has yet shown that starting the knockdown in middle age buys the same protection from heart attacks. Full biallelic APOC3 deficiency in humans is very rare and its long-term phenotype is essentially uncharacterised, which means the exhibit's version of this gene — both copies gone — is less well described in humans than the single-copy version the epidemiology rests on. The approved indications are also narrower than the enhancement framing: the label covers familial chylomicronemia syndrome and severe hypertriglyceridemia, not primary prevention in healthy people.",The TG and HDL Working Group of the Exom New England Journal of Medicine 2014 https://doi.org/10.1056/NEJMoa1307095 | Jørgensen New England Journal of Medicine 2014 https://doi.org/10.1056/NEJMoa1308027 | Bergmark New England Journal of Medicine 2024 https://doi.org/10.1056/NEJMoa2402309,"The two 2014 papers reached the same conclusion by different routes — United States exome sequencing (https://doi.org/10.1056/NEJMoa1307095) versus Danish population cohorts (https://doi.org/10.1056/NEJMoa1308027) — which is unusually strong replication for a rare-variant association. Two companies now sell an apoC-III-lowering agent by different modalities: olezarsen is a GalNAc-conjugated antisense oligonucleotide approved as TRYNGOLZA under NDA 218614 (Ionis), given as a monthly subcutaneous injection at 80 mg for familial chylomicronemia syndrome and 50 mg for severe hypertriglyceridemia, and plozasiran is a quarterly small interfering RNA marketed by Arrowhead as REDEMPLO. The pivotal records are the Balance phase 3 study (https://clinicaltrials.gov/study/NCT04568434) and PALISADE (https://clinicaltrials.gov/study/NCT05089084), with further phase 3 recruitment ongoing (https://clinicaltrials.gov/study/NCT07727538). Where the literature disagrees is on which agent is better: matching-adjusted indirect comparisons find no statistically significant efficacy difference between olezarsen and either volanesorsen or plozasiran in familial chylomicronemia syndrome (https://doi.org/10.57264/cer-2026-0069 and https://doi.org/10.1016/j.jacl.2026.05.001), so claims of superiority between these drugs are not currently supported.",,1
apoe_edit,APOE,E4→E2 base editing conversion,Longevity & Genome,Neurodegeneration Shield,"One woman in Colombia should have lost her memory in her forties. She carried PSEN1-E280A, the mutation that runs through the world's largest known autosomal dominant Alzheimer's kindred, about 1,200 identified carriers within an extended family that this record gives as over 6000 members around Medellin, and which in that family reliably produces mild cognitive impairment in the mid-forties. She reached her seventies intact, roughly 30 years late. When Arboleda-Velasquez and colleagues worked out why, they found two copies of an extraordinarily rare APOE3 variant, Christchurch, in which arginine 136 is replaced by serine; her brain carried an unusually heavy amyloid burden but strikingly limited tau tangles and little neurodegeneration (https://doi.org/10.1038/s41591-019-0611-3). That single case reframed the field, because it separated amyloid from the downstream damage and pointed at APOE as the switch between them. The cell-biology groundwork was already in place. In 2018 Wang and colleagues in Yadong Huang's group showed that human induced pluripotent stem cell-derived neurons homozygous for APOE4 carried elevated phosphorylated tau independent of their increased amyloid-beta production and lost GABAergic neurons, and that converting APOE4 to APOE3 by gene editing rescued all of those phenotypes (https://doi.org/10.1038/s41591-018-0004-z). In 2023 Nelson and colleagues closed the loop by engineering the R136S change into APOE4 itself, in both human stem-cell neurons and mice, and found that the homozygous edit protected against APOE4-driven tau pathology, neurodegeneration and neuroinflammation (https://doi.org/10.1038/s41593-023-01480-8). Editing a patient's APOE4 alleles toward a protective form is now arguably the sharpest genetic target in Alzheimer's prevention. Two things stand in the way. Nobody has achieved a brain-wide APOE edit in a living animal, and the obvious protective allele carries a metabolic penalty of its own: APOE2 homozygosity raises the risk of a lipid disorder that clogs arteries.","Rewriting a high-risk APOE form could change how the brain handles amyloid, tau and lipid transport. A rare APOE3 Christchurch variant delayed cognitive symptoms by about 30 years in one person carrying a dominant Alzheimer-causing mutation, while engineered neurons and mice show reduced pathology. The appeal is unusually direct: convert a major inherited risk factor into a more protective molecular environment.","Apolipoprotein E is a 299-amino-acid secreted glycoprotein that carries cholesterol and phospholipid between cells; in the brain, astrocytes are the main source and neurons the main customer. The three common human alleles differ at just two positions: E4 has arginine at both 112 and 158, E3 has cysteine at 112 and arginine at 158, and E2 has cysteine at both. Those substitutions change the protein's conformation. In E4, arginine 112 permits a salt bridge that draws the N-terminal and C-terminal domains together, and this domain interaction is the structural basis proposed for E4's toxicity, which is why small molecules that break it are called structure correctors (https://doi.org/10.1038/s41591-018-0004-z). Functionally, E4 promotes amyloid-beta aggregation and impairs its clearance through the LRP1 receptor and heparan sulfate proteoglycan (HSPG) routes, and it independently raises tau phosphorylation, an effect that persists in stem-cell neurons even when amyloid-beta production is pharmacologically suppressed. The Christchurch variant is a different kind of change: R136S sits in the receptor-binding region and weakens the protein's interaction with heparan sulfate proteoglycans, which reduces HSPG-dependent uptake of extracellular tau into neurons, preserves lipid handling by microglia and dampens neuroinflammation. In stem-cell neurons the effect on tau uptake is direct: homozygous R136S neurons already showed reduced uptake of labelled tau, and treating APOE4 neurons with heparin, which blocks the same interaction, lowered uptake by about 40% to levels indistinguishable from the edited or APOE-knockout cells (https://doi.org/10.1038/s41593-023-01480-8). E2 achieves partly overlapping protection through the same receptor-binding weakness.","Wang and colleagues generated human induced pluripotent stem cell-derived neurons homozygous for APOE4 and found higher levels of phosphorylated tau that were unrelated to their increased amyloid-beta production, together with degeneration and loss of GABAergic neurons confirmed by immunofluorescent staining against isogenic APOE3 lines; converting APOE4 to APOE3 by gene editing rescued each of these phenotypes, and neurons lacking APOE entirely behaved like APOE3 neurons while reintroducing APOE4 recapitulated the pathology, establishing the effect as a gain of toxic function rather than a loss of protection. Treating APOE4 neurons with beta-secretase or gamma-secretase inhibitors cut amyloid-beta levels by more than 95%, yet phosphorylated tau was unaffected, which is the direct evidence that the tau effect is amyloid-independent; a small-molecule structure corrector ameliorated the detrimental effects (https://doi.org/10.1038/s41591-018-0004-z). Nelson and colleagues engineered the R136S mutation into APOE4 in human stem-cell neurons and in mice. Homozygous APOE4-R136S neurons showed roughly a 40% reduction in phosphorylated tau relative to APOE4 neurons, while heterozygous R136S neurons showed no such reduction; in PS19 tauopathy mice carrying human APOE, the APOE4 animals had significantly reduced hippocampal volume at 10 months against wild-type and APOE3 controls, and hippocampal atrophy in the homozygous R136S animals was reduced to levels comparable with wild-type and APOE3, alongside reduced neuroinflammation (https://doi.org/10.1038/s41593-023-01480-8). Arboleda-Velasquez and colleagues reported the clinical case: a PSEN1-E280A carrier from a kindred of roughly 1,200 identified Colombian mutation carriers, drawn from an extended family the record gives as over 6000 members, who did not develop mild cognitive impairment until her seventies, roughly 30 years after the expected age of clinical onset, homozygous for APOE3-Christchurch (R136S), with unusually high brain amyloid but limited tau, tangle and neurodegeneration measures (https://doi.org/10.1038/s41591-019-0611-3). Two papers published in 2025 extended the approach into living animals. Golden and colleagues built an inducible knock-in mouse that synthesises E4 at baseline and E2 after tamoxifen; a whole-body allelic switch produced a metabolic profile resembling human E2/E2 and, on the 5xFAD background, an astrocyte-specific E4-to-E2 switch improved cognition, decreased amyloid pathology, lowered gliosis and reduced plaque-associated apolipoprotein E (https://doi.org/10.1038/s41593-025-02094-y). Zheng and colleagues used focused ultrasound to transiently open the blood-brain barrier and deliver an all-in-one CRISPR-based AAV vector intravenously at 1.5 x 10^12 viral genomes per mouse, achieving 12.6% knockdown of humanised APOE4 expression in the targeted hippocampus with more than a 20% fall in apoE4 protein and significant reductions in astrocyte and microglia levels (https://doi.org/10.1002/alz.70464).",T6,"No brain-wide APOE edit has been achieved in any animal. The two in-vivo 2025 results define the current ceiling and both fall short of it in instructive ways: the allelic-switch mouse works because the switch is built into the genome and triggered pharmacologically rather than delivered, which is not an option in a patient (https://doi.org/10.1038/s41593-025-02094-y), and the focused-ultrasound delivery that is translatable in principle reached only 12.6% knockdown of APOE4 expression in a single targeted hippocampus (https://doi.org/10.1002/alz.70464). Getting an editor across the blood-brain barrier at therapeutic coverage, by adeno-associated virus or lipid nanoparticle, is therefore the central unsolved problem. Off-target base editing is the second: APOE3 and APOE4 differ by a single base, so the edit demands precision at a site where the wrong outcome is permanent. Mosaicism is the third, since partial editing leaves a mixed population of astrocytes whose net effect on amyloid and tau handling is unmeasured. And the destination allele carries its own risk: roughly 5 to 10% of APOE2 homozygotes develop type III hyperlipoproteinaemia, so switching a patient from E4 to E2 trades a neurodegenerative risk for a cardiovascular one. The only registered trial in this record is not a gene-editing study at all: a completed 380-participant phase 2 dose-ranging study of the 5-HT6 antagonist SB-742457 in Alzheimer's disease, which began enrolling in the autumn of 2005, in which APOE appears among the measures rather than as the intervention (https://clinicaltrials.gov/study/NCT00224497).",Wang Nature Medicine 2018 https://doi.org/10.1038/s41591-018-0004-z | Arboleda-Velasquez Nature Medicine 2019 https://doi.org/10.1038/s41591-019-0611-3 | Nelson Nature Neuroscience 2023 https://doi.org/10.1038/s41593-023-01480-8 | Golden Nature Neuroscience 2025 https://doi.org/10.1038/s41593-025-02094-y | Zheng Alzheimer's & Dementia 2025 https://doi.org/10.1002/alz.70464 | Chen Neuron 2018 https://doi.org/10.1016/j.neuron.2018.05.007,"Several caveats bear directly on whether this edit would work in a human. APOE2 homozygosity carries its own risk, with roughly 5 to 10% of E2 homozygotes developing type III hyperlipoproteinaemia, so the protective allele is not free. The Christchurch evidence is a single case, which is the sharpest limitation in the record: the variant is extraordinarily rare, and one patient, however thoroughly characterised, cannot establish an effect size (https://doi.org/10.1038/s41591-019-0611-3). That case also sits on a different genetic background from the intended therapeutic target. The Colombian woman was APOE3-Christchurch, not APOE4-Christchurch, so the proposition that R136S rescues an E4 background rests on the engineered mouse and stem-cell work rather than on any human observation (https://doi.org/10.1038/s41593-023-01480-8). Species specificity is a further complication and cuts against relying on mouse models: APOE4 increased amyloid-beta production in human neurons but not in mouse neurons (https://doi.org/10.1038/s41591-018-0004-z), so a mouse cannot report on the amyloid arm of the mechanism. Finally, the protection is dose-dependent in a way that matters for any editing strategy that achieves partial conversion: heterozygous R136S neurons did not show the reduction in phosphorylated tau that homozygous neurons did, so a one-allele edit may deliver little or nothing (https://doi.org/10.1038/s41593-023-01480-8). One bookkeeping note: this gene's record also carries https://doi.org/10.1016/j.neuron.2018.05.007, which resolves in Crossref to a 2018 Neuron paper by Chen and colleagues titled 'It's About Time: Temporal Dynamics of Dentate Gyrus Pattern Separation', a paper unrelated to APOE (https://doi.org/10.1016/j.neuron.2018.05.007). It is retained in key_references because the house rules require keeping every DOI already present, but no claim in this entry rests on it.",,1
aqp1,AQP1,Overexpression,Environmental Adaptation,Water Transport,"Aquaporins are membrane pores so narrow that water crosses them in single file, which is how a cell moves water about ten times faster than plain diffusion would allow while still excluding ions and protons. Peter Agre shared the 2003 Nobel Prize in Chemistry for identifying them, and the experiment that settled the matter was elegantly simple: inject frog eggs with RNA encoding the red-cell protein CHIP28, and the eggs swell as water rushes in, an effect reversibly blocked by mercuric chloride (https://doi.org/10.1126/science.256.5055.385). Deleting the gene in mice produces a real and measurable phenotype. The animals cannot concentrate their urine and become severely dehydrated and lethargic when water is withheld (https://doi.org/10.1074/jbc.273.8.4296). The same defect in humans is a curiosity rather than a disease: people of the Colton-null blood group lack aquaporin-1 and are grossly normal. The Australian water-holding frog Cyclorana platycephala survives months of drought sealed in a cocoon, and is frequently invoked as carrying a supercharged aquaporin-1 worth transplanting into a human. Here the chain of evidence breaks at its first link: the frog's own aquaporin-1 has never been cloned, sequenced or functionally characterised. What has actually been measured in the frog is whole-animal water balance, and the animal's survival strategy turns out to rest on the cocoon, on metabolic depression and on bladder water storage rather than on any single channel (https://doi.org/10.1086/523856). Worse for the premise, the one aestivating vertebrate in which branchial aquaporin-1 expression has been measured through dormancy shows it going down, not up (https://doi.org/10.3389/fphys.2016.00532). This entry is therefore best read as a case study in how a plausible enhancement story can be assembled entirely from sources that do not support it.","AQP1 forms high-speed water channels in kidney and vascular cells, helping the body move water where it is needed during dehydration. Knockout mice lose about 35% of body weight after 36 hours without water, which establishes the channel is required for fluid conservation but not that extra copies help. A drought-frog-inspired enhancement would need a defined frog variant and careful kidney-specific tuning, neither yet established.","Aquaporin-1 is a constitutively active, water-selective channel. Four identical subunits assemble into a tetramer in the membrane, and each subunit forms its own pore, so one tetramer carries four independent conduction pathways. The pore's selectivity comes from two features in series: a constriction, the aromatic/arginine region, whose diameter admits a single water molecule at a time and whose fixed positive charge repels protons, and a pair of asparagine-proline-alanine motifs whose carbonyl groups hand each water molecule along by hydrogen bonding while forcing a reorientation that breaks the proton-hopping chain. The result is a channel that conducts water at near diffusion-limited rates while excluding ions, including the hydronium ion that would otherwise short-circuit the membrane potential. Unlike aquaporin-2, whose surface abundance is controlled by vasopressin, aquaporin-1 is not gated or trafficked on demand; it is always open, and physiological control is exerted through where and how much of it a tissue makes. In mammals it is expressed almost everywhere, with the highest densities in the renal proximal tubule and descending limb of Henle, in vasa recta endothelium and in erythrocytes, which is why deleting it specifically breaks the countercurrent multiplication that concentrates urine (https://doi.org/10.1074/jbc.273.8.4296).","The founding experiment on aquaporin-1 generally is the 1992 demonstration by Preston and colleagues that Xenopus laevis oocytes microinjected with in-vitro-transcribed CHIP28 RNA acquired increased osmotic water permeability, a rise conventionally quoted as 10 to 20-fold, reversibly inhibited by mercuric chloride, establishing CHIP28 as a functional water channel (https://doi.org/10.1126/science.256.5055.385). The knockout phenotype was established by Ma, Verkman and colleagues, who disrupted the gene in mice and found osmotic water permeability in proximal tubule membrane vesicles reduced eight-fold relative to wild type; after 36 hours of water deprivation the knockout animals became severely dehydrated and lethargic, body weight fell by 35 ± 2% against 20 to 22% in wild-type and heterozygous littermates, serum osmolality rose above 500 mOsm while wild-type stayed at 310 to 330 mOsm, and urine osmolality of 657 ± 59 mOsm failed to rise at all and could not be raised by the V2 agonist DDAVP (https://doi.org/10.1074/jbc.273.8.4296). Follow-up micropuncture work in the same knockout line found unanaesthetised animals drinking 2.8 times more fluid than wild type with baseline urine osmolality of 505 ± 40 mOsm against 1081 ± 68 mOsm in wild type, and transepithelial osmotic water permeability in isolated microperfused S2 proximal tubule segments of 0.033 ± 0.005 cm/s against 0.15 ± 0.03 cm/s, a reduction of roughly five-fold, alongside the 5 to 8-fold proximal-tubule permeability deficits reported for this line (https://doi.org/10.1073/pnas.95.16.9660). Humans of the Colton-null blood group, who lack the protein, are subclinical. Against that mammalian background, the source-organism side of this entry is empty: the Cyclorana-specific aquaporin-1 has not been cloned and has not been functionally characterised, and all published work on the frog is whole-animal physiology. Cartledge, Withers and Bradshaw followed cocooned Cyclorana platycephala through a 15-month aestivation and found the frogs losing up to 36 ± 6.5% of initial standard mass, plasma osmolality climbing to 487 mOsm/kg by the ninth month and then holding stable to the fifteenth, and urine osmolality continuing to rise until plasma and urine were isosmotic, with the pattern of slow plasma concentration indicating that bladder water was being drawn on to defend circulating volume (https://doi.org/10.1086/523856). Bladder water storage in cocooning frogs of this kind has been reported at up to 50 to 60% of body mass, a figure carried in this record from the earlier text that I could not trace to the Cartledge paper or to another source. Desiccation tolerance in this animal is therefore a composite of the cocoon, metabolic depression, bladder storage, urea accumulation and skin-type water channels, not aquaporin-1 acting alone.",T7 for mammalian endogenous AQP1 (Colton-null); T0–T1 for Cyclorana-specific AQP1,"The entire frog-to-human enhancement chain is missing its first link. No Cyclorana aquaporin cDNA has been published, so there is no sequence to synthesise; with no sequence there has been no heterologous expression in any mammalian system, and with no expression there is no functional measurement showing the frog protein outperforms the human one. Even if that work were done, the mammalian baseline sets a low ceiling on what a gain-of-function could deliver: humans who lack aquaporin-1 entirely are essentially asymptomatic, which argues that this channel is not the rate-limiting step in human water retention (https://doi.org/10.1074/jbc.273.8.4296). The registered trials that mention aquaporins measure them rather than treat with them, and none tests water retention: an international paediatric peritoneal biobank collecting biopsy samples from 500 participants (https://clinicaltrials.gov/study/NCT01893710), a 407-participant renal cell carcinoma biomarker study (https://clinicaltrials.gov/study/NCT02923284) and a 200-participant study of renal progenitors and polyploid tubular cells in glomerular and tubular disease (https://clinicaltrials.gov/study/NCT06325059). The one trial in which the gene is genuinely the treatment points in an unrelated therapeutic direction: a phase 1 study delivering AAV2hAQP1, an adeno-associated viral vector encoding human aquaporin-1, to a single parotid salivary gland in 17 people with irradiation-induced salivary hypofunction after head and neck cancer, to restore saliva production rather than whole-body hydration (https://clinicaltrials.gov/study/NCT02446249).",Preston Science 1992 https://doi.org/10.1126/science.256.5055.385 | Ma Journal of Biological Chemistry 1998 https://doi.org/10.1074/jbc.273.8.4296 | Schnermann Proceedings of the National Academy of Sciences 1998 https://doi.org/10.1073/pnas.95.16.9660 | Cartledge Physiological and Biochemical Zoology 2008 https://doi.org/10.1086/523856 | Chng Frontiers in Physiology 2016 https://doi.org/10.3389/fphys.2016.00532 | Noren Physiological and Biochemical Zoology 2008 https://doi.org/10.1086/588489,"The central contradiction in this record runs directly against the model that more aquaporin-1 means more water retention. In the African lungfish Protopterus annectens, which aestivates on land through drought, branchial aquaporin-1 transcript levels fell significantly during the induction phase of aestivation while protein abundance initially held steady, and both transcript and protein were then significantly down-regulated during the maintenance phase, alongside aquaporin-3 (https://doi.org/10.3389/fphys.2016.00532). An animal actually solving the problem of surviving desiccation reduced its water channels rather than adding them, which is the opposite of what this enhancement proposes; the likely reason is that once branchial function shuts down, an open water channel is a leak rather than an asset. The second caveat is the human genetics. Colton-null individuals lack aquaporin-1 and are asymptomatic under ordinary conditions, so the protein's dose-response curve in humans is flat across the range that matters, making a dramatic gain-of-function unlikely (https://doi.org/10.1074/jbc.273.8.4296). Third, even the mouse phenotype is mild at baseline: knockout animals are normal in survival, appearance and organ morphology, and only decompensate when water is withheld (https://doi.org/10.1074/jbc.273.8.4296). Finally, a bookkeeping problem worth recording: the DOI https://doi.org/10.1086/588489, which the previous version of this entry attached to Cartledge, resolves in Crossref to a 2008 paper by Noren and colleagues on thermoregulation in Weddell seals (https://doi.org/10.1086/588489), which is unrelated to frog water balance. The correct Cartledge, Withers and Bradshaw paper on Cyclorana water balance is https://doi.org/10.1086/523856.",,1
asc2_bat,ASC2 (Bat),overexpression,Longevity & Genome,Inflammation Control,"Bats carry viruses that devastate other mammals — Ebola, SARS-CoV-2, Nipah — and do not get sick from them. A large part of that tolerance comes from their inflammasomes, the intracellular sensor complexes that convert danger signals into interleukin-1 beta and interleukin-18 release. Bats have altered inflammasome signalling, and ASC2 is one of the pieces that alters it. It is a PYD-only protein, meaning it consists essentially of the interaction domain and nothing else, and it acts as a competitive brake on inflammasome assembly rather than on any single cytokine downstream.

Wang and colleagues found that bat ASC2 is highly expressed at both the messenger RNA and protein levels and is highly potent at inhibiting both human and mouse inflammasomes, with four key residues responsible for the gain of function relative to the human protein (Ahn 2023, https://doi.org/10.1016/j.cell.2023.03.036). The evolutionary logic is a tradeoff resolved in an unusual direction: powered flight imposes an oxidative and thermal load that would trigger chronic inflammation in a comparably sized mammal, and bats appear to have bought tolerance of that load, and of the viruses they carry, by raising the threshold at which inflammation fires at all. Bats also live exceptionally long for their body size, and inflammation is one of the processes that ties infection biology to ageing biology.","Bat ASC2 acts as a molecular damper on inflammasomes, curbing the runaway inflammation that can damage tissues more than the original threat. Mice expressing the bat protein developed less gout-like inflammation and survived influenza better, demonstrating protection across sterile and infectious challenges. It offers a model for preserving antiviral defence while lowering self-inflicted inflammatory injury.","ASC2 is a pyrin-domain-only protein. It competitively binds the pyrin domains of the NLRP3 and AIM2 inflammasome sensors, which blocks nucleation of the ASC speck — the large filamentous platform that inflammasome assembly depends on — and thereby prevents caspase-1 activation and the maturation and release of interleukin-1 beta and interleukin-18. Because the block sits at the shared assembly node rather than at any one sensor or cytokine, it caps the whole inflammatory output below the threshold at which it damages the animal's own tissue. Four bat-specific residues, identified as responsible for the gain of function relative to the human protein, make the bat version substantially more potent; the record gives that difference as roughly tenfold (Ahn 2023, https://doi.org/10.1016/j.cell.2023.03.036).","Transgenic expression of bat ASC2 in mice reduced the severity of peritonitis induced by gout crystals and by ASC particles. The same mice showed dampened inflammation induced by multiple viruses and reduced mortality from influenza A virus infection, and bat ASC2 also suppressed inflammasome activation driven by SARS-CoV-2 immune complexes. The four residues responsible for the gain of function were identified directly (Ahn 2023, https://doi.org/10.1016/j.cell.2023.03.036).

On the commercial side, Paratus Sciences launched in the spring of 2023 with a $100 million Series A financing co-led by Polaris Partners, ARCH Venture Partners, ClavystBio, EcoR1 Capital and Leaps by Bayer, built on bat comparative genomics (https://paratussciences.com/press-release/paratus-sciences-launches-with-100m-series-a-financing-to-develop-novel-therapeutics-based-on-the-unique-biology-of-bats/). Its lead candidate PS-1001, a VHH-Fc fusion protein developed under a collaboration with Duke-NUS Medical School, targets ASC itself rather than the bat protein, and is described as both preventing the assembly of new inflammasome complexes and disassembling existing ones (https://paratussciences.com/pipeline/).",T5,"Humans already have an ASC2 orthologue and it is far weaker, so this is not a case of activating something dormant: a gene therapy would have to deliver the bat-specific variant, with its four substituted residues, rather than upregulating the human gene. The obvious risk is the mechanism working as designed. An inflammasome brake potent enough to blunt influenza A mortality is potent enough to blunt inflammatory responses a patient needs, and the immunosuppression question has not been answered in any long-term model. The commercial programme has taken a different route around this problem — an antibody-fusion protein against ASC rather than expression of the bat gene — and is targeting a first-in-human trial in 2027 (https://paratussciences.com/pipeline/). Nothing derived from bat ASC2 has entered a clinical trial to date.",Ahn Cell 2023 https://doi.org/10.1016/j.cell.2023.03.036 | Paratus Sciences pipeline https://paratussciences.com/pipeline/,"The strongest external validation here is financial rather than clinical, and it should be read as exactly that. A $100 million Series A tells you that experienced life-science investors found the bat inflammasome thesis credible enough to fund; it does not tell you that the mechanism works in a human. Among the newer entries in this collection this is the one with the most commercial interest behind it.

Two caveats are worth attaching. The lead clinical candidate is not this gene: PS-1001 is a VHH-Fc fusion protein directed against ASC, inspired by the bat biology rather than derived from delivery of bat ASC2, so a successful trial would validate the target and not the transgene. And the record's figure of roughly tenfold stronger inhibition for the bat protein does not appear in the paper's abstract, which states that four key residues confer the gain of function without quantifying it; the number is retained here as recorded but should be checked against the paper's figures before it is used as a headline.",Stress Resistance,0
asgr1_lof,ASGR1,loss-of-function (del12 intron-4 deletion / p.W158X); haploinsufficiency,Longevity & Genome,Non-HDL Clearance,"The Icelandic genetics company deCODE did something only Iceland makes easy: it whole-genome sequenced 2,636 people, imputed those genomes into a national cohort of roughly 398,000, and went looking for rare variants that moved cholesterol. What surfaced was a 12-base-pair deletion sitting in the fourth intron of ASGR1, the gene for the main subunit of the asialoglycoprotein receptor - a liver lectin known for half a century as the machine that pulls aged, desialylated glycoproteins out of the bloodstream, and known to nobody as a cholesterol gene. Carriers had less coronary artery disease, and they had it consistently: the association held in Iceland, Denmark, the Netherlands, the United States and New Zealand, with a heterogeneity P value of 0.96 (Nioi 2016, https://doi.org/10.1056/NEJMoa1508419). A second, entirely separate truncating mutation in the same gene, p.W158X, reproduced the lipid effect in an independent sequenced set, which is about as close as human genetics gets to a replicated experiment. What makes this variant interesting as an enhancement rather than as a curiosity is that it works outside the axis every existing lipid drug occupies. Statins, PCSK9 inhibitors and LDL-receptor biology all converge on the same clearance route; ASGR1 loss does not. That is why the field has begun trying to install it on purpose in people whose LDL receptors do not work at all. There is a sharp irony buried in the enhancement, though. The receptor this gene encodes is the exact molecular handle that GalNAc-conjugated drugs and GalNAc-decorated lipid nanoparticles grab in order to reach the liver at all - the same handle the ANGPTL3 base editor elsewhere in this library depends on. An enhanced human who buys ASGR1 loss has quietly given up the front door to their own liver.","People with one inactive ASGR1 copy clear lipoproteins differently, producing lower non-HDL cholesterol and about 34% lower odds of coronary artery disease. Because this protective phenotype was discovered directly in human carriers, it links a liver receptor to a measurable cardiovascular advantage without relying on an animal proxy. ASGR1 also serves as the entry route for GalNAc-tagged liver medicines, so any intervention would need to preserve that valuable delivery pathway.","ASGR1 encodes the major subunit of the asialoglycoprotein receptor, also called the Ashwell-Morell receptor, a calcium-dependent C-type lectin displayed on the surface of hepatocytes. Its normal job is surveillance of circulating glycoproteins: when a protein loses the terminal sialic acid caps from its sugar chains, exposing galactose and N-acetylgalactosamine, the receptor binds it and pulls it into the cell for degradation. The del12 allele is a 12-base-pair deletion inside intron 4 that activates a cryptic splice site; the resulting transcript is frameshifted and carries a premature stop codon, and the truncated protein is prone to degradation, so a person with one del12 copy is functionally haploinsufficient rather than merely carrying a mildly altered receptor. Losing half of that clearance capacity lowers non-HDL cholesterol by a route independent of the LDL receptor and PCSK9 axis; the leading explanation involves altered hepatic handling of glycosylated ligands and a consequent shift in cholesterol traffic, but the causal chain has not been closed. The pharmacodynamic fingerprint is unambiguous, because serum alkaline phosphatase is itself an asialoglycoprotein receptor ligand: when the receptor stops clearing it, it accumulates in blood, which is why every carrier can be spotted from a routine liver panel.","Heterozygous carriers of the del12 deletion carry non-HDL cholesterol lower by ""a difference of 15.3 mg per deciliter (0.40 mmol per liter) (P=1.0x10-16)"" than noncarriers, measured across roughly 398,000 imputed Icelandic genomes, and their fasting triglycerides are lower by 6.3% (95% CI -10.3 to -2.3, P=0.003, n=99,893) (Nioi 2016, https://doi.org/10.1056/NEJMoa1508419). The clinical consequence is a ""lower risk of coronary artery disease (by 34%; 95% confidence interval, 21 to 45; P=4.0x10-6)"", corresponding to a combined odds ratio of 0.66 (95% CI 0.55 to 0.79) that held across eight study populations in Iceland, Denmark, the Netherlands, the United States and New Zealand with no detectable heterogeneity (P=0.96), and to a hazard ratio of 0.64 for a first myocardial infarction among Icelandic carriers (P=8.5x10-5). The deletion is carried by 1 in 120 persons in that study population, and a second independent truncating allele, p.W158X, carried by 1 in 1850 persons, was also associated with lower non-HDL cholesterol (P=1.8x10-3) - an internal replication using a different mutation in the same gene. The same dataset quantifies the price: alkaline phosphatase is raised by a combined 46.5 U/L (95% CI 40.1 to 52.7, P=5.6x10-69, n=131,889) and vitamin B12 by 16.6 pmol/L in the Icelandic set (95% CI 11.5 to 21.5, P=3.1x10-12) (Nioi 2016, https://doi.org/10.1056/NEJMoa1508419).","T7 (human natural-experiment genetics; two independent loss-of-function alleles, n>390,000, replicated across 8 populations, no therapeutic yet)","No drug, antibody or genome editor directed at this target has entered a registered clinical trial, so every number in this record comes from people who were born with the variant rather than from anyone who was given it. The mechanism connecting a lectin that clears desialylated glycoproteins to a 15.3 mg/dL fall in non-HDL cholesterol has not been established: Nioi 2016 (https://doi.org/10.1056/NEJMoa1508419) demonstrates the association and the pharmacodynamic marker, not the causal pathway. Every human studied is heterozygous - no homozygous null humans are described anywhere in the cohort - so the complete knockout an exhibit visitor would actually be buying has never been observed in a person, and its phenotype cannot be predicted from the heterozygous data. The receptor also performs jobs the cohort does not track over a full lifespan, notably the clearance of desialylated platelets and von Willebrand factor, so consequences for coagulation over eighty years remain unmeasured. Finally, because this receptor is what GalNAc-conjugated drugs and GalNAc-lipid nanoparticles use to enter hepatocytes, someone lacking it may be refractory to an entire delivery platform, including the ANGPTL3 base editor in this same library.",Nioi New England Journal of Medicine 2016 https://doi.org/10.1056/NEJMoa1508419,"This entry collides with another one in the library, and the collision is mechanical rather than thematic. The asialoglycoprotein receptor that ASGR1 builds is exactly the receptor that GalNAc-decorated lipid nanoparticles exploit to reach hepatocytes: Kasiewicz 2023 (https://doi.org/10.1038/s41467-023-37465-1) raised liver ANGPTL3 base editing from 5% to 61% in LDL-receptor-deficient monkeys precisely by adding a GalNAc-asialoglycoprotein-receptor ligand to the particle. Buying ASGR1 loss and ANGPTL3 base editing in the same body is therefore self-defeating, and an exhibit visitor who selects both has built a contradiction. Separately, the field has started running this variant forward rather than merely observing it: a 2026 Molecular Therapy paper reports hepatic base editing of ASGR1 as a deliberate LDL-receptor-independent lipid-lowering strategy (https://doi.org/10.1016/j.ymthe.2026.07.036), retrieved here as metadata only and not read in full, so no figures from it are quoted. One transcription caution for anyone checking the source: the published confidence interval for the first-myocardial-infarction hazard ratio reads ""0.64; 95% CI, 0.64 to 0.80"", which does not bracket its own point estimate; it is reproduced in this record exactly as printed rather than silently corrected. The protein and structure references are the human entries UniProt P07306 (https://www.uniprot.org/uniprotkb/P07306) and PDB 1DV8 (https://www.rcsb.org/structure/1DV8), one of eight solved structures.",,1
atg5_oe,ATG5,overexpression (ubiquitous Atg5 transgene),Longevity & Genome,Autophagy Induction,"Autophagy is the cell's own demolition-and-recycling service: damaged mitochondria, protein aggregates and spent organelles are wrapped in a double membrane and delivered to the lysosome. Atg5 is required to build that membrane, and its activity falls with age in most tissues. Pyo et al. asked the direct question — if you simply give mice more Atg5 from conception, does the recycling rate go up and do they live longer? Ubiquitous transgenic overexpression raised autophagic flux in brain, liver and muscle, and extended both median and maximal lifespan in males and females. The animals were leaner than littermates on identical chow, handled glucose better, held motor function longer, and their fibroblasts survived oxidative insult — a tolerance that disappeared when autophagy was pharmacologically blocked, tying the phenotype to the pathway rather than to transgene side-effects. This is the cleanest 'add one gene, get more autophagy, live longer' result in mammals, and unlike the mTOR route it does not require chronic immunosuppressive drug exposure.","Every cell gets a faster recycling crew: damaged mitochondria and protein aggregates are cleared instead of accumulating. Mice carrying extra Atg5 copies lived 17.2% longer at the median in both sexes, staying leaner on identical chow with better glucose handling and motor function. Only ever done in mice, and high autophagy also helps established tumour cells survive nutrient stress.","ATG5 conjugates to ATG12 and, with ATG16L1, acts as the E3-like ligase that lipidates LC3/GABARAP proteins onto the growing autophagosome membrane — the rate-limiting step of autophagosome formation. Raising ATG5 dose raises steady-state autophagic flux (increased LC3-II, reduced p62) without altering the upstream mTOR/AMPK set-point, so the intervention adds clearance capacity rather than rewiring nutrient sensing. Downstream consequences measured in the transgenics: improved insulin sensitivity, reduced adiposity, preserved motor coordination, and MEF resistance to oxidative cell death that is reversed by autophagy inhibition.","First demonstration that genetic activation of autophagy extends lifespan in a mammal. Median lifespan +17.2% (both sexes), maximal lifespan also extended. Leanness on identical diet, improved insulin sensitivity, improved motor function, and oxidative-stress tolerance in derived fibroblasts reversible by autophagy inhibitor.","T5 (single-laboratory ubiquitous transgenic mouse lifespan study with both sexes, median and maximal lifespan, plus mechanistic autophagy-flux and ex-vivo rescue experiments; no independent replication of the lifespan cohort and no human ATG5 delivery of any kind)","No human or non-human-primate ATG5 delivery exists. The mouse transgene is expressed from conception and ubiquitously, so it cannot separate a developmental contribution from adult-onset benefit — the adult-onset experiment (inducible or AAV Atg5) has not been run. Tissue dose-response is unknown, and ATG5 is a shared node with the ATG12-ATG5-ATG16L1 apoptosis and inflammasome-regulation functions, so a delivered dose may not behave like a germline one.",Pyo JO et al. Nat Commun 2013;4:2300 (10.1038/ncomms3300),"CANCER: elevated autophagy is protective against tumour initiation but supports survival of established tumours under nutrient and therapy stress — an adult with an occult malignancy is the wrong recipient. BODY COMPOSITION: the leanness is not incidental; Atg5 Tg mice weigh less than littermates on identical chow, which in an older human competes directly with sarcopenia management. DEVELOPMENTAL: Atg5-null mice die neonatally, so this gene's dose window is bounded on both sides. IMMUNE: ATG5 participates in inflammasome regulation and antigen presentation; immune consequences of chronic overexpression were not assessed. Only ONE lifespan cohort exists, from one group.",Stress Resistance,0
atoh1_gfi1_pou4f3_haircell,ATOH1 + GFI1 + POU4F3,Three-factor transcription-factor reprogramming of cochlear supporting cells (inducible transgene / AAV),Regeneration,Hair Cell Regeneration,"In 1988 two laboratories reported the same impossible thing: a bird that had been deafened by loud sound grew its hearing organ back. Working in adult Japanese quail, Ryals and Rubel traumatised the basilar papilla, then watched dividing cells appear in an epithelium that textbooks said was finished at hatching, and counted hair cells climbing back to within 5 percent of the number the birds started with (https://doi.org/10.1126/science.3381101). Mammals cannot do this. The support cells that sit between our hair cells are the same cell type that, in a bird, would re-enter the cell cycle and become sensory; in us they scar over and the loss is permanent, which is why noise-induced and antibiotic-induced deafness is for life.

The obvious move was to hand mammalian support cells the master switch the birds use. ATOH1, a basic helix-loop-helix transcription factor, is the gene that tells an inner-ear progenitor to become a hair cell, and in 2005 an adenovirus carrying Atoh1 was reported to improve hearing thresholds in deafened guinea pigs (https://doi.org/10.1038/nm1193). Novartis built a drug on that result — CGF166, an adenoviral vector delivering human ATOH1 injected into the labyrinth — and took it into 22 people with severe-to-profound hearing loss. It did not restore hearing (https://clinicaltrials.gov/study/NCT02132130).

The 2024 reason why is unflattering and useful: in the adult mouse organ of Corti, ATOH1 alone does essentially nothing. Identity in a mature cell is held shut by more than one lock, and opening it took three factors at once — ATOH1 plus GFI1 plus POU4F3 — delivered to lineage-marked support cells whose neighbouring hair cells had first been killed off, because surviving hair cells actively suppress their neighbours' conversion (https://doi.org/10.1093/pnasnexus/pgae445). That produced hundreds of genuinely new, innervated hair cells per cochlea from cells that had never been sensory. It has not yet produced a mouse that hears better, and it asks a player to switch on, a few millimetres from the brainstem, the exact transcription factors that drive medulloblastoma.","ATOH1, GFI1 and POU4F3 can reopen the developmental programme that builds the inner ear's sound-sensing hair cells. After deafening injury, the trio converted adult mouse support cells into hundreds of new hair-cell-like cells, a much stronger response than ATOH1 alone. Fewer than half expressed the mature outer-hair-cell motor PRESTIN at six weeks, but the experiment shows that a normally non-regenerating sensory epithelium can be pushed toward reconstruction.","ATOH1 (atonal homolog 1) is a basic helix-loop-helix transcription factor that acts as the master regulator of hair-cell fate; GFI1 (growth factor independent 1) is a zinc-finger repressor that shuts down the supporting-cell and pro-apoptotic programs and stabilises the new identity; and POU4F3 (POU-domain class 4 transcription factor 3) drives hair-cell maturation and survival. In birds, supporting cells of the basilar papilla re-enter the cell cycle and transdifferentiate spontaneously. In mammals the ATOH1 locus is epigenetically locked and ATOH1 by itself is insufficient in the adult organ of Corti, so all three factors must be forced together in Lfng-lineage supporting cells to open the hair-cell gene network. Killing the endogenous hair cells first — using a diphtheria-toxin receptor knocked into the Pou4f3 locus — markedly raises conversion, which indicates that surviving hair cells laterally inhibit reprogramming through Notch signalling. The cells that result express MYO7A (myosin VIIA) and parvalbumin, acquire the outer-hair-cell motor protein PRESTIN, assemble ribbon-synapse proteins and rudimentary stereociliary bundles, and are contacted by nerve fibres (https://doi.org/10.1093/pnasnexus/pgae445).","Adult Japanese quail whose basilar papilla had been damaged by acoustic trauma incorporated [3H]thymidine into hair-cell and supporting-cell nuclei within ten days, and an initial loss of hair cells recovered to within 5 percent of the original number of cells — the first demonstration that a vertebrate auditory epithelium regenerates after hatching (Ryals & Rubel 1988, https://doi.org/10.1126/science.3381101). In three-week-old mice carrying Lfng-CreERT2, a Rosa26-tdTomato lineage reporter and a Pou4f3 diphtheria-toxin receptor, tamoxifen-driven activation of Atoh1 together with Gfi1 and Pou4f3 after the endogenous hair cells had been killed produced 479.9 ± 213.4 tdTOMATO/MYO7A-double positive cells per cochlea (P = 0.0004 compared with control and P = 0.0034 compared with Atoh1 alone), against 2.8 ± 6.2 in control cochleas and 46.0 ± 17.1 with Atoh1 alone, a single-factor result that was not distinguishable from control (P = 0.9250) (https://doi.org/10.1093/pnasnexus/pgae445). Maturation lagged behind identity in the same animals: 45.6 ± 5.5% of regenerated hair cells co-labelled for MYO7A, PRESTIN and tdTomato at six weeks of age (N = 2) and PRESTIN was not detectable at all at five weeks, while 63.8% ± 3.7% (N = 2) of regenerated inner-compartment cells expressed parvalbumin compared with 8.8% ± 0.1% (N = 2) in the outer compartment (https://doi.org/10.1093/pnasnexus/pgae445).",T6 (natural avian regeneration + adult-mouse three-factor reprogramming with lineage tracing + one completed human Phase 1/2 that failed on efficacy),"The cells produced by three-factor reprogramming are hair cell-like rather than finished hair cells: their stereociliary bundles are described as rudimentary and PRESTIN arrives late and in fewer than half of them, and no mammal has yet recovered an auditory threshold as a result of this manipulation. Nobody has solved how to deliver three coordinated transgenes to supporting cells along the whole length of the cochlear duct while sparing the spiral ganglion, whose neurons must survive for any regenerated cell to be heard. The protocol also depends on first destroying the surviving hair cells to lift Notch-mediated lateral inhibition, which is acceptable in a mouse that is already deaf but is a hard thing to ask of a patient with residual hearing. The single human trial tested the one-factor design that the mouse work has since shown to be inadequate, so the three-factor approach has never been given a clinical test at all.",Ryals Science 1988 https://doi.org/10.1126/science.3381101 | McGovern PNAS Nexus 2024 https://doi.org/10.1093/pnasnexus/pgae445 | Izumikawa Nature Medicine 2005 https://doi.org/10.1038/nm1193 | Corwin Science 1988 https://doi.org/10.1126/science.3381100,"The literature disagrees about single-factor ATOH1, and the disagreement matters because a drug was built on one side of it. Izumikawa and colleagues reported that Atoh1 delivered alone improved hearing thresholds in deafened guinea pigs (Izumikawa 2005, https://doi.org/10.1038/nm1193), whereas the 2024 mouse study found that Atoh1 alone produced no increase in regenerated hair cells in the adult organ of Corti (46.0 ± 17.1 versus 2.8 ± 6.2 in controls, P = 0.9250) (https://doi.org/10.1093/pnasnexus/pgae445). Novartis's CGF166, an intralabyrinthine adenovector encoding human ATOH1, followed the single-factor design: 22 patients were enrolled and 19 completed, and the posted week-52 results show treated-ear pure-tone air-conduction thresholds moving in the wrong direction, +8.5 dB overall with cohort values of -4.2, +6.7, +26.3 and +5.0 dB (https://clinicaltrials.gov/study/NCT02132130). Those registry results have no journal publication, so they are recorded here from the registry rather than as a citable effect size, and the programme was not advanced. The avian half of the story is not contested: Ryals and Rubel (https://doi.org/10.1126/science.3381101) and Corwin and Cotanche (https://doi.org/10.1126/science.3381100) reported hair-cell regeneration in birds independently in the same year. One honest bookkeeping point: no ATOH1 entry exists for Coturnix japonica in UniProt, so the avian reference sequence given here is A0A0C6E596, the reviewed chicken (Gallus gallus) ortholog (https://www.uniprot.org/uniprotkb/A0A0C6E596/entry). The quail supplies the natural regeneration phenotype; the reprogramming experiments were done in mice. No approved product exists and no company has a three-factor clinical candidate.",,1
avlige_rotifer,AvLigE,overexpression,Stress Resistance,Radiation Shielding,"Bdelloid rotifers survive radiation doses that would kill any vertebrate — partly thanks to a DNA repair enzyme they stole from bacteria. AvLigE is a prokaryotic DNA Ligase E acquired by horizontal gene transfer from bacteria into the rotifer Adineta vaga genome. When expressed in human cells, it significantly improves their radiation tolerance. This is evolution's most dramatic example of borrowing survival tools across the tree of life.","AvLigE is a DNA-ligating enzyme acquired by a radiation-tolerant rotifer from bacteria, helping seal broken genetic material after severe damage. Expressing it in human cells improved survival under radiation, showing that a foreign repair enzyme can plug into our existing DNA-repair machinery. Its promise is faster restoration after genotoxic stress, provided that future work preserves the checkpoints that prevent damaged cells from propagating.","AvLigE is a prokaryotic-type DNA ligase that catalyzes the final step of base excision repair and single-strand break repair. Its bacterial origin gives it distinct substrate preferences from eukaryotic ligases, providing complementary DNA repair capacity. In A. vaga, it is strongly upregulated after ionizing radiation exposure.",Heterologous expression of AvLigE in human cell lines significantly improved radiation tolerance. Proteomic analysis confirmed it is a major DNA break repair contributor in irradiated rotifers. The gene was horizontally transferred from a prokaryote and is stably integrated in the rotifer genome.,T4,Long-term effects of expressing a bacterial enzyme in human cells unknown. Integration with existing mammalian DNA repair pathways needs characterization. Potential interference with normal DNA damage signaling.,Nicolas Nature Communications 2023 https://doi.org/10.1038/s41467-023-43075-8,One of very few demonstrated cases of a horizontally transferred gene directly improving human cell function.,,0
bub1b_t23,BUB1B (BubR1),overexpression (high-expressing T23 transgene; moderate T7 line was ineffective),Longevity & Genome,Aneuploidy Protection,"BubR1 is the accountant of cell division: it enforces the mitotic checkpoint and helps set up correct microtubule-kinetochore attachments, so daughter cells get the right number of chromosomes. Its abundance falls with chronological age in mice and humans, and germline mutations that lower it cause aneuploidy, premature-aging phenotypes and cancer in both species — in humans, mosaic variegated aneuploidy syndrome. Baker et al. ran the mirror experiment: sustain HIGH BubR1 through life and see what happens. The high-expressing transgenic line kept genomic integrity, resisted carcinogen- and oncogene-driven tumours, showed reduced aneuploidy in several tissues, delayed age-related deterioration, and lived longer. The direction is what makes this a real enhancement candidate rather than a knockout curiosity: less of this gene is a named human disease, more of it is protective in mice. The catch is dose — the moderately expressing line gave none of the protection.","Chromosomes get counted properly at every cell division, so tissues stop accumulating cells with the wrong number of them. Mice with a higher spindle-checkpoint dose lived 22% longer at the median in males and developed tumours in a third of animals rather than all of them. Low BubR1 in humans causes a progeroid mosaic-variegated-aneuploidy syndrome, so this is a gene where the deficiency state is already characterised and the surplus state is not.","BubR1 (BUB1B) is a pseudokinase component of the mitotic checkpoint complex that sequesters CDC20 to delay anaphase until kinetochores are correctly attached, and it also contributes to establishing stable microtubule-kinetochore attachments. Overabundance corrects both checkpoint impairment and attachment defects, cutting chromosome missegregation — including missegregation induced by oncogenic Ras. The result is lower whole-chromosome instability across tissues, which manifests as reduced spontaneous and induced tumorigenesis and as delayed accumulation of aneuploid cells with age. Notably the transgenics did NOT become aneuploid or tumour-prone themselves, unlike mice overexpressing the related regulators Bub1, Mad2 or UbcH10.","High-expressing transgenic line: median lifespan +22.0% (males), +18.9% (females), +14.0% (pooled). Carcinogen challenge: 33% of transgenics developed tumours versus 100% of wild type, with both skin and lung incidence reduced. Oncogene challenge: Kras-mutant mice averaged 17 lung tumours at 6 weeks versus 8 in transgenics. Normal aneuploidy and missegregation rates in transgenic splenocytes and fibroblasts, and reduced aneuploidy in Kras lung tissue.",T5 (single-laboratory mouse transgenic lifespan cohort with both sexes plus carcinogen and oncogene tumour challenges and mechanistic mitotic-checkpoint experiments; direction independently corroborated by human loss-of-function genetics — mosaic variegated aneuploidy — but no human or primate BUB1B delivery has been attempted),"There is no vector-delivered or adult-onset version: the mouse intervention is a lifelong germline transgene. The dose window is narrow and unmapped in reverse — the moderate T7 line conferred no protection, and how high is too high was never established. BUB1B is a 1050-residue mitotic protein, an awkward AAV cargo, and mitotic-checkpoint genes are the class where overexpression of relatives (Bub1, Mad2, UbcH10) actively causes aneuploidy and tumours, so specificity cannot be assumed from the family. No human data on the enhancement direction exist at all.",Baker DJ et al. Nat Cell Biol 2013;15:96-102 (10.1038/ncb2643); human loss-of-function direction: MVA1 BUB1B variants (10.1007/s10072-022-06247-w); TALEN-mapped intergenic BUB1B mutation in MVA (10.1073/pnas.1317008111),"DOSE THRESHOLD: the moderately expressing T7 line failed every protection assay — tumour incidence, Kras lung tumours, aneuploidy — while T23 succeeded. This is a threshold effect, not a graded one, and the upper bound was not tested. FAMILY RISK: overexpressing the related mitotic regulators Bub1, Mad2 or UbcH10 CAUSES aneuploidy and tumours in mice. BubR1 did not, but this is a gene class where 'more checkpoint protein' is not generically safe. DEVELOPMENTAL/HUMAN DISEASE: hypomorphic BUB1B in humans causes mosaic variegated aneuploidy syndrome with microcephaly, growth retardation and childhood cancer; one forensic report links a variant to sudden unexpected postnatal collapse. That is the loss-of-function direction, and it is what establishes the gene's dose-sensitivity in humans. FERTILITY: BubR1 hypomorphs are infertile; effects of overexpression on meiosis and gamete aneuploidy were not reported. CARGO SIZE: 1050 aa / ~120 kDa — near the practical AAV limit.",,0
cahs_d,CAHS D,Overexpression,Stress Resistance,Desiccation,"Tardigrades can dry out completely, sit in a dusty drawer for years, and revive in a drop of water. The CAHS proteins are a big part of that trick. When water leaves the cell, CAHS D doesn't just stabilize molecules — it phase-separates into a glass-like mesh, freezing the cell's contents in place until rehydration. University of Wyoming researchers expressed CAHS D in human HEK293 cells in 2022; under osmotic shock, the protein formed the predicted reversible fibers inside human cells, slowed their metabolism, and modestly improved survival. But the story has gotten complicated fast. Piszkiewicz 2019 showed that plenty of unrelated proteins protect enzymes from drying just as well. Ramirez 2023 found that CAHS D doesn't actually hold onto water in the dry state, refuting a popular model. Non-gelling variants sometimes protect better than gelling ones. The protein is real and does something; nobody quite agrees on what.","The tardigrade protein CAHS D self-organises into reversible fibres as water disappears, creating a temporary physical shield around sensitive cellular components. It boosted yeast survival after desiccation by roughly 100-fold and can protect purified enzymes, then relax again when water returns. This is a striking blueprint for dry-state preservation of biologics and cells, with engineered non-gelling variants potentially offering even better molecular protection.",Intrinsically disordered tardigrade-specific protein; reversible concentration/temperature-dependent gel/fibril networks; molecular shield against desiccation-induced unfolding.,"Boothby 2017 Mol Cell: yeast expressing CAHS D ~100× increased desiccation survival; E. coli also protected; RNAi of CAHS in tardigrades reduced post-desiccation survival. In vitro: protects LDH, lipoprotein lipase. Tanaka 2022 PLOS Biol (HEp-2, HEK293T): CAHS 1/3/8/12 form reversible filaments under hyperosmotic stress, stiffen cells (AFM), and modestly improve survival. Sanchez-Martinez 2024 Protein Sci (HEK293): CAHS D fibers slow metabolism and improve survival after 0.5 M sorbitol shock. Gel point ~8–20 g/L.","T6 (HEK293, HEp-2, HeLa) + T3 (yeast/E. coli)","Stable long-term mammalian desiccation survival not shown; no mouse data; Esterly 2020 showed only safety in mice, not efficacy.",Yamaguchi PLoS ONE 2012 https://doi.org/10.1371/journal.pone.0044209 | Boothby Mol Cell 2017 https://doi.org/10.1016/j.molcel.2017.02.018 | Piszkiewicz Protein Sci 2019 https://doi.org/10.1002/pro.3604 | Tanaka PLoS Biol 2022 https://doi.org/10.1371/journal.pbio.3001780,"CONTRADICTIONS: (1) Piszkiewicz 2019 — many unrelated globular/disordered proteins protect LDH similarly, CAHS specificity challenged. (2) Ramirez 2023 — CAHS D does NOT retain water in dry state, refutes water-replacement/retention model. (3) Gel-vs-protection mechanism contested: Sanchez-Martinez 2024 shows non-gelling variants protect citrate synthase BETTER than gelling WT. (4) Tanaka 2023 reply — GFP-only controls also form mesh in drying tardigrades; ""filaments"" may not be CAHS-specific in vivo. Non-physiological overexpression; modest mammalian-cell effects.",,1
cbp_gecko,CBP,β-keratin family expression,Expression,Adhesion,"A gecko can hang from a glass ceiling by a single toe because its foot-pads are covered in millions of microscopic hairs, called setae, each tipped with even finer spatulas. The contact area becomes so large that van der Waals forces alone suffice. There is no glue and no suction. The Gekko japonicus genome, published by Liu and colleagues in 2015, revealed a family of 71 beta-keratin genes, 35 of which carry the S-core box motif that marks them as setae beta-keratins, with bursts of gene duplication around 105 to 96 and 87 to 80 million years ago, matching the evolutionary origins of gecko adhesion (https://doi.org/10.1038/ncomms10033). A single seta generates 20 to 40 micronewtons of force, and a whole foot can hold 40 times the animal's body weight (https://doi.org/10.1038/35015073). Synthetic gecko-inspired tapes, from polymer microfibers to carbon-nanotube arrays, already work reasonably well. Expressing gecko beta-keratins in mammalian cells to grow actual setae, however, is a non-starter, because the adhesion depends on a hierarchical anatomy — cells, then pillars, then hairs, then spatulas — built by a developmental programme rather than on the protein sequence itself.","Gecko feet achieve dry, reusable adhesion through millions of microscopic hairs that branch into nanoscale tips and make intimate van der Waals contact with almost any surface. A single hair can pull 20–40 micronewtons, while the full hierarchical array supports rapid attachment and release without glue. The transferable capability is the architecture itself: a self-cleaning, directionally controlled adhesive surface inspired by living tissue.","Gecko adhesion rests on a large multigene family of corneous beta-proteins, 71 of them in Gekko japonicus, historically called beta-keratins. These polymerise into beta-sheet filaments about 3 to 4 nanometres across inside the oberhautchen and beta-layer cells of the toe-pad epidermis. Those filaments make up the setae, which branch into spatular tips some 200 to 500 nanometres wide. The adhesion itself is purely van der Waals attraction: nothing is secreted, nothing is evacuated, and the force comes entirely from bringing an enormous amount of surface into intimate contact with the substrate.","Liu and colleagues assembled the 2.55 gigabase Gekko japonicus genome in 2015, annotated 22,487 genes including 71 beta-keratin genes, identified 35 of those as setae beta-keratins by the presence of the S-core box motif (sequence similarity 70% or greater) with most of them clustered on a single scaffold, and dated the phylogenetic expansions of the family to roughly 105 to 96 and 87 to 80 million years ago (https://doi.org/10.1038/ncomms10033). Alibardi's immunohistochemistry localised the beta-protein Ge-cprp-9 to the setae and their spatular tips (https://doi.org/10.1016/j.tice.2013.01.002). Autumn and colleagues made the first direct measurement of a single seta in 2000, recording 20 to 40 micronewtons of adhesive force and calculating that a whole foot can hold about 40 times the animal's body weight (https://doi.org/10.1038/35015073). The same group demonstrated in 2002 that the mechanism is van der Waals attraction, showing that isolated setae adhere equally well to strongly hydrophobic and strongly hydrophilic polarisable surfaces, and that synthetic polydimethylsiloxane and polyester spatulae reproduce the adhesion (https://doi.org/10.1073/pnas.192252799). No heterologous transfer of a gecko beta-keratin gene has ever produced functional setae — that number remains zero. It is worth being precise about what the engineered successes are: the microfabricated gecko tape of Geim and colleagues in 2003 (https://doi.org/10.1038/nmat917) and the carbon-nanotube gecko tapes of Qu and colleagues in 2008 (https://doi.org/10.1126/science.1159503) are synthetic materials, containing no protein and no gene.",T1 (source organism) + T2 (protein biochem),"Transferring these genes is close to a category error. Adhesion is produced by a hierarchical nanoarchitecture that a developmental programme lays down over successive tissue layers; it is not a property of the protein's composition. Putting the coding sequence into another cell type gives you the polymer without the geometry, and the geometry is where the force comes from.",Autumn Nature 2000 https://doi.org/10.1038/35015073 | Autumn Proceedings of the National Academy of Sciences 2002 https://doi.org/10.1073/pnas.192252799 | Geim Nature Materials 2003 https://doi.org/10.1038/nmat917 | Qu Science 2008 https://doi.org/10.1126/science.1159503 | Alibardi Tissue and Cell 2013 https://doi.org/10.1016/j.tice.2013.01.002 | Liu Nature Communications 2015 https://doi.org/10.1038/ncomms10033,"Setae are not made of beta-keratin alone: they also contain lipids and alpha-keratins, so any reconstruction based on the beta-protein family alone would be incomplete. The gene count itself is disputed, with annotations ranging from 26 to 72, because this is a highly repetitive family that automated annotation tends to under-call; the legacy version of this record carried 72 as the setae figure, whereas the genome paper reports 71 beta-keratin genes in total and 35 setae beta-keratins, so the counts a reader may encounter elsewhere refer to different things. The duplication dates are similarly rounded from one version of this record to the next: the legacy text gave the two expansion bursts as roughly 100 and 85 million years ago, while the genome paper resolves them as 105 to 96 and 87 to 80 million years ago. And the central caveat bears repeating in its own right: the adhesion requires hierarchical nanoarchitecture built by a developmental programme, so the trait is architectural rather than compositional.",,1
cdc42_casin,"CDC42 (activity inhibition, CASIN)","pharmacological reduction of GTPase activity in old animals (CASIN, 4 daily doses); activation is pro-aging",Longevity & Genome,Inflammation Control,"Almost everything in this library is an intervention you would have to be born with, or at least receive years before you need it. This one is four injections into an animal already three-quarters of the way through its life. Cdc42 is a small Rho-family GTPase controlling cell polarity, and its activity rises in several tissues of aged mice and in the blood of elderly humans. The causal direction was established from the harmful end first: a Cdc42 gain-of-activity mouse shows a premature aging-like phenotype and a shortened lifespan. Florian and colleagues then asked the reverse question in the hardest possible setting. They gave 75-week-old female C57BL/6 mice CASIN, a Cdc42-activity-specific inhibitor, intraperitoneally once every 24 hours for four consecutive days - and then stopped. Serum mass spectrometry confirmed micromolar exposure, and Cdc42-GTP in bone marrow 24 hours after the last injection had fallen to the level seen in 10-week-old mice. Median survival went from 123.5 weeks in controls to 136 weeks in treated animals, with maximum lifespan also extended (Mantel-Cox P<0.0004). Four days of drug bought roughly three months. Two supporting readouts explain how a transient treatment has a durable effect: serum IL-1beta, IL-1alpha and interferon-gamma returned to youthful levels, and a DNA-methylation clock measured on blood cells 8 to 9 weeks after treatment read significantly younger - consistent with the group's earlier finding that transient changes in Cdc42 activity rewrite epigenetic signatures in stem cells.","A small GTPase controlling cell polarity becomes overactive with age, and turning its activity back down in already-old animals resets inflammatory signalling. Four daily injections of a specific inhibitor into 75-week-old female mice moved median survival from 123.5 to 136 weeks, restored youthful serum IL-1beta and interferon-gamma, and made the blood methylation clock read younger. Deleting the gene outright kills mouse embryos, so only partial, transient inhibition is usable.","CDC42 encodes a 191-residue, 21.3 kDa Rho-family small GTPase that cycles between GTP-bound active and GDP-bound inactive states to set cell polarity, actin organisation and asymmetric division. In aged haematopoietic stem cells, elevated Cdc42-GTP causes loss of polarity, a shift toward myeloid-biased output and altered histone methylation - and because the polarity defect is epigenetically encoded, a transient reduction in activity can reset it durably rather than only for the drug's residence time. CASIN is a selective inhibitor of Cdc42 activity, not of the protein's expression, which is what makes the intervention survivable: outright deletion of Cdc42 causes very early embryonic lethality in mice, although Cdc42-deficient embryonic stem cells remain viable and proliferate normally. The downstream systemic readout is inflammatory: reduced circulating IL-1beta, IL-1alpha and interferon-gamma, the cytokines that define inflammaging.","Florian 2020 (Aging Cell): four consecutive daily intraperitoneal doses of CASIN at 25 mg/kg to 75-week-old female C57BL/6 mice extended median survival from 123.5 weeks in controls to 136 weeks in treated animals (n=18 control, 17 CASIN; P<0.0004 Mantel-Cox, P<0.0032 Gehan-Breslow-Wilcoxon), with maximum lifespan also extended - a +10.1% median gain, matching the +9.7% median OpenGenes records for this row. Mass spectrometry confirmed micromolar serum CASIN, and Cdc42-GTP in aged bone marrow 24 hours after the last dose fell to the level seen in 10-week-old mice. No acute toxicity over the 4 injections and no treated mouse died within 4 weeks. Serum IL-1beta, IL-1alpha and interferon-gamma returned to youthful levels, and a DNA-methylation-based biological-age prediction on blood cells 8-9 weeks after treatment read significantly younger (n=12 control, 11 CASIN). Weight, white and red blood cell counts were unchanged. The control group's median lifespan matched published C57BL/6J reference data, arguing the effect is not a sick-control artifact.","T5 (mouse; adult-onset pharmacological lifespan cohort with target-engagement confirmation by mass spectrometry and Cdc42-GTP pull-down, plus circulating-cytokine and DNA-methylation-clock secondary endpoints; one laboratory, females only, n=17-18 per arm, no human exposure)","The survival cohort is 35 mice in total, all female, from one laboratory, and no independent group has repeated it. CASIN itself is a research chemical - there is no CASIN investigational new drug application, no human pharmacokinetics and no clinical programme for any Cdc42-activity inhibitor, so the four-day protocol that makes this result attractive has never been attempted in a person. The gene cannot be approached genetically at all: Cdc42 deletion causes very early embryonic lethality in mice, so only partial, transient, activity-level inhibition is conceivable, and the therapeutic window between resetting stem-cell polarity and disrupting cell division in proliferative tissues has not been mapped. Cdc42 is also a well-documented driver in several human cancers where it supports invasion and migration, which cuts in the intervention's favour on direction but means any chronic dosing schedule would need tumour surveillance rather than assuming benefit. The human data amount to the observation that Cdc42 activity is elevated in blood of elderly people - an association, not an intervention.",Florian Aging Cell 2020 https://doi.org/10.1111/acel.13208 | Chen Curr Biol 2000 (Cdc42 deletion is embryonic lethal) https://doi.org/10.1016/s0960-9822(00)00571-6,"MANIPULATION IS PHARMACOLOGICAL, NOT GENETIC - this matters for how the card reads. OpenGenes classifies the row as 'treatment with a gene product inhibitor', i.e. reduced Cdc42 ACTIVITY, not reduced expression. Genetic knockout is embryonic-lethal, so a knockout card would be wrong. STATISTIC: 123.5 -> 136 weeks is MEDIAN survival and recomputes to +10.1%; OpenGenes records +9.7% median for the same row. The OpenGenes _min for this row is +23.2% and is the minimum-lifespan statistic - not a headline. ADULT ONSET: this is the standout property in the whole wave - treatment began at 75 weeks and lasted 4 days. Card copy should lead with that, not with the percentage. COHORT: n=18 control, 17 treated, female only. Control median matched published C57BL/6J reference data (Yuan 2009), which rules out trap 2 - the controls were not dying early. NO HUMAN EXPOSURE: verified this session - CASIN is a research reagent with no clinical programme.",,0
cetp_lof,CETP,"loss-of-function (protein-truncating variants: premature stop, canonical splice-site disruption, or frameshift indels)",Longevity & Genome,HDL Elevation,"This gene is in the library as a cautionary object as much as an enhancement. Cholesteryl ester transfer protein does one job in blood: it picks cholesteryl esters out of HDL particles and hands them to the apoB-containing lipoproteins, VLDL and LDL, taking triglycerides back in exchange. Block it and cholesterol stays in HDL. For twenty years that looked like the most obvious drug idea in cardiology - raise the good cholesterol, lower the bad one, with a single target. Pfizer took torcetrapib into ILLUMINATE, an outcome trial that enrolled 15,067 patients (https://clinicaltrials.gov/study/NCT00134264). It raised HDL cholesterol precisely as designed, and it increased all-cause mortality, so the trial was terminated (Barter 2007, https://doi.org/10.1056/NEJMoa0706628). Then evacetrapib and dalcetrapib were stopped for futility, and anacetrapib, which did reduce events modestly, was never commercialised, in part because the compound accumulated in fat tissue. Against that history, a group at the Broad Institute and Massachusetts General Hospital went back to human genetics with a specific question: forget the drugs, what happens to people who are simply born without this protein? They sequenced the gene's exons in 58,469 participants across twelve case-control studies and found carriers at a rate of about 1 in 975 - people with a premature stop, a disrupted splice site or a frameshift, which is as close to complete inhibition as nature provides. Those carriers had the lipid profile the drugs were aiming for and less coronary heart disease (Nomura 2017, https://doi.org/10.1161/CIRCRESAHA.117.311145). So the genetics say the target was right and the pills were wrong, and the field still does not agree on why - whether torcetrapib's off-target rise in blood pressure explains it, whether lifelong absence differs from late-life blockade, or whether the amount of cholesterol in HDL was never the causal quantity in the first place.","CETP loss reshapes lipid traffic by keeping more cholesterol in HDL particles while modestly lowering LDL. People carrying natural protein-truncating variants had about 30% lower odds of coronary heart disease, offering a human example of lifelong pathway modulation. The genotype remains more compelling than simply raising HDL with a late-life drug, because several CETP inhibitors improved the laboratory numbers without consistently improving outcomes.","CETP encodes cholesteryl ester transfer protein, a 493-amino-acid lipid-transfer protein that circulates in plasma and shuttles cholesteryl esters out of high-density lipoprotein (HDL) particles into the apolipoprotein-B-containing lipoproteins, very-low-density lipoprotein (VLDL) and low-density lipoprotein (LDL), carrying triglycerides in the opposite direction. Truncating the protein removes that transfer activity outright, so cholesteryl esters that would have been handed to atherogenic particles are instead retained in HDL. The consequence is unusual among lipid variants in that it moves three measurements at once and in the directions a cardiologist would choose: HDL cholesterol rises, while LDL cholesterol and triglycerides fall. Because the variants studied here are protein-truncating - premature stop codons, canonical splice-site disruptions and frameshift insertions or deletions - rather than missense changes of uncertain consequence, they function as a human read-out of complete pharmacological inhibition of the protein. That is precisely why the sequencing study was performed: after the CETP-inhibitor drugs failed in outcome trials, the question was whether human genetics said the target itself was wrong or whether the molecules were.","Sequencing the exons of this gene in 58,469 participants across twelve case-control studies, comprising 18,817 coronary heart disease cases and 39,652 controls at an average age of 51.5 years, identified protein-truncating variants in 1 in 975 participants and quantified their effect precisely. Carriers had ""higher high-density lipoprotein cholesterol (effect size, 22.6 mg/dL; 95% confidence interval, 18-27; P<1.0x10-4)"", along with ""lower low-density lipoprotein cholesterol (-12.2 mg/dL; 95% confidence interval, -23 to -0.98; P=0.033), and lower triglycerides (-6.3%; 95% confidence interval, -12 to -0.22; P=0.043)"" (Nomura 2017, https://doi.org/10.1161/CIRCRESAHA.117.311145). The clinical endpoint moved in the expected direction: ""CETP PTV carrier status was associated with reduced risk for CHD (summary odds ratio, 0.70; 95% confidence interval, 0.54-0.90; P=5.1x10-3)"", a figure that incorporates an additional Japanese-specific truncating variant genotyped in a further 27,561 participants across three case-control studies of 14,286 cases and 13,275 controls. The honest reading of these numbers notes their asymmetry: the HDL effect is large and overwhelmingly significant, whereas the LDL and triglyceride arms are only marginally so, with the LDL confidence interval extending to -0.98 mg/dL - effectively null at its boundary - and the coronary-disease result comes from case-control odds rather than from a randomised trial in carriers.","T7 (human protein-truncating-variant genetics, n=58,469 sequenced plus 27,561 genotyped; no gene-directed therapeutic, and the pharmacological phenocopy has a history of failed and harmful outcome trials)","The central question this record cannot answer is why human loss of the protein looks protective while drugs that inhibit it did not deliver. Several explanations remain live and the field has not chosen between them: torcetrapib had an off-target effect that raised blood pressure through aldosterone, lifelong absence from conception may not be equivalent to blocking the protein for a few years in late life, and the concentration of cholesterol in HDL may never have been the causal quantity - HDL particle function may matter more than how much cholesterol it carries. No gene-editing or gene-therapy program targets this gene, so no one has ever been given this genotype; every number here comes from people born with it. The effect sizes for LDL cholesterol and triglycerides are only marginally significant, and the coronary-disease benefit rests on an odds ratio derived from case-control comparison rather than from any randomised trial in carriers, which means the enhancement's headline claim has never been tested prospectively in anyone.",Nomura Circulation Research 2017 https://doi.org/10.1161/CIRCRESAHA.117.311145 | Inazu Journal of Atherosclerosis and Thrombosis 2025 https://doi.org/10.5551/jat.rv22037 | Barter New England Journal of Medicine 2007 https://doi.org/10.1056/NEJMoa0706628,"The pharmacological history attached to this target is the most important thing in this record, and it points the other way from the genetics. Torcetrapib, tested in the ILLUMINATE outcome trial, raised HDL cholesterol as designed but increased all-cause mortality and was terminated; evacetrapib in ACCELERATE and dalcetrapib were stopped for futility despite large HDL gains; anacetrapib in REVEAL achieved only a modest event reduction and was not commercialised, partly because the compound accumulated in adipose tissue. Those trial papers were not retrieved for this record, so they are named as context and no numbers are quoted from them - the direction of their outcomes is what matters here. Obicetrapib, from NewAmsterdam Pharma, is the current late-stage candidate, with recent reports describing attenuated kidney-function decline in high-cardiovascular-risk patients and interest in Alzheimer's prevention; that literature (https://doi.org/10.1016/j.ajpc.2026.101532 and https://doi.org/10.1016/j.jlr.2026.101029) was retrieved as metadata only, and again no figures from it are asserted. Homozygous deficiency of this protein is comparatively common in Japan and produces marked hyperalphalipoproteinemia whose long-term consequences remain under active debate (Inazu 2025, https://doi.org/10.5551/jat.rv22037). Two further caveats on population specificity: a 2025 Atherosclerosis paper examines truncating variants and coronary risk specifically among heterozygous familial hypercholesterolaemia patients, a group in which the effect may differ (https://doi.org/10.1016/j.atherosclerosis.2025.120417, metadata only), and a separate genome-wide association study reports protective variation at this locus in cardiovascular resilience (https://doi.org/10.1161/JAHA.123.031459). Reference identifiers are UniProt P11597 (https://www.uniprot.org/uniprotkb/P11597) and PDB 2OBD (https://www.rcsb.org/structure/2OBD), one of three solved structures.",,1
chrna1_mongoose,CHRNA1,Base editing (F187N substitution),Environmental Adaptation,Venom Resistance,"The Egyptian mongoose attacks cobras with impunity, and the molecular secret fits in a single amino acid change. Snake alpha-neurotoxins kill by binding the muscle nicotinic acetylcholine receptor (nAChR) at the alpha-1 subunit, paralyzing the diaphragm and causing death by suffocation. Drabeck and colleagues showed in 2015 that mongooses, honey badgers, hedgehogs, and pigs have independently acquired amino acid substitutions at position 187 in the toxin-binding site of CHRNA1 that prevent alpha-neurotoxin binding through two mechanisms: introduction of an N-glycosylation motif (F187N in mongooses, adding a bulky sugar that blocks the toxin) or a positive charge (Y187R in honey badgers, electrostatically repelling the toxin). In 2022, Drabeck expanded the survey to find at least 13 independent instances of convergent venom resistance across all mammals — one of the most frequently convergently evolved traits known. Crucially, these single amino acid changes do not impair normal acetylcholine signaling. The receptor still conducts neurotransmission perfectly. This makes CHRNA1 F187N an ideal base editing target: one nucleotide change, minimal off-target risk, and the adaptation has been validated by natural selection in over a dozen independent mammalian lineages.","Mongooses and other venom-resistant mammals carry receptor changes that prevent cobra-like alpha-neurotoxins from blocking the nerve-to-muscle signal. Evolution has independently arrived at related solutions at least 13 times, suggesting a robust way to preserve breathing and movement during otherwise paralysing envenomation. The protection is exquisitely targeted to toxins that bind nicotinic acetylcholine receptors rather than a universal antidote to every venom.",The F187N substitution introduces an N-linked glycosylation sequon at the alpha-neurotoxin binding site of the nAChR alpha-1 subunit. The attached N-glycan sterically blocks alpha-bungarotoxin and cobra neurotoxin binding. Alternative Y187R introduces positive charge that electrostatically repels cationic toxin. Both leave acetylcholine binding and channel gating intact.,"Drabeck 2015 Toxicon: convergent nAChR mutations in mongoose (F187N), honey badger (Y187R), hedgehog, pig — two distinct biochemical resistance mechanisms. Drabeck 2022 Biol Lett: 13 independent convergent evolution events across mammals under positive selection. Chandrasekara 2025: 25 additional instances in Australian skinks, binding assays confirming resistance.",T5 (mammalian natural variants + functional binding assays),"No engineered base-editing demonstration — all evidence from natural variants. In-vivo venom challenge in edited animals not performed. Protection specific to alpha-neurotoxins — does not cover hemotoxic, cytotoxic, or phospholipase venoms.",Drabeck Toxicon 2015 https://doi.org/10.1016/j.toxicon.2015.03.007 | Drabeck Biol Lett 2022 https://doi.org/10.1098/rsbl.2022.0361,"Protects ONLY against alpha-neurotoxins (elapid snake venom) — not viper hemotoxins, bee venom, or other mechanisms. Practical utility is narrow: relevant for people in cobra/krait/mamba habitats or military/fieldwork in tropical regions. The beauty is evolutionary validation — nature has run this exact experiment 13+ times and the edit always works without breaking the receptor.",,1
cirbp,CIRBP,Overexpression,Environmental Adaptation,Cold-Inducible Repair,"Bowhead whales live past 200 years in Arctic water, reach more than 80,000 kilograms, and are not especially cancer-prone despite having vastly more cells and vastly more time in which those cells can go wrong. Firsanov and colleagues set out to find why, and the answer they found inverts the usual expectation.

They first asked how many oncogenic hits bowhead fibroblasts need to transform. The answer was fewer than human fibroblasts need, not more. The whale is not protected by extra tumour suppressor barriers. What its cells do have is better repair: enhanced double-strand break repair capacity and fidelity, and lower mutation rates than other mammals. Screening DNA repair proteins across species by immunoblot, quantitative mass spectrometry and transcriptome sequencing turned up the cold-inducible RNA-binding protein CIRBP as markedly abundant in bowhead fibroblasts and tissues, while it was largely undetectable in other mammals apart from humpback whale, with moderate levels in dolphins. Putting bowhead CIRBP into human cells enhanced both non-homologous end joining and homologous recombination, reduced micronuclei formation, promoted DNA end protection and stimulated end joining in vitro; the legacy version of this record quantified those gains as roughly 1.6-fold and the whale's protein abundance as roughly 100 times the human and mouse level, figures that summarise the paper's panel data rather than sentences in its text. Overexpressing CIRBP in Drosophila extended lifespan and improved survival after irradiation (2025, https://doi.org/10.1038/s41586-025-09694-5).

The strategy this describes is meticulous proofreading rather than armour plating. The whale cell is not hard to break. It is very good at fixing what breaks, and fixing it correctly the first time instead of leaving a scar.","Bowhead-whale CIRBP makes repair of DNA double-strand breaks more accurate, a compelling feature in an animal that maintains a vast body for more than two centuries. In human cells the whale protein improved repair performance by about 1.6-fold, and it also extended survival in fruit flies. The result points to better repair quality—not merely faster patching—as a route to keeping long-lived tissues genetically stable.","CIRBP is a small stress-response RNA-binding protein of roughly 18 kilodaltons, built from an RNA recognition motif and a glycine-rich domain. At a double-strand break it accumulates in the chromatin fraction, an enrichment that Firsanov and colleagues showed is sensitive to RNase A treatment, indicating that its recruitment depends on RNA. Once there it promotes loading of the Ku70/Ku80 heterodimer onto DNA ends, protects double-stranded DNA from exonuclease degradation, and stimulates end joining, which places it upstream in the non-homologous end joining pathway alongside the XRCC4-DNA ligase IV step. It also binds poly(ADP-ribose), linking it to the earliest damage-signalling events.

The bowhead advantage is a matter of protein abundance rather than a novel catalytic activity. Human and bowhead CIRBP differ by five carboxy-terminal amino acid residues. Substituting those five residues from the whale into human CIRBP increased its protein abundance, and the reciprocal substitution into the whale protein decreased it. The humanised-to-whale swap did not reach full bowhead expression levels, which led the authors to conclude that synonymous changes to the messenger RNA coding sequence also contribute to higher translation efficiency (https://doi.org/10.1038/s41586-025-09694-5).","Firsanov and colleagues reported that CIRBP is markedly abundant in bowhead whale fibroblasts and tissues, measured by western blot, by label-free liquid chromatography-mass spectrometry on fibroblasts from twelve samples per species and on nuclear liver extracts from three biological replicates per species, and by transcriptome sequencing. In the same panel it was largely undetectable in other mammals except humpback whale, with moderate levels in dolphins. The legacy version of this record summarised the difference as approximately 100 times higher protein abundance in bowhead than in human or mouse, and the repair gain in human cells as approximately 1.6-fold for both non-homologous end joining and homologous recombination; both figures are readings of the paper's quantified panels rather than values stated in its running text, and I have kept them here in that form rather than dropping them. By contrast, Ku70, Ku80 and DNA-PKcs were more abundant in human cells than in the whale, which the authors interpret as a human-specific adaptation.

Expressing bowhead CIRBP in human fibroblasts enhanced both non-homologous end joining and homologous recombination frequencies, measured with GFP reporter constructs, and reduced the percentage of binucleated cells carrying micronuclei three days after 2 Gy of gamma irradiation. Purified recombinant bowhead CIRBP stimulated end joining in vitro, promoted Ku binding to a labelled double-stranded DNA substrate, and protected a 20-base-pair duplex from T7 exonuclease digestion. Knocking CIRBP down in bowhead fibroblasts with small interfering RNA reduced repair, closing the loop in the whale's own cells.

Bowhead fibroblasts themselves resolved double-strand break foci faster than human cells after bleomycin, were more resistant to bleomycin and etoposide in clonogenic assays, and formed fewer micronuclei after gamma irradiation. Sequencing of repair junctions indicated higher non-homologous end joining fidelity in the whale than in humans and other mammals, alongside lower mutation rates.

Overexpression of CIRBP in Drosophila extended adult survival, with 1,357 flies for the bowhead construct and 1,730 for the human construct, and improved resistance to irradiation. Bowhead CIRBP also inhibited anchorage-independent growth in soft agar and slowed tumour progression in xenografts of transformed human fibroblasts (2025, https://doi.org/10.1038/s41586-025-09694-5).",T6 + T3 (Drosophila whole-organism longevity) + T2,"No transgenic mouse lifespan or cancer study has been done, so the longevity claim rests on Drosophila and the repair claim on cultured human cells. Delivery to a human would require adeno-associated virus or lipid nanoparticle packaging, neither of which has been attempted for this gene. The safety question is specific and known: the same protein released into the extracellular space acts as a pro-inflammatory damage-associated molecular pattern, so raising CIRBP levels systemically has a defined mechanism by which it could cause harm.",Firsanov Nature 2025 https://doi.org/10.1038/s41586-025-09694-5 | Qiang Nature Medicine 2013 https://doi.org/10.1038/nm.3368,"The central paradox is that bowhead fibroblasts require fewer oncogenic hits to transform than human fibroblasts do (https://doi.org/10.1038/s41586-025-09694-5). The whale's cancer resistance therefore cannot be explained by stronger tumour-suppressive barriers, which is the mechanism most often proposed for Peto's paradox, and instead has to be explained by repair fidelity. This matters for anyone reasoning about human application: importing a whale repair protein does not import a whale-like resistance to transformation, and the two properties are separable.

CIRBP has genuinely opposed roles depending on where it is. Inside the nucleus it supports accurate repair. Released from stressed cells, extracellular CIRP acts as a pro-inflammatory damage-associated molecular pattern in haemorrhagic shock and sepsis (Qiang 2013, https://doi.org/10.1038/nm.3368), and it also has ischaemia-reperfusion injury and pro-tumorigenic roles reported in hepatocellular carcinoma and breast cancer. Whether raising it helps or harms is therefore context-dependent in a way that is not resolved.

The causal attribution is not airtight either. CIRBP is one among many differentially expressed proteins in the bowhead comparison, and RPA2 is also elevated. The authors' knockdown and overexpression experiments make the case for CIRBP contributing, but they do not exclude other contributors to the whale's repair phenotype.

The two clinical trial records attached to this gene are observational measurements of the human protein, not interventions. One assesses serum and tissue CIRBP levels in patients (https://clinicaltrials.gov/study/NCT06260189) and the other examines the correlation between donor CIRBP and transplanted kidney function as a predictor of delayed graft function (https://clinicaltrials.gov/study/NCT06641622). Nobody is administering CIRBP to a human.",Stress Resistance,1
cisd2,CISD2,Overexpression (transgenic; maintains youthful expression level against the normal age-dependent decline),Longevity & Genome,Mitochondrial Integrity,"CISD2 sits on the mitochondrial outer membrane, and the amount of it falls as a mouse ages. That decline matters in both directions, which is unusual and is what makes this gene worth having in the record.

Delete it and the mouse ages early. Tsai's group showed that Cisd2-deficient mice suffer mitochondrial breakdown and dysfunction with autophagic cell death, and that these events precede the first visible failures — nerve and muscle degeneration — assembling into a premature-ageing phenotype. Homozygous nulls lost around 22% of median lifespan in females and 21.8% in males; heterozygotes were shortened too, so one functional copy is not enough. The same work identified CISD2 as the causative gene for Wolfram syndrome 2 in humans and argued the syndrome is in part mitochondrial (Chen 2009, https://doi.org/10.1101/gad.1779509).

Then they did the harder experiment. Holding CISD2 at a persistent youthful level by transgenic expression extended both median and maximum lifespan — 19.3% mean in males, 18.8% in females — and did so, in the authors' words, without apparent deleterious side effects. Skin, skeletal muscle and neurons all aged more slowly, mitochondria were protected from age-associated damage and functional decline, and the age-associated fall in whole-body energy metabolism was attenuated (Wu 2012, https://doi.org/10.1093/hmg/dds210).

The gene lies on human chromosome 4q, in the interval where an early linkage study mapped a component of human longevity. That is motivation rather than evidence — 4q is a large piece of chromosome — and the authors present it as such.

What makes CISD2 a strong entry is the symmetry: loss shortens life and causes a human disease, restoration to youthful levels extends it, and both arms carry mitochondrial and tissue-level phenotypes rather than a bare survival curve. What makes it incomplete is that both arms come from the same laboratory.","A small protein on the mitochondrial outer membrane keeps those mitochondria intact, and the body makes progressively less of it with age. Holding it at youthful levels extended mouse median and maximum lifespan by about 19% while slowing degeneration of skin, muscle and neurons — one Taiwanese laboratory, no vector or drug. Humans who inherit two broken copies get Wolfram syndrome 2: juvenile optic atrophy and diabetes.","CISD2 (also NAF-1) is a 135-residue CDGSH iron-sulfur domain protein anchored in the mitochondrial outer membrane and in endoplasmic-reticulum membranes, binding a labile [2Fe-2S] cluster through redox-sensitive coordination. It participates in iron-sulfur cluster handling and in the control of calcium flux and autophagy at the mitochondria-ER interface. Its loss causes mitochondrial breakdown and dysfunction with autophagic cell death, with nerve and muscle failing first, consistent with their dependence on mitochondrial supply. Sustaining the protein at youthful levels protects mitochondria from age-associated damage and functional decline and attenuates the age-associated fall in whole-body energy metabolism, which places the gene on the mitochondrial-integrity and macroautophagy hallmarks rather than among the antioxidant enzymes.","Loss of function. Cisd2 deficiency in mice caused mitochondrial breakdown and dysfunction accompanied by autophagic cell death, preceding nerve and muscle degeneration and producing a premature-ageing phenotype; the work also established CISD2 as the causative gene for Wolfram syndrome 2 in humans (Chen 2009, https://doi.org/10.1101/gad.1779509). Per-cohort survival losses recorded in OpenGenes: homozygous nulls -22.3% median in females and -21.8% in males, a mixed-sex cohort at -27.9% median, and another heterozygous cohort at -20.4% median with a bone phenotype; heterozygotes -16.0% median in females and -8.1% in males, so a single functional copy does not suffice.

Gain of function. A persistent level of CISD2 achieved by transgenic expression extended median and maximum lifespan without apparent deleterious side effects, ameliorated age-associated degeneration of skin, skeletal muscles and neurons, protected mitochondria from age-associated damage and functional decline, and attenuated the age-associated reduction in whole-body energy metabolism (Wu 2012, https://doi.org/10.1093/hmg/dds210). Per-cohort figures: +19.3% mean and +19.4% median lifespan in males, +18.8% mean and median in females, with the maximum-lifespan gain reaching +28.7% in the female cohort.

The two arms are internally consistent — same gene, same laboratory, opposite manipulations, opposite outcomes, mitochondrial phenotypes in both — and the gain-of-function arm is the rarer and more valuable one, because it is a restoration to youthful expression rather than a supraphysiological load.",T5 (bidirectional mammalian in-vivo lifespan with mitochondrial and multi-tissue endpoints; single laboratory lineage) + T8 for the human loss-of-function phenotype (Wolfram syndrome 2),"Both the loss- and gain-of-function lifespan arms come from the same group at National Yang-Ming University, and neither has been independently replicated. There is no CISD2 gene therapy, no vector, and no compound that raises CISD2 expression in a human; the only registered human study touching the gene is the Wolfram syndrome registry (NCT02841553), which observes patients who have lost it rather than supplying it. The human genetic evidence runs entirely in the loss direction, so we know what human deficiency looks like and nothing about human excess. The chromosome 4q longevity linkage that motivated the work is a broad interval and has not been resolved to this gene. Because the intervention is defined as maintaining a youthful level, its translation also depends on a dosing window nobody has mapped: the mouse experiment did not test expression above the youthful set point, and CISD2/NAF-1 is overexpressed in several human cancers where it supports tumour-cell survival.",Chen Genes Dev 2009 https://doi.org/10.1101/gad.1779509 | Wu Hum Mol Genet 2012 https://doi.org/10.1093/hmg/dds210,"BOTH DIRECTIONS ARE IN THE RECORD AND BOTH BELONG. Eight mouse cohorts: two gain-of-function cohorts extend lifespan (+19.3% mean males, +18.8% mean females), six loss-of-function cohorts shorten it (-8.1% to -27.9% median). The enhancement claim rests on the two overexpression cohorts; the six negative rows are the loss-of-function arm and are recorded with positive='false'.

HUMAN DISEASE TRADEOFF, NAMED. Biallelic loss of CISD2 causes Wolfram syndrome 2: juvenile optic atrophy, diabetes mellitus, defective platelet aggregation with bleeding tendency, and neurodegeneration. The direction of the enhancement (more, not less) is therefore not contradicted by human genetics — but the gene is a Mendelian disease locus and any manipulation touches it.

CANCER TRADEOFF. CISD2/NAF-1 is overexpressed in several human cancers, where the protein supports tumour-cell survival and resistance to apoptosis. The mouse gain-of-function study reported no deleterious side effects but was not a tumour study, and it deliberately restored youthful rather than supraphysiological levels. Expression above the youthful set point is not covered by the mouse data.

SINGLE LABORATORY. Both arms are from Tsai's group; no independent replication of either the shortened or the extended survival curve.

CHROMOSOME 4q. The human longevity linkage on 4q is cited by the authors as motivation for studying the gene. It is a large interval and has not been resolved to CISD2. Do not present it as a human longevity association for this gene — the OpenGenes record contains no longevity-association rows for CISD2.

THE MAXIMUM-LIFESPAN COLUMN. The largest single number in the gain-of-function record is +28.7% maximum lifespan in females. The headline used on the card is the mean/median figure of about 19%.",Stress Resistance,0
clock_bmal1_dolphin,CLOCK / BMAL1,Cetacean variant overexpression,Environmental Adaptation,Polyphasic Sleep,"Dolphins sleep with half their brain at a time — one hemisphere stays awake, so they never stop swimming or breathing. The molecular question is whether this is hardwired into the genes of their circadian clock. Yin et al. in 2025 took the cetacean-specific amino-acid changes and dropped them into zebrafish Clock and Bmal1 proteins, then bred transgenic larvae: the mutant fish slept significantly less, stayed alert longer, and upregulated wake-promoting glutamate signaling while downregulating the sleep-promoting GABA and acetylcholine networks. That's a real result — a cell-autonomous piece of the sleep rewiring — but it's also a toe in the water, not a leg. The actual dolphin genes have never been knocked into a mammal. Zebrafish don't have unihemispheric sleep, and hemispheric asymmetry is almost certainly a brain-network property, not something you can install in a cell culture. The clock mutations look like one ingredient in a much larger recipe.","Cetacean-style substitutions in CLOCK and BMAL1 strengthened circadian transcription and shifted neural signalling toward wakefulness. Zebrafish larvae carrying the altered proteins slept less, had shorter sleep bouts and woke more often, providing a functional demonstration of reduced sleep drive. Dolphin-like half-brain sleep still depends on specialised neural circuitry, but these variants reveal a molecular ingredient that can tune the sleep–wake balance.",bHLH-PAS circadian transcription factors; cetacean-specific substitutions alter nuclear localization and TF activation.,"Yin 2025 PLOS Genet: cetacean-specific substitutions introduced into ZEBRAFISH Clocka/Bmal1a backbone. Luciferase per1b promoter reporter: Clocka-mut and Bmal1a-mut significantly enhanced transactivation. Nuclear localization increased; Co-IP showed stronger heterodimer (p=0.0184). Zebrafish larvae overexpressing mutants (n=40–46) had significantly reduced sleep, shorter bouts, more wake bouts (p<0.0001). Transcriptome: ↑glutamatergic wakefulness genes; ↓GABAergic/cholinergic sleep genes.",T3 (zebrafish whole-organism),Mouse knock-in; EEG/hemispheric resolution study; unihemispheric sleep is not a cell-autonomous phenotype.,Yin PLoS Genet 2025 https://doi.org/10.1371/journal.pgen.1011598,"NOT the actual dolphin gene — mutations introduced on zebrafish backbone at homologous positions; zebrafish don't exhibit USWS; no mammalian validation. Same group's Bai 2024 SLEEP: BMAL2 (not BMAL1) K204E/K346Q enhances PER2 activation in zebrafish — three different clock genes (CLOCK, BMAL1, BMAL2) all claimed to adapt, overlapping claims unresolved. USWS is widely viewed as network/neuroanatomical, not cell-autonomous.",,1
cltx,Chlorotoxin,Synthetic gene expression,Expression,Venom Production,"The deathstalker scorpion's sting contains a 36-amino-acid peptide called chlorotoxin that evolution designed to kill — but oncologists are using it to find and treat brain tumors. Chlorotoxin selectively binds chloride channels and matrix metalloproteinase-2 (MMP-2) on the surface of glioma cells with remarkable specificity, while ignoring normal brain tissue. Mamelak and colleagues ran Phase I/II clinical trials in 2006 using iodine-131-labeled synthetic chlorotoxin (TM-601) injected directly into brain tumors of 18 glioma patients: the peptide bound to tumor periphery with long retention, one patient achieved partial response, and two were disease-free beyond 30 months. A next-generation version, tozuleristide (BLZ-100), conjugates chlorotoxin with a near-infrared fluorescent dye for real-time surgical tumor visualization. Patil and colleagues reported in 2019 that BLZ-100 was safe at doses up to 30 mg IV with fluorescence detected in both high- and low-grade gliomas. This is one of the most clinically advanced venom-derived peptides in medicine — a scorpion protein repurposed to paint cancers visible under a surgeon's lamp. The FDA granted orphan drug designation for pediatric brain tumor imaging.","Chlorotoxin turns a 36-amino-acid scorpion peptide into a precision guide for glioma surgery and targeted treatment. A radioactive form concentrated around brain tumours in an 18-person study, while fluorescent tozuleristide made both high- and low-grade gliomas visible during surgery at doses up to 30 mg intravenously. It is a vivid example of venom chemistry repurposed to find malignant tissue that is difficult to distinguish from healthy brain.","Chlorotoxin is a 36-aa cystine-knot miniprotein with 4 disulfide bonds. It binds MMP-2 and chloride channels (ClC-3) overexpressed on glioma cell surfaces, inhibiting cell migration and invasion. Glioma selectivity correlates with annexin A2 expression. Conjugated to I-131 for targeted radiotherapy or ICG for fluorescence-guided surgery.","Mamelak 2006 J Clin Oncol: Phase I/II 131I-TM-601 in 18 glioma patients — well tolerated, tumor-specific binding, 1 PR, 2 disease-free >30 months. Patil 2019 Neurosurgery: BLZ-100 Phase I safe at 30 mg IV, fluorescence in gliomas, no DLTs. Fu 2007: recombinant CTX IC50 ~0.28 μM in glioma vs ~8 μM in normal astrocytes.",T7 (Phase I/II human clinical trials),Glioma selectivity mechanism incompletely understood. Full regulatory approval not yet achieved. IV systemic delivery crosses BBB with limited efficiency. Non-brain tumor applications less validated.,Mamelak J Clin Oncol 2006 https://doi.org/10.1200/JCO.2005.05.4569 | Patil Neurosurgery 2019 https://doi.org/10.1093/neuros/nyz125 | Fu Neurosci Lett 2006 https://doi.org/10.1016/j.neulet.2006.10.056,"While chlorotoxin is a scorpion venom component, the therapeutic versions are synthetic peptides — no actual venom production is involved. BLZ-100/tozuleristide (Blaze Bioscience) is the most clinically advanced chlorotoxin conjugate. The binding mechanism via annexin A2 and MMP-2 is still debated — specificity correlates with but may not be perfectly selective for malignant tissue.",Longevity & Genome,0
clu_secreted,"CLU (clusterin / apolipoprotein J, secreted isoform)",Overexpression of the secreted isoform (human transgene),Stress Resistance,Protein Disaggregation,"Most chaperones live inside cells and spend ATP. Clusterin does neither. It is secreted into blood and cerebrospinal fluid, works without any energy source, and its job is to catch proteins that have started to unfold in the extracellular space and hold them in a soluble complex before they can aggregate. It is the extracellular arm of proteostasis, and the space it patrols is exactly where amyloid forms.

The cleanest gain-of-function test was done in flies. Kim and colleagues put the human secreted clusterin coding sequence into Drosophila under GAL4 control and found the protein in adult homogenates and larval haemolymph. Flies expressing it ubiquitously or in motor neurons lived significantly longer than uninduced controls, and were more tolerant of heat shock, wet starvation and oxidative stress, with lower whole-body reactive oxygen species (https://doi.org/10.1016/j.bbrc.2012.03.087). The largest single OpenGenes row is a 32.5% mean-lifespan gain in motor-neuron-expressing males, 32.9 to 43.6 days.

The mammalian half of the story arrived from a different direction. De Miguel and colleagues at Stanford found that plasma from running mice, infused into sedentary mice, reduces brain inflammation, and that clusterin is one of the proteins that goes up. Intravenously injected clusterin binds brain endothelial cells and lowers neuroinflammatory gene expression in both an acute-inflammation model and an Alzheimer's model, and people with cognitive impairment who exercised for six months had higher plasma clusterin (https://doi.org/10.1038/s41586-021-04183-x). That is protein infusion, not gene delivery — a distinction this card keeps.","A secreted chaperone circulates in blood, grips proteins that have begun to unfold and holds them soluble before they can clump, and coats brain blood vessels to damp inflammatory signalling. Flies carrying the human gene lived 32.5% longer on average, from 32.9 to 43.6 days, though maximum lifespan moved only 11.9%. Injected as protein it calms inflamed mouse brains, but the gene has never been delivered to a mammal and this locus carries a common Alzheimer's risk allele.","CLU encodes a 449-residue precursor that is cleaved into alpha and beta chains held together by five disulphide bonds and heavily glycosylated, giving a secreted heterodimer of roughly 75 to 80 kDa. It is an ATP-independent, or 'holdase', chaperone: amphipathic helices and disordered segments expose hydrophobic surfaces that bind slow-aggregating, partially unfolded client proteins and keep them soluble in high-molecular-weight complexes, which are then routed to receptor-mediated endocytosis and lysosomal clearance rather than refolded. In the vasculature it also inhibits the terminal complement complex, and the Stanford work shows it binds brain endothelial cells and damps interferon signalling there. In the fly, expressing the human secreted form lowers whole-body reactive oxygen species; in vitro, clusterin prevented metal-catalysed oxidative inactivation of glutamine synthetase, and that protection required thiol-reducing equivalents and was abolished by blocking clusterin's sulfhydryl groups.","All six OpenGenes rows are Drosophila gain-of-function with the human CLU transgene, every one flagged significant by mean. Motor-neuron expression (D42-GAL4) of the S7 line gave +32.5% mean lifespan (32.9 to 43.6 days), the S4 line +30.4% (32.9 to 42.9), and the S10 line +27.1% (32.9 to 41.8). Ubiquitous expression (da-GAL4) gave +29.2% (31.2 to 40.3 days, S4), +22.7% (S7) and +16.0% (S10). The controls live 31 to 33 days, which is short for a well-kept Drosophila cohort, and the maximum-lifespan changes in the same rows are much smaller — +11.9%, +6.8%, +3.4%, +3.4%, +1.7% and -3.4% — so the intervention compresses early mortality far more than it moves the ceiling. Flies also survived heat shock, wet starvation and oxidative stress better with lower whole-body ROS (Kim 2012, https://doi.org/10.1016/j.bbrc.2012.03.087). In mice, systemically injected recombinant clusterin bound brain endothelial cells and reduced neuroinflammatory gene expression in an acute-inflammation model and in APP transgenic mice; in humans, 6 months of structured exercise raised plasma clusterin in patients with mild cognitive impairment (De Miguel 2021, https://doi.org/10.1038/s41586-021-04183-x).","T4 (invertebrate in-vivo lifespan with the human gene, six significant rows across two drivers and three independent insertion lines, plus mammalian recombinant-protein efficacy in two mouse neuroinflammation models and a human exercise biomarker; no mammalian gene delivery)","The mammalian evidence is protein infusion, not gene delivery: no one has overexpressed the CLU gene in a mouse and measured lifespan or neurodegeneration, so the fly transgene result and the mouse protein result do not yet meet. Direction is genuinely contested at this locus — the common rs11136000 region is one of the strongest Alzheimer's risk loci, and plasma clusterin rises with disease severity, so it is not obvious whether higher clusterin is protective or a marker of damage; the exercise work argues protective, the epidemiology is ambiguous. The fly controls lived only 31 to 33 days, on the short side, which inflates a percentage gain relative to a longer-lived control. The maximum-lifespan changes in the same rows are an order of magnitude smaller than the mean changes, so this compresses early mortality rather than extending the ceiling. Clusterin is also implicated in tumour cell survival and is the target of an antisense drug developed to LOWER it in prostate cancer, which is the opposite direction to this card.",Kim BBRC 2012 https://doi.org/10.1016/j.bbrc.2012.03.087 | De Miguel Nature 2021 https://doi.org/10.1038/s41586-021-04183-x,"This card is placed in Stress Resistance rather than Longevity & Genome deliberately: the verified phenotype set is heat, starvation and oxidative-stress tolerance plus extracellular chaperone activity, and Longevity & Genome is out of balance budget. Trait reuse: 'Protein Disaggregation' already exists (hsp104_potentiated) and fits an extracellular holdase, though the mechanisms differ — Hsp104 pulls apart aggregates that exist, clusterin prevents them forming. Number discipline: the +32.5% figure is the mean-lifespan column of the D42-GAL4 S7 row with significance_mean=1, and the paired maximum change on that same row is +11.9%; both belong on the card so the reader is not misled. The clusterin used in the mouse experiments was recombinant protein injected retro-orbitally, not a transgene. Human CLU has only 2 PDB entries despite intense interest, because the glycosylated disulphide-linked heterodimer is hard to crystallise.",,1
cpdp_potoroo,CPD Photolyase,Knock-in (mRNA or transgene),Environmental Adaptation,UV Photorepair,"Every time you get a sunburn, ultraviolet light is welding your DNA bases together — creating cyclobutane pyrimidine dimers (CPDs) that cause mutations and eventually skin cancer. Humans repair this damage slowly through nucleotide excision repair. But there's a faster fix that evolution took away from us: photolyase, a light-activated enzyme that directly reverses CPDs in a single catalytic step. All plants, bacteria, fungi, and most vertebrates have it — but placental mammals lost the gene around 170 million years ago. Marsupials still have it. The long-nosed potoroo carries a functional class II CPD photolyase, and when Jans and colleagues put it into transgenic mice in 2005, the result was remarkable: powerful resistance to UV-induced skin cancer, with dramatically reduced sunburn, apoptosis, hyperplasia, and mutation. Boros and colleagues went further in 2013, delivering marsupial photolyase to human keratinocytes via pseudouridine-modified mRNA — the same technology as COVID vaccines — and demonstrated functional CPD repair, reduced IL-6 inflammation, and rescued cell proliferation after UVB exposure. This is one of the cleanest lost-gene-restoration stories in biology: we once had this gene, we lost it in the nocturnal mammal bottleneck, and we can put it back using mRNA.","Marsupial CPD photolyase uses blue light to undo a common UV-induced DNA lesion in a single catalytic step, restoring bases instead of cutting out a damaged stretch. Transgenic mice gained powerful protection from sunburn responses, mutations and UV-driven skin tumours, while modified mRNA restored repair in human keratinocytes. This is a clean restoration of a photorepair system that placental mammals lost during evolution.","CPD photolyase binds cyclobutane pyrimidine dimer lesions in DNA and, upon absorption of blue/UV-A light (300–500 nm), uses an FAD cofactor to transfer an electron that splits the cyclobutane ring, restoring the two pyrimidines to their undamaged state in a single catalytic step.","Jans 2005 Curr Biol: CPD-photolyase transgenic mice showed powerful resistance to UV-induced skin tumorigenesis. Nearly all acute UV responses (sunburn, apoptosis, hyperplasia, mutation) were CPD-dependent and blocked. Boros 2013: pseudouridine-mRNA photolyase in human keratinocytes — reduced CPDs, IL-6, rescued proliferation after UVB.",T5 (transgenic mouse skin cancer prevention) + T6 (human keratinocyte mRNA delivery),No human in-vivo trial. Photolyase requires visible light activation — deep skin layers may not receive sufficient light. mRNA delivery is transient. Potential interaction with melanin UV shielding unknown.,Jans Curr Biol 2005 https://doi.org/10.1016/j.cub.2005.01.001 | Boros J Photochem Photobiol B 2013 https://doi.org/10.1016/j.jphotobiol.2013.09.010 | Kavakli Adv Protein Chem Struct Biol 2019 https://doi.org/10.1016/bs.apcsb.2018.10.003,"Cosmetic products containing bacterial photolyase-liposomes exist (e.g., Eryfotona Actinica), but clinical efficacy is debated. The mRNA approach (Boros 2013) is more rigorous — produces intranuclear enzyme. Light-activation requirement is both a safety feature (only active in illuminated skin) and a limitation (cannot repair damage in deep dermis).",Stress Resistance,1
cry4a_robin,CRY4a,Overexpression,Perception,Magnetoreception,"Migratory birds find their way by sensing Earth's magnetic field through their eyes. The leading candidate for the magnetic sensor is CRY4a, a cryptochrome protein in retinal photoreceptors that generates short-lived radical pairs when blue light hits it, and those radical pairs respond weakly to magnetic fields. In 2021 an Oxford-Oldenburg collaboration purified the European robin's CRY4a, recreated the radical pairs in a cuvette, and showed that they were more magnetically sensitive than the chicken or pigeon versions (Xu 2021, https://doi.org/10.1038/s41586-021-03618-9). This is quantum biology you can measure in a test tube.

The physics is gorgeous, but the translation into a living body is shaky. Zhang and Malkemper pointed out in 2023 that mammalian cells contain FAD, the cofactor cryptochrome needs, at nanomolar levels — orders of magnitude below what the radical-pair mechanism appears to require (Zhang 2023, https://doi.org/10.3389/fphys.2023.1250798). On that arithmetic alone, a mammalian magnetic compass running through CRY4 looks biochemically implausible. Pigeons complicate the story further: their CRY4 is also magnetically sensitive, yet pigeons are not night-migrants, so possessing the molecule is not by itself sufficient even in birds.","European robin CRY4a converts blue light into radical-pair chemistry that changes measurably in a magnetic field. Purified robin protein was more magnetically sensitive than chicken or pigeon versions, and mutating its tryptophan electron-transfer chain progressively erased the effect. It is an unusually tangible piece of quantum biology, although a working compass would also need sufficient flavin, retinal organisation and a neural readout.","Cryptochrome 4a is a 527-amino-acid flavoprotein that carries out radical-pair magnetoreception using a flavin adenine dinucleotide (FAD) cofactor. When blue light excites the FAD, an electron travels to it along a chain of four tryptophan residues — the tryptophan tetrad, W395, W372, W318 and W369 — leaving behind a pair of radicals whose two unpaired electron spins are quantum-mechanically correlated. That pair interconverts between its singlet and triplet states, and the rate of interconversion is modulated by the geomagnetic field, so the chemical yield of the reaction depends on how the bird's head is oriented relative to the field lines.","Xu and colleagues purified recombinant European robin CRY4 (ErCry4) expressed in E. coli and used transient absorption spectroscopy to demonstrate photoinduced FAD/tryptophan radical pairs directly. Under identical conditions the magnetic field effects on the robin protein were larger than those on the chicken or pigeon CRY4 orthologs, and mutating the tryptophan tetrad residues progressively abolished the electron-transfer cascade (Xu 2021, https://doi.org/10.1038/s41586-021-03618-9). The effect sizes were only a few percent, and they were recorded at field strengths above geomagnetic, not at the strength of the field a bird actually flies through. The same work localised the protein to the outer segments of double cones and long-wavelength single cones in the retina and reported seasonal upregulation, though that seasonal correlation remains correlative rather than causal. Separately, robin CRY4a was shown to associate with ordered lipid bilayers, which satisfies one molecular-level precondition for a directional sensor (Majewska 2025, https://doi.org/10.1021/acschembio.4c00576; first posted as a 2024 preprint with Bartölke as a co-author, https://doi.org/10.1101/2024.07.20.604329).",T2 (in vitro biochem) + T1 correlative,"No transgenic mouse, fly or fish has ever been shown to acquire magnetoreception through CRY4. The entire evidence base is purified protein in a spectrometer plus correlative anatomy in birds, and nobody has closed the gap between a magnetically sensitive molecule and an animal that can orient by it.",Xu Nature 2021 https://doi.org/10.1038/s41586-021-03618-9 | Hochstoeger Science Advances 2020 https://doi.org/10.1126/sciadv.abb9110 (pigeon CRY4) | Zhang Frontiers in Physiology 2023 https://doi.org/10.3389/fphys.2023.1250798 | Majewska ACS Chemical Biology 2025 https://doi.org/10.1021/acschembio.4c00576 | Zapka Nature 2009 https://doi.org/10.1038/nature08528 | Qin Nature Materials 2016 https://doi.org/10.1038/nmat4484,"Several findings argue against this working in a human body, and they deserve to be read together rather than dismissed one at a time.

The magnetic field effects were measured at supra-geomagnetic field strengths, so it is not established that the same chemistry produces a usable signal at Earth's actual field. The in vivo lifetime of the radical pair may be too short for the field to bias it appreciably, and no downstream transduction partner that would carry the signal to the nervous system has been identified.

Pigeon CRY4 is also magnetically sensitive, yet pigeons are not night-migratory (Hochstoeger 2020, https://doi.org/10.1126/sciadv.abb9110). The molecule therefore cannot be the whole explanation even within birds, and its presence in a genome predicts nothing about whether the animal navigates by it.

The strongest objection is biochemical rather than behavioural. Zhang and Malkemper reviewed every published attempt to purify vertebrate Type-II cryptochromes with their flavin bound and concluded that free FAD in mammalian cells sits in the nanomolar range, whereas saturating a Type-II cryptochrome would require concentrations in the higher micromolar range — above roughly 16 micromolar for CRY1 and above roughly 40 micromolar for CRY2. A mammalian radical-pair compass is, on those numbers, biochemically implausible (Zhang 2023, https://doi.org/10.3389/fphys.2023.1250798). This matters because it is not a failure to replicate an experiment; it is an argument that the cellular chemistry of a mammal cannot supply the reaction in the first place.

Two rival explanations for animal magnetoreception remain on the table. A magnetite-based compass mediated by the trigeminal nerve was tested in migratory birds by Zapka and colleagues, who found that the compass sense survived trigeminal ablation and depended instead on vision (Zapka 2009, https://doi.org/10.1038/nature08528). The MagR iron-sulfur protein proposed as a biological compass has not been independently replicated (Qin 2016, https://doi.org/10.1038/nmat4484).",,1
csmg_snail,CSMG,overexpression,Expression,Iron-sulfide Biomineralization,The scaly-foot snail (Chrysomallon squamiferum) is the only known animal that incorporates iron sulfide into its body armor — building scales of greigite and pyrite at hydrothermal vents. Its biomineralization gene toolkit mediates biologically controlled iron sulfide nanoparticle formation at temperatures where industrial synthesis requires extreme heat. This living foundry turns dissolved metal ions into organized armor.,"The scaly-foot snail runs a living low-temperature foundry, combining biologically supplied sulfur with environmental iron to armour its scales in greigite and pyrite. It forms iron-sulfide nanoparticles near 15°C, conditions far gentler than many industrial syntheses. Its real capability is a coordinated biomineralisation toolkit—multiple regulators, specialised tissue and vent chemistry—that could inspire energy-efficient materials manufacturing.","The CSMG biomineralization toolkit involves channel-like protein columns in the scale epithelium that supply biogenic sulfur, which reacts with environmental iron ions to form greigite (Fe3S4) and pyrite (FeS2) nanoparticles. The genome reveals 25 transcription factors controlling independent scale and shell mineralization pathways, with many shared with other lophotrochozoan biomineralizers.",Iron sulfide nanoparticle formation demonstrated at ~15°C in controlled experiments. Genome sequenced (444.4 Mb) revealing independent transcription factor sets for scale vs shell. The only known metazoan using iron-sulfide biomineralization.,T3,Multi-gene pathway makes single-gene transfer insufficient. The vent environment provides unique chemistry. Industrial bioreactor conditions for iron-sulfide biomineralization need development.,https://doi.org/10.1073/pnas.1908533116|https://doi.org/10.1038/s41467-020-15522-3,Unique biology — only metazoan with iron-sulfide incorporation. Applications in nanoparticle synthesis and bio-inspired materials.,,0
ctf1_ko,CTF1 (cardiotrophin-1),loss-of-function germline knockout (Ctf1-null; the enhancement direction is ABSENCE of the cytokine),Longevity & Genome,Cardiovascular Protection,"Arterial stiffening is one of the most reliable physical signatures of a mammal getting old, and it is not simply wear: it is actively built by fibrotic signalling in the vessel wall. Cardiotrophin-1 is an IL-6-family cytokine that drives that fibrosis. Lopez-Andres and colleagues took the opposite approach to a therapy and simply deleted it. In 29-month-old CT-1-null mice the wall-stress/incremental-elastic-modulus curve shifted rightward - the direct mechanical readout of a less stiff artery - with reduced media thickness and reduced wall fibrosis. The molecular picture matched: lower inflammatory, apoptotic and senescence markers, and higher telomere-linked proteins, DNA-repair proteins and antioxidant enzyme activity (superoxide dismutase activity +200%, glutathione +152% versus age-matched wild type). Vascular phosphorylation of IKK-alpha/beta fell 46%, IkB-alpha 30% and NF-kB 47%. The survival arm is the reason this gene is in the library: CT-1-null males reached a median survival of 33 months against 28 months for wild-type littermates (log-rank P=0.007). The curves were superimposable up to 21 months, so this is not a developmental effect - the divergence happens in old age. The complementary in-vitro experiment closes the loop: chronic CT-1 exposure of vascular smooth muscle cells for 15 days upregulated apoptotic and senescence markers and downregulated telomere-linked proteins, which is the phenotype the knockout escapes.","Delete a fibrosis-driving cytokine and the arterial wall stays soft into old age instead of stiffening. Knockout mice reached a median survival of 33 months against 28 for littermates (P=0.007), with thinner arterial media, less wall fibrosis, doubled superoxide dismutase activity and lower circulating inflammatory markers. The whole survival record is 42 male mice from one laboratory, and the same protein protects heart muscle and pancreatic beta cells from apoptosis.","CTF1 encodes a 201-residue secreted IL-6-family cytokine (21.2 kDa) that signals through the LIFR/gp130 heterodimer, activating JAK/STAT3, MEK-ERK and PI3K-Akt. In the arterial wall the fibrotic arm dominates: CT-1 drives collagen deposition and medial thickening in vascular smooth muscle, and chronic exposure pushes those cells toward apoptosis and premature senescence with loss of telomere-associated proteins. Removing CT-1 lowers vascular NF-kB pathway phosphorylation (IKK-alpha/beta -46%, IkB-alpha -30%, NF-kB -47%) and raises antioxidant capacity, so the aged vessel accumulates less fibrosis and fewer senescent smooth-muscle cells and stays mechanically compliant. The mechanism is anti-fibrotic and anti-senescence in the vessel, not metabolic.","Lopez-Andres 2013 (Hypertension): CT-1-null males had a median survival of 33 months versus 28 months for wild-type littermates, log-rank P=0.007, in a 42-mouse cohort (20 spontaneous deaths, 18 censored at scheduled euthanasia around 29 months, 4 CT-1-null survivors euthanised at 36 months); the paper states the lifespan of the CT-1-null mice was 5 months longer than controls. OpenGenes records this row as +17.9% median (which matches 28 -> 33 months exactly) with a +6.8% minimum-lifespan figure. Same paper: decreased arterial stiffness by echotracking, reduced media thickness and wall fibrosis, SOD activity +200% and glutathione +152%, reduced vascular IKK-alpha/beta (-46%), IkB-alpha (-30%) and NF-kB (-47%) phosphorylation, and increased telomere-linked and DNA-repair proteins. In vitro, 15 days of CT-1 on vascular smooth muscle cells induced apoptosis and senescence markers.","T5 (single mouse germline-knockout lifespan cohort, n=42 males, with mechanical, histological and molecular vascular phenotyping plus a matching in-vitro exposure experiment; one laboratory, males only, no human intervention)","One laboratory, one cohort, 42 male mice with 18 of them censored at scheduled euthanasia - this is the smallest survival dataset among the genes accepted this wave and needs independent replication before the median figure is treated as settled. Females were never studied. The opposing evidence is substantive rather than hypothetical: CT-1 protects cardiomyocytes from apoptosis and drives compensatory hypertrophy through gp130-STAT3, and Ct1-null mice are MORE prone to streptozotocin-induced diabetes with impaired glucose clearance and reduced pancreatic insulin secretion (Jimenez-Gonzalez 2013), so the same deletion that softens arteries removes a beta-cell and cardiomyocyte survival factor. In humans CT-1 exists only as a plasma biomarker of left-ventricular hypertrophy and heart failure; no CT-1-directed drug or gene therapy has been given to a person.",Lopez-Andres Hypertension 2013 https://doi.org/10.1161/HYPERTENSIONAHA.112.201699 | Jimenez-Gonzalez Diabetologia 2013 https://doi.org/10.1007/s00125-012-2822-8 | Matokhniuk Wiad Lek 2021 (human plasma CT-1 in essential hypertension) PMID 33813485,"DIRECTION: the enhancement is ABSENCE of CT-1. Any card or copy implying you add cardiotrophin-1 is backwards. STATISTIC: 33 vs 28 months is MEDIAN survival; OpenGenes +17.9% median recomputes exactly from those months. The OpenGenes _min value for this row is +6.8% and is the minimum-lifespan statistic - never a headline. TRADEOFF IS REAL, NOT HEDGED: Ct1-null mice are more diabetes-prone under streptozotocin and CT-1 is cardioprotective via gp130-STAT3 - this is a genuine two-organ conflict, not a caveat. COHORT SIZE: 42 males total with heavy censoring; do not describe the survival evidence as robust. NO HUMAN EXPOSURE: verified this session - human CT-1 literature is biomarker only.",,0
cyp2j19_bdh1l_keto,CYP2J19 + BDH1L,"heterologous co-expression (two-enzyme pathway transfer, optionally with TTC39B)",Expression,Red Ketocarotenoid Pigment,"Red is expensive for a vertebrate. Yellow carotenoids come free in food - a bird eats them in seeds and fruit and can deposit them straight into a feather - but red ketocarotenoids do not exist in most diets and have to be manufactured. Where the chemistry happened was unknown until a retinal-biology lab went looking somewhere unexpected: not in feathers, but in the eye. Birds see colour through cone photoreceptors capped with pigmented oil droplets, and one cone subtype uses a red droplet. Sorting chicken cones by type and sequencing them turned up 57 genes enriched in the red cone, and the most highly expressed of them was CYP2J19, a cytochrome P450 (Toomey 2022, https://doi.org/10.1016/j.cub.2022.08.013). Expressed by itself with zeaxanthin, the enzyme produced not astaxanthin but a more polar oxidised intermediate - it was doing half a job. The missing partner was BDH1L, and with both enzymes present the human cell line assembled genuine astaxanthin. The pathway then proved to be about the substrate rather than the product: feed it beta-carotene and canthaxanthin comes out, feed it lutein and you get alpha-doradexanthin. To show it could paint a living animal, the team put the pearl danio versions of both genes into zebrafish, a fish with no red pigmentation of its own, and watched its yellow xanthophores shift to reddish-orange. Then, in 2025, the story got complicated in a way this database should record rather than hide. House finches are the textbook red bird, and their red pigment turns out not to be made this way at all - the same two enzymes failed to produce it, and the gene was barely expressed in the tissues that build the feather (Koch 2025, https://doi.org/10.1111/mec.17744). The title of the 2022 paper was ""A mechanism for red coloration in vertebrates"", not the mechanism, and that indefinite article has aged well.","CYP2J19 and BDH1L convert dietary yellow carotenoids into vivid red ketocarotenoids such as astaxanthin. Reconstituting the pathway made human kidney cells produce astaxanthin from zeaxanthin, and engineered zebrafish developed reddish-orange pigment cells. Beyond colour, it demonstrates that vertebrate cells can be equipped with new carotenoid chemistry, provided the pathway is supplied with substrate and targeted to an appropriate tissue.","Two enzymes act in sequence on yellow carotenoids taken up from the diet. CYP2J19, a cytochrome P450 (the chicken protein XP_422553.3), performs the first step; expressed alone with zeaxanthin as substrate it yields not astaxanthin but a more polar oxidised, probably hydroxylated, intermediate. BDH1L, 3-hydroxybutyrate dehydrogenase 1-like (chicken XP_004935295.3), completes the conversion, and only when the two are co-expressed does a product appear whose retention time, absorption spectrum, precursor ion and fragmentation pattern match an authentic astaxanthin standard. The chemistry is a ketone addition at the carbon-4 position of one or both terminal beta-ionone rings; extending the conjugated double-bond system in this way shifts absorption to longer wavelengths, so a molecule that reflected yellow now reflects red. The pair is substrate-promiscuous rather than product-specific, which is why beta-carotene yields canthaxanthin and lutein yields alpha-doradexanthin, and BDH1L acting alone diverts zeaxanthin and lutein into epsilon,epsilon-carotenoids instead. A third protein, TTC39B, a tetratricopeptide-repeat protein enriched roughly tenfold in the chicken red cone, potently enhances the conversion; the proposed explanation is that it traffics carotenoid substrates to or from the site of conversion, but that role is hypothesised rather than shown.","In human embryonic kidney cells supplied with zeaxanthin, ""co-expression of CYP2J19 and BDH1L produced a novel product (peak 4) with a retention time and absorption spectrum identical to those of astaxanthin"", and mass spectrometry in both scan and MS/MS modes showed an identical precursor ion and fragmentation pattern to an authentic astaxanthin standard, while co-transfection of CYP2J19 with the alternative candidate partner retinol dehydrogenase 5 failed to produce astaxanthin at all (Toomey 2022, https://doi.org/10.1016/j.cub.2022.08.013). Repeating the assay with beta-carotene and lutein gave ""formation of the corresponding ketocarotenoids, canthaxanthin and alpha-doradexanthin, respectively"", establishing that the two enzymes together are sufficient to convert dietary yellow carotenoids into red ones. The in vivo test moved to fish: transgenic zebrafish carrying the pearl danio homologs cyp2ae2 and bdh1a showed ""conversion of the normally yellow xanthophores into reddish orange erythrophore-like cells"", with ketocarotenoids detectable by HPLC in the skin of double transgenics but not in fish expressing either enzyme alone. The same paper identified the accessory factor and its natural loss-of-function counterpart: TTC39B ""is expressed at ~10-fold higher levels in the chicken red cone than in the other cone subtypes at P15"" and ""potently enhanced the conversion of zeaxanthin and beta-carotene into the corresponding ketocarotenoids"", while an orange morph of the red-throated parrotfinch carries a sex-linked structural variant in which ""read depth is approximately doubled throughout a stretch of ~18 Kb overlapping exons 3-11 of TTC39B"", consistent with a duplication. The counter-result is equally quantified: in house finches the same enzymes ""did not catalyse the production of 3-hydroxy-echinenone (3-OH-echinenone), the primary red plumage pigment"", and expression analyses ""revealed little to no expression of CYP2J19 in liver tissue or growing feather follicles"" (Koch 2025, https://doi.org/10.1111/mec.17744).","T4 (mechanism established in cell culture in two independent systems plus transgenic in vivo demonstration in fish; never attempted in a mammal, and the pathway's generality across birds is actively contested)","No mammal has ever been given this pathway, so the entire in vivo case rests on a fish. That matters more than a species label usually does, because the zebrafish demonstration worked in dedicated pigment cells - xanthophores and erythrophores - which exist precisely to accumulate and display carotenoids. Mammalian skin has no carotenoid-storing chromatophore of any kind, so nobody can say where the red pigment would end up in a human body, or whether it would be visible at all rather than simply circulating. Carotenoid uptake, transport and tissue deposition also work differently in mammals than in birds and fish, which means the substrate supply the enzymes would find in a human hepatocyte or keratinocyte cannot be inferred from the published systems. The role of TTC39B is proposed as substrate trafficking but has not been demonstrated experimentally. And the cell-culture yield is reported as ketocarotenoid mass expressed as a proportion of total cellular carotenoids and compared between conditions, not as an absolute conversion efficiency, so how much red pigment a given carotenoid intake would actually produce is not a number this literature provides.",Toomey Current Biology 2022 https://doi.org/10.1016/j.cub.2022.08.013 | Koch Molecular Ecology 2025 https://doi.org/10.1111/mec.17744 | Toomey Biochimica et Biophysica Acta (BBA) - Molecular and Cell Biology of Lipids 2025 https://doi.org/10.1016/j.bbalip.2025.159654,"This entry carries a genuine contradiction in the literature, and the contradiction is the point. Koch 2025 (https://doi.org/10.1111/mec.17744) tested the house finch versions of both enzymes and found they do not catalyse production of 3-hydroxy-echinenone, that species' main red plumage pigment; CYP2J19 expression in liver and growing feather follicles was little to none, and the apparent transcriptional signal turned out to be reads mapping to the 3' untranslated region adjacent to the neighbouring CYP2J2 gene. Both enzymes localised to the endomembrane system rather than the mitochondria where hepatic 3-OH-echinenone concentrates, and the authors propose house finches use an alternative pathway altogether. This does not overturn Toomey 2022 (https://doi.org/10.1016/j.cub.2022.08.013): the two papers concern different pigments, astaxanthin and canthaxanthin versus 3-OH-echinenone, and Toomey's own substrate-promiscuity data predict that the product depends on what the enzymes are fed. It does mean that ""CYP2J19 makes birds red"" is too broad a claim, and a 2025 review of avian ketocarotenoid substrates, intermediates and products indicates the pathway details are still being revised (Toomey 2025, https://doi.org/10.1016/j.bbalip.2025.159654). The pathway is also spreading beyond birds in the literature: a 2025 paper implicates Bdh1l expression in cichlid fish colour diversity (https://doi.org/10.1111/mec.70065). On identifiers: the sequences used here are the chicken proteins named in Toomey's methods, CYP2J19 XP_422553.3 and BDH1L XP_004935295.3, with chicken TTC39B as A0A8V0YWD4 (https://www.uniprot.org/uniprotkb/A0A8V0YWD4). UniProt has no reviewed BDH1L entry, and the accession given for this record, A0A8V1A1M2 (https://www.uniprot.org/uniprotkb/A0A8V1A1M2), is an unreviewed Gallus gallus TrEMBL entry with an AlphaFold model but no experimental structure. There is no clinical or commercial program of any kind, although the pathway's product astaxanthin is sold as a dietary supplement made industrially in Haematococcus algae and engineered yeast - the molecule is on shop shelves even though the enzymatic route is not.",,1
dsup,Dsup,Overexpression,Stress Resistance,Radiation Shielding,"Tardigrades survive doses of radiation that would vaporize a human — and they carry a protein called Dsup that drapes itself over DNA like a molecular bodyguard. When Japanese researchers put Dsup into human HEK293 kidney cells in 2016, the cells shrugged off X-ray damage that would normally shred their chromosomes, with DNA breaks cut roughly in half at 10 Gy. In 2025, an MIT/Dana-Farber team used lipid nanoparticles — the same delivery system as COVID vaccines — to briefly paint Dsup onto mouse mouth and rectal tissue during radiotherapy, sparing healthy cells while still killing the tumor. That's the first real demonstration of tardigrade radioprotection in a living mammal. The catch: in rat cortical neurons, Dsup did the opposite, causing more DNA damage, not less. The bodyguard works in some cells and goes rogue in others, and nobody yet knows why.","The tardigrade protein Dsup coats nucleosomes and helps shield DNA from reactive damage generated by radiation. In human kidney cells it roughly halved X-ray damage, and mRNA delivery protected healthy mouse tissues during radiotherapy without reducing tumour killing. That combination makes transient Dsup expression especially exciting as a potential radioprotective layer for medicine, spaceflight and other high-exposure settings.","Intrinsically disordered nucleosome-binding protein (HMGN-like C-terminal motif per Chavez 2019, revised from Hashimoto 2016 direct-DNA model); shields chromatin from hydroxyl radicals and ionizing radiation.","HEK293 at 10 Gy X-ray: comet tail DNA 33%→16% (~50% SSB reduction); H2O2: 71%→18%. Replicated in CHO, Drosophila, tobacco (UV-B recovery), yeast (longevity under H2O2). C. elegans: protection at 90 Gy X-ray without toxicity. Proton IR protection at 150 MeV. Rajesh/Kirtane 2025 Nat Biomed Eng: LNP-Dsup mRNA delivered to mouse buccal/rectal mucosa during radiotherapy reduced γH2AX and comet damage in peritumoral tissue while preserving tumor kill — first in-vivo mammalian demonstration.",T5 (transient mRNA/LNP 2025) + T6 (≥4 independent labs) + T3 (C. elegans),Germline transgenic mouse; durable delivery; heavy-ion/LET data; long-term mutagenesis surveillance; CNS-safe variant.,Hashimoto Nat Commun 2016 https://doi.org/10.1038/ncomms12808 | Chavez eLife 2019 https://doi.org/10.7554/eLife.47682 | Escarcega Mol Cell Neurosci 2023 https://doi.org/10.1016/j.mcn.2023.103826 | Kirtane/Rajesh Nat Biomed Eng 2025 https://doi.org/10.1038/s41551-025-01360-5,"CONTRADICTION: Escarcega 2023 — Dsup PROMOTED DSBs, chromatin condensation, and neurotoxicity in rat cortical neurons — opposite phenotype in CNS. Hashimoto direct-DNA-binding model superseded by nucleosome-binding (Chavez 2019). HEK293 protection is ~2-fold at best; no stable transgenic mouse. Basal chromatin perturbation and cell-type specificity unknown.",,1
ectabc_halomonas,ectABC,heterologous three-gene operon expression,Environmental Adaptation,Osmolyte Shield,"Halomonas elongata is a halophilic salt-lake bacterium that lives where the water is close to saturated brine. Its solution is not to pump sodium out faster than it leaks in, but to fill its own cytoplasm with something else: ectoine, a small zwitterionic ring built by three enzymes from an intermediate of ordinary amino-acid metabolism. Ectoine belongs to a class chemists call compatible solutes, meaning a cell can accumulate it to molar concentrations and every enzyme inside still works. It does its job by being politely absent — excluded from the thin shell of water that hugs a folded protein, which thermodynamically pushes that protein towards its compact native state and keeps membrane bilayers ordered even at crushing ionic strength.

Because the whole capability is three genes, it travels. A codon-optimised ectABC operon was moved out of Halomonas and into the freshwater cyanobacterium Synechococcus elongatus — a different phylum entirely — and the recipient became a salt-tolerant organism (https://doi.org/10.3389/fmicb.2023.1123081). That makes this one of the rare cards where a complete biosynthetic route, rather than a single protein, transfers intact between kingdoms of bacteria.

The strange part of ectoine's story is that it reached human beings long before genetics did. Bitop AG in Witten, Germany ferments Halomonas at industrial scale — a process the company calls bacterial milking, in which the bacteria are salted, make the solute, and give it up — and sells the purified molecule as the active ingredient in CE-marked nasal sprays, eye drops, inhalation solutions, lozenges and creams. Those products have gone through registered clinical studies in allergic rhinoconjunctivitis (https://clinicaltrials.gov/study/NCT01471184), mild bronchial asthma (https://clinicaltrials.gov/study/NCT01478152) and radiation-induced oral mucositis (https://clinicaltrials.gov/study/NCT03932292). So a visitor can walk into a pharmacy and buy the output of this card. What no visitor can buy is the card itself: every human study delivers the finished molecule onto a mucosal surface, and no human cell has ever been asked to build ectoine for itself.","The three-gene ectABC pathway manufactures ectoine, a compact molecule that stabilises proteins and membranes during salt, heat and drying stress. Installing it in cyanobacteria enabled survival at 500 mM salt, a concentration that killed ordinary cells, while purified ectoine is already used in topical sprays and drops. The pathway offers a genetically encoded reservoir of molecular protection for cells operating in harsh environments.","Three enzymes convert L-aspartate-beta-semialdehyde into ectoine. EctB, a diaminobutyrate-2-oxoglutarate transaminase, makes L-2,4-diaminobutyrate (DABA); EctA, a DABA acetyltransferase, adds an acetyl group to its gamma-nitrogen; and EctC, L-ectoine synthase — a 137-amino-acid, 15.5 kDa cupin-fold enzyme that holds a single iron(II) ion — cyclises the product into the zwitterionic tetrahydropyrimidine ring that is ectoine. What ectoine then does is physical rather than catalytic. As a compatible solute it is preferentially excluded from the layer of water bound to a protein's surface, and that exclusion raises the free-energy cost of unfolding, so the folded state is thermodynamically favoured; the same exclusion preserves the ordered packing of membrane bilayers at high ionic strength. Because it neither binds nor inhibits anything, a cell can carry it at molar concentrations — which an inorganic osmolyte such as potassium chloride could never do without shutting enzymes down.","A codon-optimised ectABC operon from Halomonas elongata was integrated into the chromosome of the freshwater cyanobacterium Synechococcus elongatus PCC 7942 at the neutral site NSI and driven from the strong Pcpc560 promoter. By day seven of photoautotrophic growth the engineered strain had “increased final OD750 by 20% under 300 mM NaCl and 80% under 400 mM NaCl than that of wild-type (WT), respectively”, and “could even survive under 500 mM NaCl which was lethal to WT”, reaching OD750 0.362 where no wild-type cell grew at all (Dong 2023, https://doi.org/10.3389/fmicb.2023.1123081). The molecule itself has been tested in people, though the genes never have: in a double-blind, randomised, placebo-controlled cross-over trial, 46 patients with seasonal allergic rhinoconjunctivitis used ectoine eye drops plus nasal spray or placebo for 13 days before an allergen challenge in an environmental exposure chamber, and “the least square mean difference for baseline-adjusted AUC was -1.87 for TNSS, -1.45 for TOSS and -2.20 for TNNSS” — the trial's composite nasal, ocular and non-nasal symptom scores, each favouring ectoine over placebo (Salapatek 2021, https://doi.org/10.1002/clt2.12006). A broader review of the clinical and mechanistic evidence behind ectoine-containing devices is collected in Bilstein 2021 (https://doi.org/10.1155/2021/5562623).","T6 (transferable three-gene operon with heterologous gain-of-function in a second bacterial phylum, plus randomised placebo-controlled human trials of the product molecule and an on-market manufacturer)","The gap here is unusually clean, and it belongs on the card. Every human study delivers the ectoine molecule to a mucosal surface; no one has expressed ectA, ectB and ectC inside a human cell. Mammalian cells have no ectoine transporter of their own, so a genetic version cannot work by uptake and would have to install the entire three-enzyme biosynthetic route. That route draws carbon from L-aspartate-beta-semialdehyde, and the growth penalty this caused in cyanobacteria has never been measured in a mammalian metabolic background, where the same intermediate sits upstream of lysine, threonine and methionine synthesis. Nobody has shown that a human cell can hold ectoine at the concentrations that make it useful, and nobody has established what a human tissue does with molar quantities of a foreign solute over a lifetime rather than over the minutes a nasal spray contacts a mucosa.",Dong Frontiers in Microbiology 2023 https://doi.org/10.3389/fmicb.2023.1123081 | Salapatek Clinical and Translational Allergy 2021 https://doi.org/10.1002/clt2.12006 | Bilstein BioMed Research International 2021 https://doi.org/10.1155/2021/5562623,"This is one of the few entries in the library a visitor can simply buy. Bitop AG of Witten, Germany manufactures ectoine by fermenting Halomonas elongata and sells it as the active ingredient in CE-marked medical devices — nasal sprays, eye drops, inhalation solutions, lozenges and dermatological creams. In the European Union ectoine is a medical-device and cosmetic ingredient, not an approved drug. Two caveats about the human evidence deserve to be public. First, it is largely single-sponsor: Bitop is the sponsor of record on the large majority of registered ectoine studies, including the rhinoconjunctivitis cross-over trial (https://clinicaltrials.gov/study/NCT01471184), the paediatric seasonal allergic rhinitis study (https://clinicaltrials.gov/study/NCT01342601), the mild bronchial asthma inhalation study (https://clinicaltrials.gov/study/NCT01478152) and the radiation-induced oral mucositis mouthwash study (https://clinicaltrials.gov/study/NCT03932292), so the strongest independent feature of the evidence base is the cross-over design itself rather than sponsor diversity (https://doi.org/10.1002/clt2.12006). Second, in none of those studies is the gene the treatment: all four administer the purified molecule topically, so they support ectoine as a protectant and say nothing directly about expressing ectABC in a body. A direction check found no ectoine-blocking studies — every registered trial runs the same way this card does, with ectoine given as a protectant. The reference protein for the entry is EctC, ectoine synthase from H. elongata (https://www.uniprot.org/uniprotkb/O52251); no experimental structure of it is deposited in the Protein Data Bank, so any depiction is a homology or AlphaFold model.",,1
epas1_tibetan,EPAS1,Denisovan haplotype introgression,Environmental Adaptation,High-Altitude Hypoxia,"Tibetans live above 13,000 feet without the thick-blood sickness that plagues lowlanders who move to altitude. The cause is one of the most spectacular finds in human genetics: a 32-kilobase chunk of DNA, carrying the hypoxia-sensor gene EPAS1, that Tibetans inherited from Denisovans — an extinct hominin known only from a finger bone in a Siberian cave. The variant dampens EPAS1's response to low oxygen, so red blood cell counts stay safe instead of spiraling up. Tibetans with the adaptive version carry about 0.8 g/dL less hemoglobin at 4,200 meters. Knocking out the equivalent enhancer in human endothelial cells and in mice reproduces the blunted response. The same locus is a double-edged sword: gain-of-function mutations nearby cause Pacak-Zhuang syndrome (runaway blood production plus tumors), and Andean highlanders achieved a similar outcome through a completely different mutation — a textbook case of evolution finding two roads to the same summit.","The Tibetan EPAS1 haplotype prevents chronic high altitude from driving haemoglobin to dangerously thick-blood levels. At 4,200 metres, people homozygous for the adaptive haplotype average about 0.8 g/dL less haemoglobin, supporting circulation without sacrificing life in thin air. It is a powerful human example of tuning the oxygen-sensing response rather than simply producing more red blood cells; the precise causal variant still needs isolation.","Noncoding cis-regulatory hypomorph blunts hypoxic HIF-2α induction → lower EPO → lower Hb, lower pulmonary artery pressure, chronic-mountain-sickness protection.","Huerta-Sánchez 2014 Nature: 32.7-kb Tibetan haplotype exact match to Altai Denisovan (D-stat p=0.006); absent in non-East-Asian 1000G; adaptive frequency 72–87% vs 2–9% Han. Beall 2010 PNAS: ~0.8 g/dL Hb reduction in adaptive homozygotes at 4,200 m. Peng 2017 MBE: ~2.87% Hb variance per SNP; Epas1+/− mice phenocopy blunted Hb and reduced PA pressure. Gray 2022 Sci Adv: CRISPR deletion of ENH5 enhancer in human endothelial and cardiomyocyte cells + mice recapitulates blunted hypoxic EPAS1.",T7 (population genetics) + T6 (CRISPR human cells) + T5 (KO/enhancer-KO mice),Tibetan-allele knock-in mouse; low-altitude healthspan data; clinical trial of belzutifan-like HIF-2α inhibitors for chronic mountain sickness (underway).,Huerta-Sánchez Nature 2014 https://doi.org/10.1038/nature13408 | Beall PNAS 2010 https://doi.org/10.1073/pnas.1002443107 | Peng MBE 2017 https://doi.org/10.1093/molbev/msw280 | Gray Sci Adv 2022 https://doi.org/10.1126/sciadv.ade1942 | Zhuang NEJM 2012 https://doi.org/10.1056/NEJMoa1205119,"BIDIRECTIONAL LOCUS: Gain-of-function missense mutations (A530S, Y532C etc. near Pro531) cause Pacak-Zhuang syndrome (erythrocytosis + paraganglioma + pheochromocytoma). Andeans achieve a similar phenotype via a CODING missense — convergent direction, divergent mechanism. All selected Tibetan SNPs noncoding; each ~2–3% Hb variance; no Tibetan-allele knock-in mouse yet.",,1
epg_catfish,EPG (Electric Organ),overexpression,Perception,Electrogenesis,"Six fish lineages independently evolved electric organs — the electric catfish (Malapterurus electricus) generates up to 350V from a single-celled-thick electric organ wrapping its body. The electrogenesis program involves coordinated regulation of ion channels (Nav1.4a, Kv), transcription factors, and structural proteins that convert muscle cells into electrocytes. This convergent evolution across 100+ million years reveals a deeply conserved 'electric toolkit' in vertebrate genomes.","Electric catfish transform muscle-derived cells into an organ that releases pulses reaching 350 volts. Similar electric organs evolved independently six times, revealing a repeatable biological route from contraction machinery to coordinated electrical discharge. The capability depends on large-scale rewiring of ion channels, tissue polarity and neural control, making the whole organ programme—not a single gene—the extraordinary engineering target.","Electrocyte differentiation involves suppression of contractile genes (myosin, actin) and upregulation of ion channels (scn4aa/Nav1.4a for sodium, kcna7a for potassium). A duplicated sodium channel gene lost muscle expression through cis-regulatory changes and gained electric organ-specific expression. Acetylcholine receptors cluster on one face, creating the membrane asymmetry needed for voltage generation.","Six independent origins of electric organs identified. Convergent gene expression patterns across lineages (2014 Science). Electric catfish chromosome-level genome assembled (797 Mb, 28 chromosomes). Sodium channel evolution from muscle to electric organ characterized.",T3,Multi-gene program makes single-gene transfer insufficient. Electric organ development requires specific tissue architecture. Synthetic biology approaches to engineer electrocytes from muscle cells are early-stage.,https://doi.org/10.1126/science.1254432|https://doi.org/10.1007/s42995-023-00197-8,Convergent evolution across 6 lineages spanning 100+ million years. No therapeutic application; fundamental biology and bio-inspired engineering.,,0
fgf18_cartilage,FGF18,"Recombinant protein administration (sprifermin, truncated rhFGF-18) — intra-articular",Regeneration,Cartilage Regrowth,"Articular cartilage is the flat white tissue on the ends of your bones, and orthopaedic medicine has spent a century telling patients it is a one-way resource. It has no blood supply and no nerves, its chondrocytes divide almost not at all in an adult, and once osteoarthritis begins the layer thins year on year until bone grinds on bone. There is no approved drug anywhere in the world that reverses that thinning. FGF18 is the closest anyone has come.

The logic is receptor-specific. Fibroblast growth factor 18 engages FGFR3 on chondrocytes, which is the anabolic arm of the joint's fibroblast growth factor system, as distinct from the FGFR1 arm that drives matrix breakdown. Give the joint a short pulse and the superficial-zone cells divide, then spend months laying down type II collagen and aggrecan. Merck KGaA turned this into sprifermin, a truncated recombinant human FGF-18 injected directly into the knee in weekly cycles, and ran FORWARD, a 549-patient placebo-controlled Phase 2 whose primary endpoint was not a questionnaire but quantitative magnetic resonance imaging of cartilage thickness (https://doi.org/10.1001/jama.2019.14735).

FORWARD did something genuinely rare: it grew human cartilage in a randomised trial. It also delivered the field's most instructive disappointment, because the patients whose cartilage got thicker did not report feeling better. Cartilage is aneural, so pain in an arthritic knee comes from bone, synovium and capsule, and 0.05 mm of new tissue evidently does not reach them. Arthralgia was the most common adverse event in every arm of the trial including placebo, which tells you how much of the reported joint pain was the needle. A 2025 post hoc analysis went looking for a signal the original endpoints missed and found that the top-dose arm took significantly longer to progress symptomatically, with a hazard ratio of 0.51 (0.28, 0.93) at year three — but on a composite endpoint the authors themselves say still requires validation (https://doi.org/10.1016/j.joca.2024.12.003). No Phase 3 has been started.","FGF18 can stimulate adult knee cartilage to grow measurably thicker, directly addressing tissue that normally repairs poorly. In a 549-person trial, repeated local injections of sprifermin added about 0.05 mm of cartilage over two years and produced sustained structural improvement. Pain and function did not separate from placebo in that study, but the trial established that human articular cartilage can be pharmacologically rebuilt.","FGF18 is a 207-amino-acid secreted ligand of the fibroblast growth factor family that signals on articular chondrocytes through fibroblast growth factor receptor 3 (FGFR3), and secondarily FGFR4. Engaging FGFR3 drives chondrocyte proliferation and anabolism of the extracellular matrix — type II collagen and aggrecan — and shifts the joint away from the catabolic arm mediated by FGFR1. Downstream it upregulates transcription dependent on SOX9, the master chondrogenic transcription factor, and suppresses output of matrix-degrading proteases. Sprifermin (AS902330) is a truncated recombinant human FGF-18 given as intra-articular injections in weekly cycles, a schedule that exploits the fact that a short pulse triggers a proliferative burst in the superficial zone of the cartilage which then deposits matrix over the following months. The readout that matters for this mechanism is therefore quantitative magnetic resonance imaging of cartilage thickness rather than a symptom score (https://doi.org/10.1001/jama.2019.14735).","FORWARD, a phase 2 dose-finding randomised controlled trial in 549 participants with symptomatic radiographic knee osteoarthritis of Kellgren-Lawrence grade 2 or 3 (median age 65.0 years, 379 female [69.0%], 474 [86.3%] completing two years), met its structural primary endpoint: changes from baseline to 2 years in total femorotibial joint cartilage thickness were 0.05 mm (95% CI, 0.03 to 0.07 mm) for 100 μg of sprifermin administered every 6 months; 0.04 mm (95% CI, 0.02 to 0.06 mm) for 100 μg every 12 months; 0.02 mm (95% CI, −0.01 to 0.04 mm) for 30 μg every 6 months; and 0.01 mm (95% CI, −0.01 to 0.03 mm) for 30 μg every 12 months, all compared with placebo (https://doi.org/10.1001/jama.2019.14735). The same trial failed on how patients felt: there were no statistically significant differences in mean absolute change from baseline in total scores on the Western Ontario and McMaster Universities Osteoarthritis Index (WOMAC) for 100 μg of sprifermin every 6 or 12 months, or 30 μg every 6 or 12 months, versus placebo, against a benchmark in which the absolute minimal clinically important difference for total WOMAC in hip and knee osteoarthritis is 7 U (95% CI, 4 to 10 U) (https://doi.org/10.1001/jama.2019.14735). A later post hoc analysis of the same population, of whom 442 (80.5%) completed year 3 and 378 (68.9%) completed year 5, reported a dose-dependent benefit in time to symptom progression at Year 3, hazard ratio (95% CI) vs placebo: 100 μg every 6 months (Q6M), 0.51 (0.28, 0.93); 100 μg Q12M, 0.69 (0.40, 1.20); 30 μg Q6M, 0.89 (0.53, 1.50); 30 μg Q12M, 0.80 (0.47, 1.35), on a newly defined composite endpoint of WOMAC Pain worsening by at least 10 points without improvement in WOMAC Function; knee replacements occurred in 8 symptom progressors (5.6%) versus 7 non-progressors (1.7%) (https://doi.org/10.1016/j.joca.2024.12.003).",T8 (549-patient randomised placebo-controlled phase 2 with a met MRI structural primary endpoint and 5-year follow-up; no approval),"The central problem is that structure and symptoms came apart: the cartilage grew and the patients did not feel better, and the field still lacks a validated symptom endpoint for a disease-modifying osteoarthritis drug. The 2025 post hoc paper is an attempt to build such an endpoint and explicitly states that its composite measure needs validation before it can support a registration trial (https://doi.org/10.1016/j.joca.2024.12.003). Nobody knows how long the added thickness lasts once the injection cycles stop, because durability beyond the dosed period has not been established. No phase 3 trial has been run, so the largest existing dataset remains a 549-patient phase 2. And because cartilage carries neither vessels nor nerves, it is not established how much thickness a knee would have to regain before the structures that actually generate pain — bone, synovium and capsule — respond at all.",Hochberg JAMA 2019 https://doi.org/10.1001/jama.2019.14735 | Conaghan Osteoarthritis and Cartilage 2025 https://doi.org/10.1016/j.joca.2024.12.003 | Eckstein Osteoarthritis and Cartilage Open 2024 https://doi.org/10.1016/j.ocarto.2024.100513,"The trial direction was checked for this entry and all four registered sprifermin studies administer FGF-18 as the drug, in the pro-anabolic direction this library frames it; none is an FGF-blocking trial. Two of the four were terminated, both in the cartilage-repair-after-surgery indication rather than osteoarthritis (https://clinicaltrials.gov/study/NCT01066871 and https://clinicaltrials.gov/study/NCT01689337), which is why the only positive structural dataset comes from FORWARD (https://clinicaltrials.gov/study/NCT01919164). FORWARD should not be presented as a clean win: it is simultaneously positive on cartilage thickness and negative on symptoms, and the authors describe the structural change as of uncertain clinical importance (https://doi.org/10.1001/jama.2019.14735). Arthralgia was the most frequent treatment-emergent adverse event in every arm including placebo — placebo 46 (43.0%), 100 µg every 6 months 45 (41.3%), 100 µg every 12 months 50 (45.0%), 30 µg every 6 months 40 (36.0%), 30 µg every 12 months 48 (44.0%) — so a share of the joint pain reported in this programme is attributable to the injection itself rather than to the protein. An independent unbiased analysis of three-year cartilage thickness in the same programme has since been published (https://doi.org/10.1016/j.ocarto.2024.100513). Nothing is marketed: sprifermin remains investigational with no approval anywhere, and no phase 3 was initiated after the phase 2 read out.",,1
fgf21_stgfbr2,FGF21 / sTGFβR2,Co-overexpression + soluble decoy,Longevity & Genome,Metabolic Reset,"What if aging isn't one disease but a cascade of interconnected failures — and you could treat several at once with a single injection? In 2019, Noah Davidsohn and George Church's group at the Wyss Institute tested exactly that. They packaged three longevity-associated genes — FGF21, αKlotho, and a soluble decoy of TGF-beta receptor 2 (sTGFβR2) — into separate AAV vectors and delivered them to mice modelling obesity, diabetes, heart failure, and kidney disease. A single combination of just FGF21 plus sTGFβR2 treated all four conditions simultaneously: heart function improved 58%, kidney fibrosis marker αSMA dropped 38%, renal atrophy fell 75%, and obesity with diabetes was completely reversed in high-fat-diet mice. FGF21 alone had already been shown to extend lifespan — Zhang et al. in 2012 demonstrated that FGF21-transgenic mice lived about 36% longer by suppressing the growth-hormone/IGF-1 axis, mimicking caloric restriction without eating less. The TGFβR2 decoy mops up excess TGF-beta signalling, the master driver of fibrosis in aged kidneys, livers, and hearts. The catch: Davidsohn's study used disease-specific mouse models, not natural aging, and the AAV doses were high. Whether one shot in middle age can genuinely extend healthy lifespan in normal mice remains untested.","Combining FGF21 with a soluble TGF-beta receptor attacks several age-linked disease processes at once: metabolism, inflammation and fibrosis. In mouse disease models the gene-therapy pair reduced kidney scarring by 75% and improved heart function by 58%, alongside benefits in obesity and diabetes. The breadth is the attraction, though long-term tuning matters because strong FGF21 signalling can reduce body size and bone strength.","FGF21: hepatokine (181 aa) signalling via FGFR1c/β-Klotho; suppresses GH/IGF-1 axis, enhances insulin sensitivity, promotes fatty acid oxidation. sTGFβR2: soluble decoy receptor sequestering TGF-β1/β3; blocks SMAD2/3 phosphorylation → reduces fibroblast activation, collagen deposition, and epithelial–mesenchymal transition.","Davidsohn 2019 PNAS: AAV-FGF21 + AAV-sTGFβR2 in C57BL/6 mice: heart failure model → 58% improvement in fractional shortening; kidney fibrosis → 38% reduction in αSMA, 75% reduction in renal atrophy; HFD obesity/diabetes → complete reversal. Zhang 2012 eLife: FGF21-Tg mice median lifespan +36% (females ~46 vs ~34 months); mechanism via blunting GH/IGF-1.",T5,Natural-aging lifespan study with combination not published; AAV dose optimisation; immunogenicity of chronic sTGFβR2; FGF21 resistance in metabolically stressed humans; human FGF21 analogues (pegbelfermin) showed mixed phase II results for NASH.,Davidsohn PNAS 2019 https://doi.org/10.1073/pnas.1910073116 | Zhang eLife 2012 https://doi.org/10.7554/eLife.00065,"FGF21 lifespan extension correlated with SUPPRESSED GH/IGF-1 axis — FGF21-Tg mice had reduced body size (~20% smaller) and bone loss; effectively a caloric-restriction mimic with growth penalty. Davidsohn 2019 used disease-SPECIFIC models, NOT natural aging. sTGFβR2 blocks a pathway essential for immune regulation and wound healing — chronic suppression could impair anti-tumour immunity. FGF21 resistance reported in obese/inflamed humans. Church/Davidsohn co-founded Rejuvenate Bio (conflict of interest noted). No independent replication of the combination therapy. COMMERCIAL STATUS: Rejuvenate Bio (https://www.rejuvenatebio.com/), co-founded by George Church and Noah Davidsohn, is pursuing an animal-health-first strategy with dog gene therapy trials before human applications. The combination therapy is not commercially available. Church lab conflict-of-interest noted in the originating PNAS paper.",,1
fluc,Luciferase / Luciferin,Bioluminescence pathway transfer,Expression,Bioluminescence,"A firefly lights up by burning a small molecule called luciferin. The enzyme that does the burning, luciferase, is astonishingly efficient: roughly 41% of the chemical energy leaves as visible photons, a quantum yield that human lighting engineering does not approach (Ando 2007, https://doi.org/10.1038/nphoton.2007.251). Put luciferase into a mouse tumour, inject luciferin, and you can count cancer cells through living tissue. Enhanced versions push the detection floor down to a handful of cells: Rabinovich and colleagues engineered an improved firefly luciferase whose T-cells generated more than a hundred times more light than the standard enzyme, enough to detect as few as three cells implanted subcutaneously (2008, https://doi.org/10.1073/pnas.0804105105). For decades this has been the standard tool of biomedical imaging.

The frontier now is autonomous bioluminescence, meaning organisms that make their own luciferin and glow without any injection. Plants got there first. Mitiouchkina and colleagues engineered tobacco with a fungal bioluminescence system that converts caffeic acid, a compound present in all plants, into luciferin, producing self-sustained light visible to the naked eye at all developmental stages, on the order of 10⁸ to 10⁹ photons per second per plant (2020, https://doi.org/10.1038/s41587-020-0500-9). Mammals have no comparable caffeic acid pool, which is where the dream of glowing skin or luminous tattoos runs aground, and it runs aground on a second problem too, the same one that kept green fluorescent protein a laboratory tool rather than a therapy: tissue absorbs visible light. A glowing human would glow, in the most literal sense, only skin-deep.","Firefly luciferase turns chemical energy from luciferin into visible light, allowing living cells to announce where they are and how many remain. The system can reveal very small cell populations inside mice and has become a foundational tool for tracking tumours, infections and gene activity over time. A luminous body would need a continuous luciferin supply, but as a biological reporter this enzyme makes otherwise invisible processes observable in real time.","Firefly luciferase catalyses the oxidation of D-luciferin in a reaction that requires ATP, magnesium and molecular oxygen. Luciferin is first adenylated at the expense of ATP, then oxidised by O2 to an unstable dioxetanone that decarboxylates and leaves oxyluciferin in an electronically excited state; relaxation to the ground state emits a photon at approximately 560 nm. The quantum yield is approximately 0.41, meaning roughly 41 photons per hundred luciferin molecules consumed (https://doi.org/10.1038/nphoton.2007.251). Because the reaction consumes ATP stoichiometrically, signal intensity reports on cellular energy state as well as on enzyme abundance, which is useful for viability assays and a confound for pure abundance measurements. Bacterial and fungal systems work differently: the bacterial luxCDABE cassette uses reduced flavin mononucleotide as its luciferin, which every cell already makes, while the fungal pathway builds its luciferin from caffeic acid.","de Wet and colleagues cloned the firefly luciferase gene and demonstrated its expression in mammalian cells (1987, https://doi.org/10.1128/mcb.7.2.725-737.1987). Ow and colleagues produced the first glowing tobacco, which required spraying exogenous luciferin onto the plants (1986, https://doi.org/10.1126/science.234.4778.856).

Transgenic luciferase-positive mice are now a laboratory staple, imaged on IVIS systems after intraperitoneal injection of D-luciferin at 150 mg/kg, with tumours detectable from roughly 1,000 cells.

Rabinovich and colleagues built an enhanced firefly luciferase by codon optimisation, removal of cryptic splice sites and retroviral modification. T-cells carrying it produced more than a hundred times more light than cells carrying the standard enzyme, which permitted detection of as few as three cells implanted subcutaneously while maintaining long-term co-expression of a Thy1.1 reporter. The construct allowed tracking of fewer than 3 x 10^4 adoptively transferred T-cells infiltrating vaccination sites and pre-established tumours, light penetration through deep tissues including liver and spleen, and enumeration of infiltrating lymphocytes constituting less than 0.3% of total tumour cellularity (2008, https://doi.org/10.1073/pnas.0804105105).

Close and colleagues moved autonomous bioluminescence into mammalian cells by re-synthesising the bacterial luxCDABE operon through multi-bicistronic codon optimisation, achieving self-directed light emission in HEK293 cells for the first time. In vitro light production was 12-fold greater than background from untransfected controls; subcutaneous injection into nude mice established a tested lower detection limit of 25,000 cells using a 10-minute integration time. They identified reduced flavin mononucleotide as the limiting substrate in the mammalian cell environment even after adding a constitutively expressed flavin reductase gene from Vibrio harveyi, and supplementing FMNH2 raised bioluminescence 151-fold (2010, https://doi.org/10.1371/journal.pone.0012441). Gregor and colleagues later reported an improved lux operon named ilux with approximately sevenfold increased brightness in Escherichia coli, enabling single-cell imaging over several days (2018, https://doi.org/10.1073/pnas.1715946115).

Mitiouchkina and colleagues engineered tobacco with the fungal nnluz luciferase plus the hispS, h3h and npgA genes from Neonothopanus nambi, closing a caffeic acid cycle that converts an endogenous plant metabolite into luciferin. The plants produced self-sustained luminescence visible to the naked eye at all developmental stages, with emission from the flowers reaching 10^10 photons per minute, and the caffeic acid cycle imposed no obvious burden on plant growth (2020, https://doi.org/10.1038/s41587-020-0500-9). This record carried the plant output as roughly 10⁸ to 10⁹ photons per second per plant; that is the same order of magnitude as the paper's 10¹⁰ photons per minute measured at the flowers, and the figure above is the one the paper states.","T6 (human cells substrate-dep); T5 (mice, luciferin-dep); T3 (autonomous in plants); NOT fully autonomous in peer-reviewed mammals yet","In-human clinical imaging has gone to positron emission tomography reporters rather than to bioluminescence, because visible photons do not escape deep tissue in a body the size of a human. No peer-reviewed autonomous bioluminescent mammalian germline line has been published. The substrate problem is the hard one: the classical firefly system needs injected luciferin, the bacterial system is limited by reduced flavin mononucleotide availability in mammalian cells, and the fungal system depends on caffeic acid, which mammals do not accumulate.",de Wet Molecular and Cellular Biology 1987 https://doi.org/10.1128/mcb.7.2.725-737.1987 | Ow Science 1986 https://doi.org/10.1126/science.234.4778.856 | Rabinovich Proceedings of the National Academy of Sciences 2008 https://doi.org/10.1073/pnas.0804105105 | Mitiouchkina Nature Biotechnology 2020 https://doi.org/10.1038/s41587-020-0500-9 | Close PLoS ONE 2010 https://doi.org/10.1371/journal.pone.0012441 | Gregor Proceedings of the National Academy of Sciences 2018 https://doi.org/10.1073/pnas.1715946115 | Ando Nature Photonics 2007 https://doi.org/10.1038/nphoton.2007.251,"The classical firefly system is not autonomous at all; it requires substrate injection, and that alone rules out any application in which a human is expected to glow without pharmacology. Mammalian caffeic acid is scarce, so the fungal pathway that works so well in tobacco would run at low flux in a mammalian cell. Tissue absorption of visible light caps how deep any bioluminescent signal can be read. And because firefly luciferase consumes ATP, the signal is coupled to cellular energy state rather than reporting enzyme abundance cleanly.

There is an open contest between the two autonomous systems. The bacterial lux cassette uses reduced flavin mononucleotide, which mammalian cells already make, so a codon-optimised lux may outperform the fungal pathway in mammals precisely because it does not need caffeic acid. The counterargument is brightness: lux has historically been dim, which is what the ilux work set out to fix (https://doi.org/10.1073/pnas.1715946115), while the fungal system in plants was bright enough to photograph on consumer cameras (https://doi.org/10.1038/s41587-020-0500-9). Neither has been settled in a mammal.

The six clinical trial records attached to this gene in the database all use luciferase as a laboratory reporter within the study's assays, not as a therapy given to a participant: neutralising antibody measurement in interferon-treated patients (https://clinicaltrials.gov/study/NCT01556685), circadian clock properties from skin biopsies (https://clinicaltrials.gov/study/NCT02384148), NLRP7 in progesterone-induced decidualisation (https://clinicaltrials.gov/study/NCT04148638), SARS-CoV-2 seroepidemiology in transplant recipients (https://clinicaltrials.gov/study/NCT04487197), protein synthesis and mTORC1 activation after insect-derived protein supplements (https://clinicaltrials.gov/study/NCT05457218), and a reporter gene assay for periprosthetic joint infection (https://clinicaltrials.gov/study/NCT05582460). No trial administers luciferase to a human.",,1
foxo3,FOXO3,Overexpression,Longevity & Genome,Stress-Response Transcription,"If you had to bet on a single gene associated with human longevity, FOXO3 is the safest bet in biology. One variant of it (rs2802292) shows up across centenarian populations — Okinawan Japanese, German, Italian, American — in study after study. Willcox 2008 found that Hawaiian men homozygous for the longevity allele were 2.75 times more likely to reach 95 than the general population. FOXO3 is a stress-response conductor, switching on the cell's repair and recycling programs when things get rough. In 2025, Inci et al. (Hallym University) published the first and only mouse transgenic FOXO3 overexpression lifespan study: median and maximum lifespan both increased by about 30% using a tet-on doxycycline-inducible system, with enhanced DNA repair and radiation resistance. The experiment that would close the loop has finally been done — once, in one lab. No independent replication exists yet.","FOXO3 coordinates cellular repair, recycling, antioxidant defence and metabolic restraint when conditions are stressful. Longevity-associated variants recur across human populations; in one Okinawan cohort, men with two copies of a favourable variant were 2.75 times more likely to reach age 95. It is less a single anti-ageing switch than a master regulator for choosing maintenance and survival over short-term growth.","Stress-responsive transcription factor downstream of insulin/IGF-1 signaling; drives SOD2, catalase, GADD45, autophagy, p27.","Willcox 2008 PNAS, Okinawan Hawaiian men: rs2802292 homozygotes OR 2.75 (95% CI 1.51–5.02) for age ≥95; heterozygotes OR 1.91. Replicated in German (Flachsbart 2009), Italian, CHARGE, ≥11 cohorts; meta-OR ~1.5. FOXO3 + APOE are the two reproducible longevity loci. Renault 2009: FoxO3-KO depletes adult neural stem cells. Inci 2025 (Biogerontology): first Tg FOXO3 overexpression lifespan study — median and maximum lifespan both +~30% in tet-on doxycycline-treated mice, with upregulated DNA repair (NHEJ, NER, BER, MMR) and gamma radiation resistance. Single lab (Hallym U), not yet replicated.",T7 (association only) + T4/T5 for loss-of-function,"The gap is narrowing but still large: only ONE mouse Tg FOXO3 overexpression lifespan study (Inci 2025, Hallym U, single lab) showing +~30% median and maximum lifespan via tet-on doxycycline induction. No independent replication. No activator in trials. FoxO3a mediates neuron death via Bim in beta-amyloid context (Sanphui & Biswas 2013, Cell Death Dis) — longevity gene doubles as pro-apoptotic effector in stressed neurons. All human clinical trials measure FOXO3 as a biomarker, none give it as therapy.",Willcox PNAS 2008 https://doi.org/10.1073/pnas.0801030105 | Flachsbart PNAS 2009 https://doi.org/10.1073/pnas.0809594106 | Broer J Gerontol A 2015 (CHARGE) https://doi.org/10.1093/gerona/glu166 | Inci 2025 Biogerontology https://doi.org/10.1007/s10522-025-10341-9,"Effect is associative only; OR modest (~1.5 in meta); sex-specific (stronger in men, unexplained); FOXO3 is pro-oncogenic in glioma/AML stem cells (Sunayama 2011). FoxO3a mediates neuron death in beta-amyloid context (Sanphui & Biswas 2013). Inci 2025 is the first and only Tg overexpression lifespan study (+~30% median and max), single lab, not replicated.",,1
fst344,FST,FST-344 isoform overexpression,Regeneration,Muscle Enhancement,"Your muscles are locked in a tug-of-war between growth signals and a powerful brake called myostatin. Follistatin is nature's way of releasing that brake — it binds myostatin and neutralises it, unleashing muscle growth that is otherwise tightly suppressed. In 2009, Haidet and Bhatt at Nationwide Children's Hospital showed that a single intramuscular injection of AAV1-follistatin-344 increased muscle mass and grip strength in both normal and dystrophic mice, with quadriceps weight rising over 100% in some cohorts. In 2015, Mendell's group ran the first human trial: six boys with Becker muscular dystrophy received bilateral AAV1-FS344 injections into the quadriceps. The six-minute walk test improved by a mean of 58 metres at 24 months, with no serious adverse events and no detectable anti-myostatin antibodies. A 2017 follow-up in inclusion body myositis patients showed similar safety and modest functional benefit. The catch: follistatin also binds activins and other TGF-beta family members, meaning its effects are not muscle-specific — it influences reproductive hormones, inflammation, and fibrosis in ways that are hard to predict long-term.","Follistatin releases muscle growth by binding myostatin and related TGF-beta-family brakes. Local gene delivery more than doubled quadriceps mass in some mouse cohorts, and six people with Becker muscular dystrophy walked an average 58 metres farther after two years in a peer-reviewed trial. Its reach beyond myostatin into activin signalling makes local, dose-controlled delivery important, but the human functional result gives this pathway unusual translational weight.","Follistatin: 344-aa secreted glycoprotein; binds and neutralises myostatin (GDF-8), activin A/B, and GDF-11 with high affinity; blocks SMAD2/3 signalling through ActRIIB; relieves transcriptional repression of myogenic genes → satellite cell activation, myofiber hypertrophy.","Haidet 2008 (AAV1-FS344 mouse): quadriceps mass +100% vs controls; grip strength +60% in mdx mice. Mendell 2015 (human phase I/IIa, n=6 Becker MD): 6-min walk +58 m at 24 months (3/6 patients improved >50 m); no SAEs; anti-AAV1 Abs present but no anti-myostatin Abs. Mendell 2017 (IBM, n=6): safe; 2/6 improved on 6MWT. Kota 2009 (AAV8-FS315 mouse): muscle mass +73%, specific force +12%.",T5,Systemic delivery for whole-body effect; long-term reproductive/endocrine effects of activin blockade; phase III efficacy trials pending; dose–response in healthy muscle vs dystrophic; potential bone density effects.,Haidet Proc Natl Acad Sci 2009 https://doi.org/10.1073/pnas.0709144105 | Al-Zaidy Journal of Neuromuscular Diseases 2015 https://doi.org/10.3233/jnd-150083 | Mendell Molecular Therapy 2017 https://doi.org/10.1016/j.ymthe.2017.02.015,"Follistatin is NOT myostatin-specific — it also neutralises activins (reproductive hormones) and GDF-11 (disputed aging factor). Long-term endocrine consequences unknown. FST-344 includes a heparin-binding domain that limits systemic distribution vs FST-315; this is a feature for local injection but limits whole-body effects. Becker MD patients had heterogeneous baseline function. IBM is notoriously hard to treat — modest benefit is still notable. COMMERCIAL AVAILABILITY: As of 2025, follistatin plasmid therapy is offered at clinics in Honduras (Prospera ZEDE), Bahamas, and Panama through Minicircle (https://minicircle.io/) at ~$25,000/treatment, and through Unlimited Bio (https://unlimited.bio/) using similar plasmid delivery. These are non-integrating plasmid therapies (not AAV as in the Mendell published trials) with effects lasting ~1 year; no peer-reviewed human efficacy data has been published by these providers. Company-reported biomarker improvements (epigenetic age reduction, muscle mass gains) have not been independently verified.",,1
fth1b_shark,FTH1B (Shark),overexpression,Stress Resistance,Oxidative Shield,"The Greenland shark thrives in icy, oxygen-variable Arctic waters for centuries. FTH1B encodes an expanded ferritin heavy chain that sequesters free iron with exceptional efficiency, preventing Fenton chemistry-driven oxidative damage. This molecular iron vault may be a core longevity mechanism, neutralizing one of the most destructive sources of cellular damage before it begins.","Greenland shark FTH1B expands the ferritin system that captures loose iron before it can drive damaging free-radical chemistry. Sharks with this programme show low labile iron and low lipid-peroxidation markers, fitting the demands of a vertebrate that can persist for centuries. The idea is a stronger molecular iron vault, although mammalian testing must determine how to gain oxidative protection without withholding iron from essential enzymes.","FTH1B ferroxidase activity converts Fe2+ to Fe3+ for safe storage within the ferritin cage. The shark variant shows expanded copy number and enhanced iron-binding capacity, dramatically reducing labile iron pool and preventing hydroxyl radical generation via Fenton reactions.",Greenland shark tissues show extremely low labile iron and lipid peroxidation markers. FTH1B copy number expansion correlates with maximum lifespan across elasmobranch species.,T3,Iron homeostasis is delicately balanced; excessive sequestration may cause functional iron deficiency. Cross-species expression studies in mammalian models are needed.,https://doi.org/10.1073/pnas.1819778116,Part of a multi-gene iron management system; isolated overexpression may not recapitulate full benefit.,Longevity & Genome,0
g6pd,G6PD,Overexpression (moderate; human G6PD transgene under its own endogenous promoter),Stress Resistance,Oxidative Shield,"Most antioxidant experiments add an enzyme that destroys a reactive molecule. This one adds the enzyme that pays for the destruction.

Every major antioxidant system in the cell — thioredoxins, glutaredoxins, peroxiredoxins, and the maintenance of catalase in its active form — ultimately runs on the reducing power of NADPH, and the enzyme that sets NADPH availability is glucose-6-phosphate dehydrogenase at the head of the pentose phosphate pathway. Nóbrega-Pereira and colleagues in Manuel Serrano's group built a mouse carrying a human G6PD transgene under its own endogenous promoter, deliberately keeping the overexpression moderate rather than maximal, and followed cohorts to death on standard chow.

The animals had higher NADPH, lower ROS-derived damage, and better protection from age-associated functional decline. Median lifespan rose in females by 3.45 months, 13.7%; in males it did not move, and maximum lifespan was unchanged in both sexes. The healthspan effects also split by sex: old transgenic males had better glucose tolerance and insulin sensitivity, old transgenic females better rotarod performance (Nóbrega-Pereira 2016, https://doi.org/10.1038/ncomms10894).

The part that earns this gene its place is the cancer arm, because G6PD is a textbook worry. The enzyme is overexpressed in many human tumours and has been proposed to be pro-oncogenic, so the obvious objection to raising it is that you are feeding tumour biosynthesis. The authors tested that directly and did not find it: the transgene had no effect on tumour development, in a wild-type background or when crossed onto p53-null, Atm-null, MMTV-PyMT and Emu-Myc tumour-prone backgrounds. Detailed histopathology of the deceased animals found no difference in the profile of pathologies.

A single moderate-overexpression cohort with a female-only median gain is not a large longevity result. As a demonstration that supplying reducing power is safer than it looks, with the cancer question actually asked, it is a clean one.","Every antioxidant system in the body runs on reducing power, and one enzyme at the head of the pentose phosphate pathway sets how much of it is available. Mice with a moderate extra copy had higher NADPH, less oxidative damage, and a female median lifespan 3.45 months longer at 13.7%, while maximum lifespan did not change at all. Males got the metabolic benefits but no extra lifespan whatsoever.","Glucose-6-phosphate dehydrogenase (515 residues) catalyses the first and rate-limiting step of the pentose phosphate pathway, oxidising glucose-6-phosphate to 6-phosphogluconolactone and reducing NADP+ to NADPH. NADPH is the terminal electron donor for the thioredoxin, glutaredoxin and peroxiredoxin systems and is required to keep catalase in its active form, so G6PD activity sets the ceiling on the cell's capacity to reduce oxidised protein thiols and clear peroxides — it does not scavenge a radical itself but supplies the currency that every thiol-based defence spends. Moderate overexpression under the endogenous promoter raises steady-state NADPH and lowers ROS-derived damage without the compartment mistargeting or supraphysiological load that defeated single-enzyme antioxidant experiments.","Nóbrega-Pereira and colleagues generated a transgenic mouse with moderate overexpression of human G6PD under its endogenous promoter and followed cohorts with wild-type littermates for their entire lifespan on standard chow. Transgenic animals had higher NADPH levels, lower levels of ROS-derived damage, and partial protection from age-associated functional decline. Median lifespan of G6PD-Tg females increased significantly by 3.45 months, or 13.7%; there was no significant increase in males, and no effect on maximal lifespan in either sex. Detailed histopathological analysis of the deceased mice found no significant difference in the profile of pathologies developed. Healthspan endpoints separated by sex: old transgenic males showed improved glucose tolerance and insulin sensitivity, old transgenic females improved rotarod performance as an index of neuromuscular fitness (Nóbrega-Pereira 2016, https://doi.org/10.1038/ncomms10894).

The cancer arm is the notable negative. G6PD has been proposed to be pro-oncogenic on the basis of its overexpression in several tumour types and in-vitro work, and overexpression under an actin promoter increases fibroblast proliferation. The authors tested tumour onset in the transgenic line in a wild-type background and on p53-null, Atm-null, MMTV-PyMT and Emu-Myc tumour-prone backgrounds, and found the transgene had no effect on tumour development in any of them.

The OpenGenes record additionally captures the male cohort as a lifespan decrease of -1.3% median, which is the non-significant male result from the same study and should be read as no effect rather than harm.","T5 (mammalian in-vivo lifespan and healthspan cohort with a tumour-susceptibility arm across four tumour-prone backgrounds; single laboratory, female-only median effect) + T7 for the human deficiency phenotype","No human has received a G6PD transgene, and there is no vector or expression-raising drug. The human literature on this gene is almost entirely about its deficiency: G6PD deficiency is the most common enzymopathy worldwide, causes haemolysis on oxidative challenge, and is routinely genotyped or assayed before primaquine and tafenoquine dosing for malaria (NCT02216123, NCT02389374, NCT04698980) and in newborn screening panels (NCT05687474). That tells us what too little looks like in a human and nothing about a moderate excess. The mouse result is also narrow: a single laboratory, one cohort, median-only, females-only, with no change in maximum lifespan — so the effect is best described as a healthspan and early-mortality shift rather than a change in the rate of ageing. The sex split is unexplained. Finally, moderation was designed into the construct by using the endogenous promoter; the cancer-neutral result cannot be extrapolated to a strong promoter, and the authors note that actin-promoter G6PD overexpression does increase fibroblast proliferation.",Nóbrega-Pereira Nature Communications 2016 https://doi.org/10.1038/ncomms10894,"FEMALE-ONLY, MEDIAN-ONLY. The 13.7% figure is the female median lifespan gain (3.45 months). Males showed no significant increase, and maximal lifespan was unchanged in both sexes. The OpenGenes row recording -1.3% median for males is the non-significant male arm of the same study, not an independent harmful result; it is entered with positive='false' to keep the record honest but should be read as no effect.

CANCER QUESTION WAS ASKED AND ANSWERED, WITHIN LIMITS. G6PD is proposed to be pro-oncogenic and is overexpressed in many human tumours. This study found no effect of the transgene on tumour development in a wild-type background or on p53-null, Atm-null, MMTV-PyMT or Emu-Myc backgrounds, and no difference in the pathology profile at death. That is a stronger safety result than most antioxidant genes carry. It applies to MODERATE overexpression under the endogenous promoter; the paper notes that G6PD overexpression under an actin promoter increases fibroblast proliferation, so a strong promoter is a different experiment.

HUMAN DEFICIENCY IS THE FAMOUS DIRECTION. G6PD deficiency is the most common human enzymopathy and causes drug- and infection-triggered haemolysis; it is screened before primaquine/tafenoquine antimalarial dosing. All registered human trials in the record measure or genotype the enzyme in the deficiency context. None supplies the gene, so all human rows are intervention='observational' or natural_variant.

SEX SPLIT UNEXPLAINED. Lifespan gain in females, metabolic gain (glucose tolerance, insulin sensitivity) in males, neuromuscular gain (rotarod) in females. No mechanism was offered.

SINGLE LABORATORY, SINGLE COHORT. Serrano group, 2016; no independent replication.

FLY CONTEXT. G6PD overexpression extends longevity and raises maximum lifespan in Drosophila; the mouse result is weaker than the fly result, which is the usual direction and should not be used to inflate the mammalian claim.",Longevity & Genome,0
gaafp_glaciozyma,GaAFP,overexpression,Environmental Adaptation,Antifreeze,"The Antarctic yeast Glaciozyma antarctica lives in permanently frozen sea ice and produces a powerful antifreeze protein to do it. The relevant activity is not the one most people associate with antifreeze. Two properties are usually measured in these proteins: thermal hysteresis, the gap the protein opens between the melting and freezing points of a solution, and ice recrystallisation inhibition, the ability to stop small ice crystals from merging into large ones during temperature fluctuation. GaAFP is strong at the second, which is the property that actually matters for preserving cells and tissue, because freeze-thaw damage comes mostly from large crystals growing at the expense of small ones rather than from the initial freezing event. Fish antifreeze proteins, by contrast, are better known for lowering the freezing point.

Majewska and colleagues found that the Antarctic yeast strain 186, identified as Glaciozyma martinii, secretes a glycosylated ice-binding protein of roughly 27 kilodaltons with ice recrystallisation inhibition activity, the first evidence of antifreeze protein secretion by this species. The native strain makes very little of it and needs at least fourteen days of refrigerated culture, so they cloned the homologous gene from the closely related Glaciozyma antarctica into a pPICZB vector and expressed it in Pichia pastoris strain GS115. The resulting recombinant protein, GaAFP, is 261 amino acids and 26.57 kilodaltons, a value the legacy record rounds to 26.6 kDa, carries a 20-amino-acid signal peptide that lets the yeast secrete it, and showed ice recrystallisation inhibition activity along with a cryoprotective effect in frozen food (2025, https://doi.org/10.1371/journal.pone.0318459).","The Antarctic-yeast protein GaAFP prevents small ice crystals from merging into larger, tissue-ripping structures during temperature fluctuations. Recombinant 26.6-kDa protein protected frozen vegetables and improved yeast survival after 35 days at −20°C, demonstrating useful cryoprotection at only 0.1–0.2 mg/mL. Its strength is ice-recrystallisation control, a property well suited to food, cell and biomaterial preservation.","GaAFP binds ice crystal surfaces through a flat ice-binding face. Adsorption onto the crystal surface pins the growth front locally, so the ice can only advance by curving between the bound protein molecules, which is energetically unfavourable and slows growth. In practice this manifests primarily as ice recrystallisation inhibition, the suppression of the process by which large crystals grow at the expense of small ones during temperature fluctuation, rather than as strong thermal hysteresis. Hashim and colleagues measured thermal hysteresis of 0.1 degrees C in the Glaciozyma antarctica culture filtrate and 0.08 degrees C for recombinant Afp1 refolded from Escherichia coli inclusion bodies, values comparable to those reported for bacteria and fungi and far below the levels at which thermal-hysteresis-driven protection would dominate (2012, https://doi.org/10.1007/s00792-012-0494-4). The practical consequence is that GaAFP protects cells and tissues at concentrations where a thermal hysteresis protein would be doing very little.","Hashim and colleagues identified the antifreeze protein gene from a genome sequence survey of Glaciozyma antarctica. The complementary DNA encoded a 177-amino-acid protein with 30% similarity to a fungal antifreeze protein from Typhula ishikariensis. Expression peaked within six hours of growth at minus 12 degrees C. Expressed in Escherichia coli the recombinant protein formed inclusion bodies, was denatured in urea and refolded in vitro, and retained antifreeze activity with a thermal hysteresis of 0.08 degrees C, against 0.1 degrees C for the native culture filtrate (2012, https://doi.org/10.1007/s00792-012-0494-4).

Majewska and colleagues expressed a synthetic Glaciozyma antarctica gene in Pichia pastoris GS115, obtaining a secreted, 261-amino-acid, 26.57 kilodalton protein, 26.6 kDa when rounded, with a predicted glycosylation site, at optimal yield with 28 degrees C cultivation and 1% methanol induction twice daily over 72 hours. Vegetables and fruit pre-soaked in 0.1 milligrams per millilitre GaAFP and then frozen at minus 20 degrees C kept intact cell structures under microscopy, without the visible ruptures seen in untreated samples, and blueberries retained their pigment. In drip loss testing across five replicates, carrots showed a clear protective effect that was comparable to 0.5 molar glycerol and significantly different from the untreated control, improving with longer soaking time; the legacy version of this record quantified the effect as a 40-60% reduction in drip loss, a figure I could not locate in this paper or in any other source, and which is preserved here as the record's own claim rather than as a published measurement; kohlrabi gave similar results except at the shortest four-hour soak; blueberries showed no clear difference between conditions, which the authors attribute to the intact peel acting both as a barrier to water loss in controls and as a barrier to protein penetration in treated fruit. Frozen baker's yeast, Saccharomyces cerevisiae, held at minus 20 degrees C for 35 days showed increased cell survival with GaAFP at 0.1 and 0.2 milligrams per millilitre. The authors also assessed cytotoxicity against Caco-2 and HT-29 human colon adenocarcinoma lines and RAW 264.7 mouse macrophage-like cells at 50 to 400 micrograms per millilitre and concluded the protein is non-cytotoxic. This was the first demonstration of yeast-derived antifreeze proteins as food cryoprotectants (2025, https://doi.org/10.1371/journal.pone.0318459).",T4,"Food-grade regulatory approval has not been obtained for this protein. Only type III antifreeze proteins from psychrophilic fish are currently approved for consumption, cleared as an ice cream additive by the European Food Safety Authority in 2008 and by the Food and Drug Administration in 2013 (https://doi.org/10.1371/journal.pone.0318459), so there is a regulatory path but GaAFP has not walked it.

Pichia pastoris production has been optimised at laboratory scale and needs to be scaled to industrial volumes.

The clinical claim is entirely unmade. Benefit for cryopreservation of human organs and tissues has not been demonstrated; the published cryoprotection data cover carrots, kohlrabi, blueberries and baker's yeast.",Majewska PLOS ONE 2025 https://doi.org/10.1371/journal.pone.0318459 | Hashim Extremophiles 2012 https://doi.org/10.1007/s00792-012-0494-4,"This gene complements the existing fish antifreeze protein and antifreeze glycoprotein entry in the library through a distinct mechanism: ice recrystallisation inhibition rather than thermal hysteresis. The two are not interchangeable, and the distinction is the whole argument for including both.

The organism attribution needs care. The protein secreted by the Antarctic strain that Majewska and colleagues isolated is GmAFP from Glaciozyma martinii; GaAFP is the recombinant product of a synthetic gene taken from the related species Glaciozyma antarctica and expressed in Pichia pastoris, because the native strain produces too little protein too slowly to work with (https://doi.org/10.1371/journal.pone.0318459). The performance data therefore describe a recombinant yeast-produced protein, not a purified native secretion.

The cryoprotection result is not uniform across substrates. It held for carrot and kohlrabi and did not hold for blueberry, and for kohlrabi it failed at the shortest soaking time. A protein that works on cut hard vegetables and not on intact soft fruit is telling us something about penetration, and that has direct implications for whether it could reach the interior of a whole organ.",,0
gdf15_oe,GDF15 (NAG-1 / MIC-1),"overexpression (single-copy human hNAG-1/hGDF15 transgene, two independent founder lines)",Longevity & Genome,Metabolic Reset,"GDF15 is the body's malaise signal. Damaged mitochondria, cellular stress and many drugs raise it, and it acts on one receptor — GFRAL, in the hindbrain — to suppress appetite and drive weight loss. Wang et al. made mice carrying a single extra human GDF15 copy in two independent lines and followed them to death. Female transgenics lived significantly longer in both lines, with the gap widening dramatically on a high-fat diet: on ordinary chow the median gain was 19.5% and 12.8%, but on 60% fat it reached 23.6% and 43.6%, because the wild-type controls on that diet died early and the transgenics did not. The mice were smaller, carried less fat, had lower serum IGF-1, insulin and glucose, better insulin sensitivity and higher energy expenditure, with reduced signalling through the IGF-1/mTOR axis. The awkward fact is the direction of every clinical programme: AV-380, visugromab and NGM120 all BLOCK GDF15 or its receptor, because in cancer patients this hormone causes cachexia. Nobody is developing GDF15 as a therapy to give people; three companies are developing drugs to take it away.","A hindbrain-acting hormone suppresses appetite, burns off fat mass and lowers circulating IGF-1 and insulin. Female mice with one extra copy gained 19.5% median lifespan on ordinary chow and 43.6% on 60% fat, and the axis is an active clinical obesity target. Every clinical programme exists to BLOCK it because it drives cancer cachexia, and it works by making you eat less: the mice stayed permanently smaller.","GDF15 is a divergent secreted member of the TGF-β superfamily that signals through GFRAL-RET in the area postrema and nucleus tractus solitarius of the hindbrain — anatomically an aversion and nausea circuit, not a metabolic one. Chronic elevation reduces food intake and adipose mass and raises energy expenditure and oxidative metabolism. In the transgenics this was accompanied by lower serum IGF-1, insulin and glucose, improved insulin sensitivity, and reduced phosphorylation of IGF-1/mTOR pathway components including p70S6K and PI3K/Akt — the same axis that caloric restriction and growth-hormone-axis mutants work through. Mechanistically, therefore, this is a hormonally-enforced caloric-restriction mimetic rather than a cell-autonomous longevity gene.","Two independent founder lines, both showing significantly increased mean and median lifespan in females. On low-fat diet: +19.5% and +12.8% median. On high-fat diet: +23.6% and +43.6% median (line 1398 median 110.6 vs 77.0 weeks in wild type). Reduced body and adipose weight, lowered serum IGF-1, insulin and glucose, improved insulin sensitivity, increased oxygen utilisation and energy expenditure, and reduced IGF-1/mTOR signalling.","T5 (two independent transgenic mouse lines with full survival curves on two diets from one laboratory, plus metabolic and signalling mechanism; females only for lifespan; no human has received GDF15 therapeutically and all human clinical development targets its inhibition)","Lifespan was measured in females only — the male transgenics had elevated serum hNAG-1 but no reported survival curve, so a sex-specific effect cannot be excluded. The headline high-fat numbers are partly rescue of diet-induced early death in the controls rather than extension of a normal lifespan, and the low-fat figures are the fairer comparison. No human has received GDF15 as a gene or protein for any indication, and there is no dose-finding or safety data in the supplementation direction. The GFRAL receptor sits in a nausea circuit, so appetite suppression and aversion are not separable side effects — they are the mechanism.",Wang X et al. Aging (Albany NY) 2014;6:690-704 (10.18632/aging.100687); direction-opposing clinical programmes: AV-380 NCT05865535; visugromab CTL-002 NCT04725474; NGM120 NCT04068896,"THE TRADEOFF IS THE MECHANISM: GDF15 causes anorexia and weight loss through a hindbrain aversion circuit. There is no version of this intervention that gives the metabolic benefit without the appetite suppression — in an older adult that collides directly with sarcopenia and frailty. CACHEXIA: elevated GDF15 is the driver of cancer cachexia, which is why AV-380 (Phase 1b in cachectic cancer patients with elevated GDF-15), visugromab and NGM120 are all antagonists. A GDF15-supplementation card sits opposite the entire clinical literature and the record must say so. SEX: lifespan data are FEMALE ONLY. HFD CONFOUND: the +43.6% figure comes from a cohort whose wild-type controls were dying early on 60% fat (median 77.0 vs 94.9 weeks in the other line's controls). Quote the +19.5% low-fat number as the headline; the HFD number is diet-rescue. BIOMARKER STATUS: GDF15 is used clinically as a marker of mitochondrial disease, heart failure and chemotherapy toxicity — elevated GDF15 in a patient is normally bad news, and that framing is now widespread in the literature. PREGNANCY: GDF15 is strongly implicated in hyperemesis gravidarum; raising it in a person who might become pregnant is contraindicated on current evidence.",,1
gfp,GFP,Fluorescent reporter expression,Expression,Fluorescence,"Green fluorescent protein was isolated from the crystal jellyfish in 1962 by Osamu Shimomura, cloned in 1992, demonstrated as a reporter gene by Martin Chalfie in 1994 (Chalfie 1994, https://doi.org/10.1126/science.8303295), and has since been used to light up creatures from E. coli to marmosets. It won the 2008 Nobel Prize in Chemistry and rewrote experimental biology: you can now watch a specific gene switch on, follow a single protein as it moves, or track a tumour as it grows, simply by fusing GFP to it and shining blue light. The protein needs no substrate and no cofactor — only molecular oxygen, which it uses to fold its own chromophore into existence.

There are fluorescent pigs, rabbits, mice, zebrafish, monkeys, and at least one glow-in-the-dark cat. The honest caveat is that GFP is emphatically a laboratory reporter and not a therapeutic. Its green emission barely penetrates tissue, and it is mildly immunogenic in humans, which is why adoptive cell therapies quietly dropped it. Human clinical imaging moved long ago to positron-emission tomography tracers that can be read through the whole body.","Green fluorescent protein lets a cell generate bright green light under blue illumination using only the protein itself—no added chemical fuel. It has functioned across organisms from bacteria to transgenic marmosets, transforming biology by making gene expression, cell migration and neural activity directly visible. Its deepest capability is not decoration but a self-contained optical tag that follows living cells through time.","Green fluorescent protein is a 238-amino-acid polypeptide that folds into a barrel of 11 beta strands. Buried at the centre of that barrel, the tripeptide serine 65 - tyrosine 66 - glycine 67 cyclises and oxidises autocatalytically to form the chromophore, so the protein manufactures its own fluorophore from its own backbone. The only external requirement is molecular oxygen; no cofactor, substrate or accessory enzyme is needed, which is precisely why the gene works in essentially any organism it is transferred into.","GFP became the universal reporter almost immediately after Chalfie and colleagues showed that the gene alone was sufficient to make E. coli and Caenorhabditis elegans fluoresce (Chalfie 1994, https://doi.org/10.1126/science.8303295); it now works routinely in E. coli, yeast, plants, C. elegans, Drosophila, zebrafish and every standard human cell line. Okabe and colleagues generated the 'green mice', which express enhanced GFP ubiquitously from a CAG promoter and remain a standard source of donor cells for transplantation studies (Okabe 1997, https://doi.org/10.1016/S0014-5793(97)00313-X). Transgenic GFP pigs were produced in 2006. Sasaki and colleagues went furthest, producing transgenic common marmosets that expressed GFP and transmitted the transgene through the germline to their offspring — the first transgenic non-human primates to do so (Sasaki 2009, https://doi.org/10.1038/nature08090). Transgenic cats were made carrying GFP co-expressed with the antiviral restriction factor TRIMCyp, which rendered their cells resistant to feline immunodeficiency virus (Wongsrikeao 2011, https://doi.org/10.1038/nmeth.1703). On the photophysics, enhanced GFP has a molar extinction coefficient of approximately 56,000 M-1 cm-1 and a quantum yield of 0.6, which is bright enough for single-cell detection, and the photostable c3GFP mutant reported in 2020 is stable enough to survive stimulated emission depletion super-resolution imaging.",T6 (human cells routinely); T5 across multiple mammalian species; T7 ex-vivo only (not approved in vivo in humans),"The in-vivo clinical reporter role has already been ceded to other systems. Herpes simplex virus thymidine kinase imaged with the positron-emitting tracer [18F]FHBG, the sodium-iodide symporter, prostate-specific membrane antigen and the E. coli dihydrofolate reductase / trimethoprim pair all report from deep tissue, which green fluorescence cannot do. GFP is not approved for in-vivo use in humans and there is no pathway under which a green fluorophore would outperform these tracers in a patient.",Chalfie Science 1994 https://doi.org/10.1126/science.8303295 | Okabe FEBS Letters 1997 https://doi.org/10.1016/S0014-5793(97)00313-X | Sasaki Nature 2009 https://doi.org/10.1038/nature08090 | Wongsrikeao Nature Methods 2011 https://doi.org/10.1038/nmeth.1703,"GFP belongs in this database as a reporter rather than an enhancement; it tells you what a cell is doing and changes nothing about what the cell can do. Its green emission does not penetrate tissue, so anything deeper than a few millimetres is invisible. Chromophore maturation depends on molecular oxygen, which makes the signal unreliable in hypoxic tissue such as a tumour core. The fluorophore photobleaches under sustained illumination. Most consequentially for anyone thinking about human use, GFP is mildly immunogenic in humans and was cleared out of adoptive cell therapy protocols for that reason. Human clinical imaging uses positron-emission tomography reporters, not GFP.",,1
ghr_laron,GHR,"loss-of-function (E180 splice mutation, homozygous); growth hormone receptor deficiency",Longevity & Genome,Cancer & Diabetes Immunity,"In the valleys of Loja and El Oro in southern Ecuador there lives an extended set of families whose members reach an adult height of about 118 cm. They were identified in the clinic the ordinary way, by severe short stature with very low IGF-1, and then genotyped: homozygous for a splice mutation at codon 180 of the growth hormone receptor. Growth hormone circulates in their blood normally. Their cells simply cannot hear it. Jaime Guevara-Aguirre's institute in Quito followed them for more than two decades, and in collaboration with Valter Longo's lab in Los Angeles published what remains one of the most striking natural experiments in human ageing: across the monitored cohort there was one non-lethal malignancy and no diabetes at all, in a population whose own relatives - the best possible controls, sharing their genes, diet, water and village - ran 17% cancer and 5% diabetes (Guevara-Aguirre 2011, https://doi.org/10.1126/scitranslmed.3001845). The mechanism reads as a list of the pathways lifespan researchers had already found in yeast, worms and mice: with growth hormone signalling abolished, hepatic IGF-1 collapses, RAS, PKA and TOR signalling fall, and the antioxidant enzyme SOD2 rises. Serum from these subjects, applied to human breast epithelial cells under oxidative stress, produced fewer DNA breaks but more apoptosis - damaged cells being deleted rather than kept. And yet the cohort does not live longer, and the reason is a hard lesson about what protection from disease buys you. Of 30 deaths over the age of ten, 21 came from convulsive disorders, alcohol toxicity, accidents and liver cirrhosis. A genotype that removes cancer and diabetes does nothing about the world you live in. Longo has proposed this receptor as a drug target for healthy lifespan extension; three decades after the cohort was described, nothing has reached a trial in that direction.","Laron syndrome reveals what lifelong reduction of growth-hormone signalling does in humans: it produces a much smaller body alongside striking protection from diabetes and cancer. Across 22 years, an Ecuadorian cohort of 90 affected people recorded no diabetes and only one non-lethal cancer, versus 5% and 17% in relatives. The tradeoff is defining—adult height averaged 118.5 cm—making this a powerful natural experiment rather than a simple longevity recipe.","GHR encodes the 638-amino-acid growth hormone receptor, the cell-surface protein that binds circulating growth hormone and transduces its signal inward. The Ecuadorian E180 allele is a splice mutation that, in the words of the source, ""results in a protein that lacks 8 amino acids in its extracellular domain and is possibly misfolded and degraded"". Homozygotes therefore cannot transduce the growth hormone signal at all, and the immediate consequence is that hepatic production of insulin-like growth factor 1 (IGF-1) collapses, because that production is the liver's main response to growth hormone. What follows is a lifelong, whole-body attenuation of the growth hormone / IGF-1 / insulin axis: downstream RAS, protein kinase A (PKA) and target-of-rapamycin (TOR) signalling all fall, while the mitochondrial antioxidant superoxide dismutase 2 (SOD2) rises. This is the same conserved pro-ageing pathway whose attenuation extends lifespan in yeast, nematodes and mice, which is why the cohort attracted longevity researchers rather than only endocrinologists. The proposed anti-cancer arm is a shift in how damaged cells are handled: serum taken from deficient subjects and applied to human mammary epithelial cells under hydrogen peroxide stress reduced DNA breaks but increased apoptosis, meaning damaged cells are eliminated rather than retained and allowed to accumulate mutations.","Twenty-two years of monitoring an Ecuadorian growth-hormone-receptor-deficient cohort against 1,606 unaffected first- to fourth-degree relatives produced ""only one non-lethal malignancy and no cases of diabetes, in contrast to 17% cancer and 5% diabetes prevalence in the controls"", and the diabetes absence was quantified exactly: ""we estimated the prevalence of diabetes in the GHRD cohort as 0/90 = 0%, with 95% exact Clopper-Pearson Confidence Interval: 0% - 4%"" (Guevara-Aguirre 2011, https://doi.org/10.1126/scitranslmed.3001845). Cause-of-death analysis extended the finding to mortality: ""cancer was not a cause of death in GHRD subjects of any age group; however, it accounted for 20% of deaths in the relatives"". The metabolic phenotype behind this is extreme insulin sensitivity, with fasting insulin of 1.4 microunits per millilitre against 4.4 in unaffected relatives and a HOMA-IR insulin-resistance index of 0.34 against 0.96. The same literature quantifies the cost and the limits with equal precision. Adult height is 118.5 +/- 9.5 cm in 21 affected subjects against 153.2 +/- 7 cm in 23 control relatives (p<0.0001), with weight 43.9 kg against 70.4 kg and head circumference 51.8 against 54.5 cm (Guevara-Aguirre 2024, https://doi.org/10.1016/j.medj.2024.03.022). Vascular mortality is not improved - ""relative mortality from vascular diseases (combining cardiac disease and stroke) appears to be similar (33% of deaths in relatives vs 30% of deaths in GHRD subjects)"" - and no lifespan extension was measured, because of 30 deaths above age ten, 21 came from convulsive disorders, alcohol toxicity, accidents, cirrhosis and other non-age-related causes (https://doi.org/10.1126/scitranslmed.3001845). A later follow-up did find carotid plaque in 7% of affected subjects against 36% of controls, though with only 14 versus 11 people assessed the difference was not significant (p = 0.1333), alongside a significantly lower left carotid intima-media thickness (p = 0.0106).","T7 (human natural experiment; 22-year prospective cohort with n=90 for the diabetes estimate, 1,606 relative controls, plus an independent 2024 cardiovascular follow-up)","The cohort is small and geographically confined to two Ecuadorian provinces, and the cancer-incidence finding rests on the absence of events rather than on a measured rate, which by construction carries wide intervals - the diabetes estimate of 0% spans 0% to 4%. No lifespan extension has been demonstrated, and cannot be from this cohort, because 70% of deaths came from causes that have nothing to do with ageing; whether removing cancer and diabetes would translate into longer life in a safer environment remains untested. There is no route to this phenotype in an adult body. Partial pharmacological suppression of the growth hormone / IGF-1 axis is possible - the growth hormone receptor antagonist pegvisomant exists and is licensed for acromegaly - but it has never been trialled for cancer or diabetes prevention, and doing so would trade against the documented consequences of adult growth hormone deficiency. It also remains unresolved whether the protection requires the deficiency to be present from development onward, as it is in these families, or whether an intervention started in mid-life could capture any of it.",Guevara-Aguirre Science Translational Medicine 2011 https://doi.org/10.1126/scitranslmed.3001845 | Guevara-Aguirre Med 2024 https://doi.org/10.1016/j.medj.2024.03.022 | Guevara-Aguirre BMJ Case Reports 2020 https://doi.org/10.1136/bcr-2019-231737,"The registry direction here is worth stating plainly, because it inverts this library's framing. Every interventional trial found in these families runs the opposite way: NCT00571727 (Ipsen, mecasermin, https://clinicaltrials.gov/study/NCT00571727) and NCT00368173 (Insmed, recombinant IGF-1 with IGFBP-3, https://clinicaltrials.gov/study/NCT00368173) both administer IGF-1 to children in order to reverse the deficiency and restore height. Neither tests the enhancement; the clinical world treats this genotype as a disease to be corrected, and neither trial administers or edits the gene itself. The one same-direction human intervention is pharmacological rather than genetic: pegvisomant, a growth hormone receptor antagonist, was used in a University of California insulin-sensitivity study (https://clinicaltrials.gov/study/NCT02023918), which again measures rather than installs the genotype and was not aimed at longevity. A further caution for anyone reading the lipid panel of this genotype: the 2024 follow-up found affected subjects have elevated LDL cholesterol yet lower carotid intima-media thickness (Guevara-Aguirre 2024, https://doi.org/10.1016/j.medj.2024.03.022), so their blood work looks worse than their arteries do. Obesity is also part of the clinical picture rather than absent from it, with body mass index 31 against 30.1 in relatives and 57% versus 52% above a BMI of 30. Finally, the non-medical cost is documented in the same literature: people with genetic syndromes of severe short stature in developing countries face social branding and stigma (Guevara-Aguirre 2020, https://doi.org/10.1136/bcr-2019-231737). Reference identifiers are UniProt P10912 (https://www.uniprot.org/uniprotkb/P10912) and PDB 1A22 (https://www.rcsb.org/structure/1A22), one of eleven solved structures.",,1
glassin_sponge,Glassin,overexpression,Expression,Biosilicification,"The Venus' flower basket sponge (Euplectella aspergillum) builds an intricate glass skeleton at ambient temperature and pressure — a feat human engineering cannot match. Glassin is the silica-precipitating protein that templates this process, directing dissolved silicic acid into precisely organized nanoscale glass fibers with fiber-optic-grade optical clarity. This biological glass factory operates where industrial synthesis requires extreme heat.","Glassin helps glass sponges assemble silica at room temperature and neutral pH, replacing harsh industrial conditions with protein-guided mineral growth. Recombinant glassin can produce amorphous silica nanoparticles, while the sponge's complete silica fibres also conduct light. This points toward biologically manufactured optical and structural materials, with the protein serving as a gentle nucleator rather than the entire finished skeleton.","Glassin contains a unique silica-condensing domain that catalyzes polycondensation of silicic acid. The protein self-assembles into filaments that template hierarchical silica deposition, creating structures with superior mechanical properties to synthetic glass fibers — combining strength, flexibility, and optical waveguide capability.",Recombinant glassin produces amorphous silica nanoparticles at room temperature and neutral pH. Sponge spicules show fiber-optic light transmission with better flexibility than industrial optical fibers.,T3,Scaling recombinant production for industrial application. Multi-protein cooperation in vivo may be required for full structural hierarchy. Biocompatibility for medical implants needs validation.,https://doi.org/10.1073/pnas.1506968112,"Most advanced bio-glass material known. Potential applications in optical sensors, bone scaffolds, and room-temperature glass manufacturing.",,0
glut5_khk_nmr,GLUT5/KHK (NMR),knockout,Longevity & Genome,Metabolic Shield,"The naked mole-rat is virtually immune to cancer and lives 10x longer than similar-sized rodents. Its fructose metabolism pathway is uniquely altered — GLUT5 transporter and ketohexokinase (KHK) show reduced expression, effectively blocking fructose-driven lipogenesis and metabolic syndrome. This natural metabolic rewiring may explain the species' remarkable resistance to obesity, diabetes, and metabolic disease.","The naked mole-rat's fructose-handling programme suggests a way to uncouple sugar use from liver-fat production. In mice, inhibiting ketohexokinase cut liver fat by about 80%, and a KHK inhibitor has reached Phase 2 testing for metabolic liver disease. The capability is selective metabolic rerouting: preserve useful energy handling while reducing the fructose flux that feeds steatosis.","Downregulated GLUT5 limits cellular fructose uptake. Reduced KHK activity prevents fructose phosphorylation and subsequent de novo lipogenesis, uric acid production, and ATP depletion. Together they block the fructose-driven metabolic syndrome cascade.",Naked mole-rats show no age-related metabolic decline. KHK inhibitors in mice reduce hepatic steatosis by 80%. Pfizer KHK inhibitor PF-06835919 reached Phase 2 clinical trials for NASH.,T4,Species-specific metabolic context may limit direct translation. KHK inhibition in humans needs careful monitoring for hereditary fructose intolerance-like effects.,https://doi.org/10.1126/science.aab3896,KHK pharmaceutical inhibitors already in clinical development independently of NMR biology.,,0
greenland_shark_repair,GS DNA-repair / TP53,Network transfer + C-terminal insertion,Longevity & Genome,DNA-Repair Network,"Greenland sharks swim through Arctic depths for 272 to 392 years — some individuals were alive before the American Revolution. Julius Nielsen dated them by radiocarbon-dating their eye lenses in 2016, making them the longest-lived vertebrates known. In 2024, a preprint from Alessandro Cellerino's group reported a 6.45-Gb genome assembly: 81 duplicated genes enriched for DNA double-strand-break repair, three copies of RAD51, expanded NF-κB signaling, and a unique lysine insertion in the C-terminus of p53 that AlphaFold predicts would extend an alpha-helix. All of it, so far, is comparative genomics — no one has expressed the shark p53 variant in a cell, knocked it into a mouse, or done any functional assay whatsoever. The shark is essentially unculturable; you cannot easily get primary cells. It's the most tantalizing longevity genome we have, and simultaneously the one furthest from any experiment a lab could actually run next Tuesday.","The Greenland shark combines extreme longevity—estimated at at least 272 years—with an expanded DNA-maintenance repertoire, including three copies of RAD51 in a recent genome analysis. The pattern suggests unusually strong capacity for homologous repair across a very long life. It remains a genomic hypothesis until individual shark variants are tested, but it offers a focused set of candidates for studying how giant, ancient vertebrates maintain their chromosomes.",81 duplicated genes forming DSB-repair GO-enriched STRING network; RAD51 in 3 copies (one intronless retrotranspositional); NF2 duplication; unique lysine insertion in p53 HKKEKE C-terminal motif predicted (AlphaFold3) to extend helix.,"Sahm 2024 bioRxiv (preprint): 6.45 Gb chromosome-level assembly; 22,634 genes; statistical enrichment p=0.029 (network), FDR=0.002 with TP53. Nielsen 2016 Science: lens radiocarbon dating → minimum ages 272 y. Nothing else — all predictions purely computational; no functional assay on GLS p53 variant; no mouse knock-in; no heterologous cell test; no tissue culture possible.",T1 (genomic + in silico AlphaFold3 only),Everything — expression/functional validation of GLS p53 variant; knock-in mouse; cell models.,Sahm bioRxiv 2024 https://doi.org/10.1101/2024.09.09.611499 | Nielsen Science 2016 https://doi.org/10.1126/science.aaf1703,"Preprint; no expression/functional validation; p53 CTD structural prediction is low-confidence; RAD51 overexpression is oncogenic in mammals. ""512-yr shark"" = upper 95.4% CI bound; measured floor is ~272 y.",,0
grn_aav,GRN (progranulin),Gene therapy overexpression (AAV-delivered progranulin; the human disease direction is haploinsufficiency),Longevity & Genome,Neurodegeneration Shield,"Progranulin is a secreted growth factor that neurons and microglia rely on to keep lysosomes working. Losing one functional copy is enough to cause frontotemporal dementia in humans — GRN haploinsufficiency is one of the most common genetic causes — and losing both copies causes neuronal ceroid lipofuscinosis, a lysosomal storage disease. Mouse knockouts confirm the direction from the deficit side: complete Grn loss cut median lifespan by 32.5%. That makes progranulin unusual in this library — the enhancement direction (put more of it in) is precisely what three independent companies are already doing in humans. AviadoBio delivers AVB-101 into the thalamus, Prevail/Lilly delivers LY3884963, and Passage Bio delivers PBFT02, all AAV vectors carrying GRN, all in Phase 1/2 for FTD-GRN, with 18-35 participants each. Every one of those trials has adverse events as a primary endpoint, which is the honest read on where this stands: humans have received the gene, and nobody has yet shown it changes the course of the disease.","A secreted factor keeps neuronal and microglial lysosomes clearing their contents, and losing one copy causes frontotemporal dementia. Three AAV gene therapies are dosing humans now — AVB-101, LY3884963 and PBFT02 — while mice lacking the gene entirely lost 32.5% of median lifespan. Mice with one copy removed lived slightly longer, so the mouse does not model the human deficit and the trials so far report safety, not efficacy.","Progranulin is a 593-residue secreted glycoprotein, cleaved by elastases into granulin peptides. It traffics to the lysosome via sortilin (SORT1) and prosaposin, where it supports the activity of lysosomal hydrolases including cathepsin D and glucocerebrosidase. Insufficiency produces lysosomal dysfunction, TDP-43 pathology, microglial over-activation and lipofuscin accumulation. The therapeutic logic is dose restoration rather than novel function: AAV-delivered GRN raises CSF and brain progranulin toward or above the normal range in carriers who have roughly half. Delivery route matters because progranulin is secreted and can cross-correct neighbouring cells — trials use intrathalamic or intracisternal administration to seed a diffusible supply rather than transduce every neuron.","Human loss-of-function establishes the phenotype without ambiguity: GRN haploinsufficiency causes frontotemporal dementia; biallelic loss causes neuronal ceroid lipofuscinosis. Complete knockout in mice reduced median lifespan by 32.5%. Three separate AAV-GRN programmes have dosed humans in Phase 1/2 (AVB-101 intrathalamic, n=18, recruiting; LY3884963, n=35; PBFT02, n=30), establishing that the gene can be delivered to the human CNS.",T7 (human gene therapy administered in three independent Phase 1/2 trials with safety as primary endpoint and no published efficacy; supported by unambiguous human loss-of-function genetics and a mouse knockout lifespan deficit),"No trial has reported an efficacy result — all three are dose-escalation studies whose primary endpoints are adverse events, with CSF progranulin and neurofilament as biomarkers rather than clinical benefit. The mouse does not reproduce the human dose-sensitivity: heterozygous Grn mice lived slightly LONGER (+5.5% median), so the animal model cannot be used to titrate a human dose. Overshoot is a real and unquantified concern — progranulin is a growth factor with reported tumour-promoting activity in several cancers, and no trial has defined an upper safe CSF concentration. Whether restoring progranulin helps a brain that already has TDP-43 pathology, versus preventing it in a presymptomatic carrier, is untested.",Ahmed 2011 Neurobiol Dis (10.1016/j.nbd.2011.08.029); Wils 2012 J Pathol (10.1002/path.4043); AVB-101 NCT06064890 (AviadoBio); LY3884963 NCT04408625 (Prevail Therapeutics); PBFT02 NCT04747431 (Passage Bio),"MOUSE-HUMAN MISMATCH: Grn+/- mice showed a 5.5% median lifespan INCREASE while Grn-/- mice lost 32.5% — the heterozygous state that causes human FTD is benign in the mouse. Do not present mouse data as dose guidance. CANCER: progranulin is a growth factor with documented tumour-promoting activity (breast, liver, ovarian); a therapy that pushes CSF and serum progranulin above normal has an unmeasured oncogenic ceiling. VECTOR MANAGEMENT: the Prevail protocol includes methylprednisolone with optional sirolimus and prednisone — the immune response to AAV in the CNS is being actively suppressed, which is itself a risk in an elderly population. DELIVERY IS NEUROSURGICAL: intrathalamic and intracisternal routes, not an injection. SCOPE: this is a disease-correction gene for a specific carrier population, not a general enhancement — a person with two working copies has no established deficit to correct.",Regeneration,1
gsr_glutathione_recycling,GSR (glutathione reductase / GSR-1),Overexpression (extra genomic copies),Stress Resistance,Oxidative Shield,"A cell's chief chemical defence against oxidation is not an enzyme but a small molecule held in enormous quantity: glutathione, at millimolar concentrations, kept in its reduced form. Every time it neutralises something it is spent, oxidised to the disulphide GSSG. Glutathione reductase is the single enzyme that spends NADPH to convert it back. It is a recycling machine, and whether it is worth adding more of depends entirely on whether recycling is the step that runs out.

In C. elegans the answer was yes on both arms. Luersen and colleagues screened 67 glutathione-metabolism genes for tolerance to the pro-oxidant juglone and found gsr-1 was the only one absolutely essential — knocking it down dropped survival to about 3%. Knockdown also shortened mean lifespan by 14.5%, from 20.7 to 17.7 days, while worms carrying extra copies lived 18.0% longer, 16.4 to 19.4 days (https://doi.org/10.1371/journal.pone.0060731).

In Drosophila the answer was conditional, and that conditionality is the honest core of this card. Mockett, Sohal and Orr made transgenic flies stably overexpressing glutathione reductase by up to 100% for their whole adult life. Under 100% oxygen the flies lived longer, accumulated fewer protein carbonyls and survived a semi-lethal oxygen dose far better. Under ordinary air, nothing: no change in longevity, protein carbonyls, or glutathione pools (https://doi.org/10.1096/fasebj.13.13.1733). The authors' own conclusion is that this enzyme is not rate-limiting for ageing in normal conditions and becomes limiting only when oxidative stress is high.","Cells hold a large pool of glutathione as their main chemical reducing agent, and one flavoenzyme spends NADPH to recharge it after oxidative damage has used it up. Worms given extra copies lived 18.0% longer on average, 16.4 to 19.4 days, while knocking it down cost 14.5%. Flies with extra copies gained 19.6% mean survival in pure oxygen but just 2.6% in ordinary air, which was not significant, and no mammal has been tried.","GSR encodes a 522-residue homodimeric flavoenzyme of the pyridine-nucleotide-disulphide oxidoreductase family, with an FAD-binding domain, an NADPH-binding domain and a dimerisation interface; the active site lies at the subunit boundary so the dimer is obligate. Catalysis runs a ping-pong cycle: NADPH reduces FAD, the reduced flavin passes electrons to a redox-active cysteine pair, and that dithiol reduces the disulphide bond of GSSG to yield two GSH. The enzyme therefore converts NADPH reducing power, generated largely by the pentose phosphate pathway, into a maintained cytosolic and mitochondrial GSH:GSSG ratio, which in turn drives every glutathione peroxidase, glutaredoxin and glutathione S-transferase in the cell. Alternative first exons give cytosolic and mitochondrial forms from the same gene. Because it sits downstream of NADPH supply, its usefulness as an addition depends on whether the cell is limited by recycling capacity or by NADPH availability — which is exactly the pattern the fly hyperoxia experiment shows.","C. elegans: extra genomic copies of gsr-1 gave +18.0% mean lifespan (16.4 to 19.4 days, significance_mean = 1) and RNAi knockdown gave -14.5% (20.7 to 17.7 days, significance_mean = 1). In a screen of 67 glutathione-metabolism genes, gsr-1 was the only one absolutely essential for survival under sub-lethal juglone stress, with a survival rate of 3.3 plus or minus 7.3% on knockdown (p < 0.001); the next-strongest hit, the omega-class glutathione S-transferase GSTO1, left 16.4 plus or minus 1.7% (Luersen 2013, https://doi.org/10.1371/journal.pone.0060731). Drosophila: transgenic flies overexpressing glutathione reductase up to 100% throughout adult life gained +19.6% mean survival under 100% oxygen (3.72 to 4.45 days, significant) and a +371% median gain in the recovery experiment after a semi-lethal oxygen dose (14 to 66 days, significant), with reduced protein carbonyl accrual. Under normoxia the same flies gained only +2.6% median lifespan (70.0 to 71.8 days) with significance_median = 0, i.e. not significant, and one stress row went the other way at -22.7% median (Mockett 1999, https://doi.org/10.1096/fasebj.13.13.1733).","T4 (bidirectional invertebrate in-vivo lifespan in C. elegans plus a conditional transgenic Drosophila result where the benefit appears only under hyperoxia; two independent laboratories and species, no mammalian lifespan test)","No mammal has been tested for lifespan or healthspan with raised glutathione reductase. The fly experiment is the strongest warning in this pack: a 100% increase in enzyme sustained across the whole adult lifespan produced no significant change in longevity, protein carbonyls, GSH or GSSG under ordinary air, so in an unstressed animal this enzyme is not the limiting step. That makes the plausible mammalian indication a stress-exposure one — hyperoxia, ischaemia-reperfusion, chemotherapy-induced oxidative injury — rather than general ageing. The enzyme also cannot work beyond the NADPH supplied to it, which is why the library's existing g6pd card, raising pentose-phosphate NADPH production, may be the more upstream intervention; adding recycling capacity without adding reducing power may do nothing. Human GSR deficiency is known and mild, which argues the pathway has reserve capacity in the normal direction.",Luersen PLoS ONE 2013 https://doi.org/10.1371/journal.pone.0060731 | Mockett FASEB Journal 1999 https://doi.org/10.1096/fasebj.13.13.1733,"Data-trap notes for this gene. The +371% figure in OpenGenes is a MEDIAN change in a post-hyperoxia recovery survival experiment (14 to 66 days), not a lifespan extension, and must never be used as a headline lifespan number; it is recorded here as a stress-recovery gene_testing row. The normoxia row carries significance_median = 0 and is reported as the negative row it is. One further fly row shows decreased survival under stress at -22.7% median with significance flagged, and is included. Overlap with the existing library: sod2 and mcat sit inside mitochondria on the superoxide-to-peroxide axis and g6pd supplies NADPH; GSR is the recycling step that consumes that NADPH, so it is the complementary node rather than a repeat — but the library reviewer should note that four oxidative-defence cards is already a crowded niche, which is part of why the recommendation is knowledge-base only. The worm overexpression strain background is LGIII/pha-1 e2123, a temperature-sensitive selection marker, not wild-type N2.",,0
h1f0_shark,H1F0 (Shark),overexpression,Longevity & Genome,DNA Repair,"The Greenland shark, Somniosus microcephalus, is the longest-lived vertebrate known. Radiocarbon dating of eye lens nuclei from 28 female sharks between 81 and 502 centimetres in total length revealed a lifespan of at least 272 years, with age at sexual maturity of at least 156 plus or minus 22 years and the largest animal, at 502 centimetres, dated to 392 plus or minus 120 years old (Nielsen 2016, https://doi.org/10.1126/science.aaf1703). The exhibit record credits the species with negligible senescence past 400 years.

H1F0 encodes histone H1.0, a linker histone that binds at the point where DNA enters and exits the nucleosome and stabilises higher-order chromatin architecture. The hypothesis behind this entry is that shark-specific variants of the protein achieve enhanced chromatin compaction, which would reduce aberrant transcription and protect against the epigenetic drift that accumulates with age. It is an appealing idea because it proposes that extreme longevity is a problem of maintaining genomic order rather than of repairing damage, and because linker histones are among the most ancient and conserved proteins in the eukaryotic nucleus.

The honest position is that this is the least-evidenced entry in the Longevity and Genome category. The claims about shark H1F0 variants are genomic and transcriptomic correlations, not demonstrations of cause, and as set out in the notes below, the single reference the record carries is a genome paper for a different shark species.","A Greenland-shark-inspired H1F0 programme proposes tighter chromatin as a way to suppress age-related transcriptional noise and keep dormant genomic regions quiet. In principle, linker histones could stabilise gene regulation across centuries of cell turnover. The shark's lifespan is firmly supported by radiocarbon dating, but H1F0 has not been shown to cause it, making this a provocative chromatin hypothesis rather than an established enhancement.","H1F0 encodes linker histone H1.0, which binds the nucleosome at the DNA entry and exit site and drives folding of the nucleosome array into compact higher-order chromatin. Compaction of that kind silences transposable elements and reduces transcriptional noise, both of which increase with age in most species examined. The mechanism proposed for this entry is that shark variants of the protein bind nucleosomes with higher affinity, which would produce tighter packaging and, in turn, suppressed age-related epigenetic drift and better-maintained heterochromatin integrity. The enhanced binding affinity is the proposed step; it is stated in the record as a property of the shark variants and no measurement of it appears in the reference the record cites.","What the record asserts, and what can be independently confirmed, need to be kept apart here.

The record states three findings: that Greenland sharks show negligible senescence markers past 400 years, that H1F0 expression remains stable across age cohorts, and that chromatin accessibility assays show tighter packaging in this species than in short-lived elasmobranchs. None of these three is reported in the single paper the record cites, which is the white shark genome (see notes), and I could not locate a source for any of them. They are preserved here as the record's claims, unattributed rather than falsely attributed.

What is independently verified is the longevity itself, from radiocarbon dating of eye lens nuclei in 28 female sharks (Nielsen 2016, https://doi.org/10.1126/science.aaf1703), and the genomic groundwork that has since appeared. A chromosome-level Greenland shark genome assembly published in 2026 spans 5.9 gigabases with an N50 length of 233 megabases and a completeness score of 96.7 percent; analyses of gene family expansion and positive selection in that assembly recovered classical longevity-associated mechanisms including immune enhancement, cancer resistance and DNA repair (Yang 2026, https://doi.org/10.1073/pnas.2601272123). The genome paper does not single out H1F0.

The reference the record carries is a 2019 paper by Marra and colleagues that reports the white shark genome and finds evidence of positive selection and gene-content enrichment for genome-stability genes across elasmobranchs (https://doi.org/10.1073/pnas.1819778116). That is real evidence for elasmobranch genome-stability adaptations in general, but it concerns Carcharodon carcharias, not Somniosus microcephalus, and it is not about H1F0.",T3,"Nothing about this has been tested in a mammalian cell, so the first step is simply expressing a shark H1.0 variant in a human or mouse line and measuring whether chromatin compaction actually increases. Delivering a histone variant to post-mitotic cells is a genuine obstacle rather than a formality, because histones are normally deposited during replication and a non-dividing neuron or cardiomyocyte has no replication-coupled route to incorporate them. The long-term consequence of tighter packaging is the central unknown: gene expression plasticity depends on chromatin being openable, and an intervention that suppresses transcriptional noise by compaction will also suppress the induction of genes a cell needs later. Before any of that, the entry needs a source: the causal claim rests on correlational genomic and transcriptomic observations that the cited reference does not contain.",Nielsen Science 2016 https://doi.org/10.1126/science.aaf1703 | Yang Proceedings of the National Academy of Sciences 2026 https://doi.org/10.1073/pnas.2601272123 | Chiavacci Aging Cell 2026 https://doi.org/10.1111/acel.70505 | Marra Proceedings of the National Academy of Sciences 2019 https://doi.org/10.1073/pnas.1819778116,"The longevity correlation is genomic and transcriptomic, not causal, and this entry has a citation problem that a reader should be told about directly.

The only reference the record carries is https://doi.org/10.1073/pnas.1819778116, published in 2019 by Marra and colleagues in Proceedings of the National Academy of Sciences under the title 'White shark genome reveals ancient elasmobranch adaptations associated with wound healing and the maintenance of genome stability'. It is a white shark genome paper. It does not concern the Greenland shark, and it makes no claim about H1F0, chromatin compaction in Somniosus microcephalus, nucleosome binding affinity, or senescence markers at any age. Three of the four statements in the record's achievements field therefore have no source in the record and none that I was able to find. I have preserved all three claims and marked them as unsourced rather than attaching a citation that does not support them.

A second point cuts against the entry's premise. A 2026 study of cardiac ageing in the Greenland shark found extensive interstitial and perivascular fibrosis throughout the ventricular myocardium, affecting both the compact and spongy layers in both sexes, together with extreme lipofuscin accumulation; the fibrotic pattern was absent in the comparison species, the deep-sea shark Etmopterus spinax and the short-lived killifish Nothobranchius furzeri, which suggests it is specific to Somniosus microcephalus (Chiavacci 2026, https://doi.org/10.1111/acel.70505). Fibrosis and lipofuscin are conventional senescence markers. Whatever the Greenland shark is doing to reach three centuries, 'negligible senescence' is too strong a description of its heart, and the exhibit should not claim otherwise.

The lifespan figure is also worth stating precisely. The radiocarbon study established at least 272 years, with the largest animal at 392 plus or minus 120 years (Nielsen 2016, https://doi.org/10.1126/science.aaf1703); the 2026 genome paper quotes the estimated lifespan as 392 plus or minus 120 years (https://doi.org/10.1073/pnas.2601272123). The record's 'over 400 years' sits inside the upper half of that confidence interval rather than being a measured value.",,0
has2_nmr,HAS2,nmrHas2 variant overexpression,Longevity & Genome,Hyaluronic Acid,"Naked mole-rats live over 30 years and almost never get cancer — a scandal for a rodent. Their secret is a gooey, ultra-high-molecular-weight form of hyaluronic acid that makes their tissues feel springy under tweezers. In 2023, the Gorbunova-Seluanov lab put the mole-rat version of the gene that makes this molecule (nmrHas2) into ordinary mice. The result: median lifespan rose 4.4% (9% in females), maximum lifespan +12%, and cancer deaths in aged mice dropped from 83% to 49%. The mice aged more gracefully — better grip strength, less inflammation, younger-looking guts. It's the first time a single naked mole-rat gene has clearly extended a mammal's life. One caveat: in a xenograft tumor model, the same gene actually helped cancer grow — so context matters, and the effect is smaller than calorie restriction or rapamycin. Still, the first rodent longevity gene transfer that worked.","Naked mole-rat HAS2 produces exceptionally large hyaluronic acid, creating a springy extracellular matrix linked to tissue resilience and cancer resistance. Mice carrying the naked mole-rat enzyme lived 4.4% longer on average and had fewer late-life cancer deaths in one cohort. Because the same matrix can support pancreatic tumour growth in another model, the exciting target is controlled, tissue-aware production rather than indiscriminate abundance.","NMR-specific Asn→Ser substitutions in catalytic loop produce high-molecular-mass HA (HMM-HA, >6.1 MDa, ~5× mouse/human); anti-inflammatory M2 polarization via CD44; reduced hyaluronidase in NMR tissues.","Zhang 2023 Nature (conditional Tg C57BL/6, n=175): median lifespan +4.4% (♀ +9%), max +12.2% (♂ +16%). Spontaneous cancer mortality in old mice 83%→49%. Reduced DMBA/TPA papillomas. Lower frailty, preserved grip/rotarod, ↑bone connectivity (♀). Reduced plasma IL-12p40, MIP1α/β, CCL7 (aged ♀). BMDMs: ↓Il1b/Il6/Tnf, ↑Il10/Arg1 after LPS. Improved gut barrier; old intestinal organoids rescued by HMM-HA.",T5,Human cell/in-vivo HMM-HA work not published; primate data; delivery; durable engineering in humans with high HYAL1/2 activity.,Zhang Nature 2023 https://doi.org/10.1038/s41586-023-06463-0 | Tian Nature 2013 https://doi.org/10.1038/nature12234 | Hadi Nature 2020 https://doi.org/10.1038/s41586-020-2410-x,"CONTRADICTIONS: (1) Tian 2015 AACR abstract — nmrHas2 and huHAS2 both PROMOTED AsPC1 pancreatic xenograft growth (context-dependent oncogenicity). (2) Maison 2025 preprint — nmrHas2 did NOT rescue age-related hearing loss (tissue-selective). (3) Hadi 2020 — NMR cells CAN be transformed at high oncogene dose (complicates cancer-resistance narrative); rebuttal exchange. (4) N→S residues shared with guinea pig/cetaceans — not unique to NMR. Single lab, single cohort, not independently replicated; effect smaller than rapamycin or CR; ceiling effect from mouse hyaluronidase.",,1
hkt15_einkorn,TmHKT1;5-A (Nax2 locus),haplotype introgression from a wild diploid relative,Environmental Adaptation,Salt Exclusion,"Salinity is one of the oldest ways to ruin farmland, and durum wheat — the pasta wheat — is unusually bad at surviving it. Bread wheat is hexaploid and carries a sodium-handling gene called Kna1 on the D genome it inherited from a wild grass. Durum is tetraploid, has no D genome, and therefore no Kna1. That single absence is much of the reason a durum field on saline soil yields badly while a bread wheat field beside it does not.

The fix came from an older, smaller wheat. Einkorn, Triticum monococcum, is a wild diploid that carries its own version of the transporter, and researchers at CSIRO and the University of Adelaide mapped it to a locus they named Nax2 and identified the causal gene as TmHKT1;5-A. Its position inside the plant is the whole story. The protein sits on the plasma membrane of the cells that wrap around the xylem vessels in the root — the pipes carrying sap upward. As sodium-laden sap moves past, the transporter pulls sodium back out of the stream and deposits it in the surrounding root tissue, so what arrives in the leaf is a diluted version of what the root absorbed. Uptake does not change; interception does.

They then crossed the locus into commercial durum and grew it in saline fields against near-isogenic lines that lacked it, which is the comparison that actually matters agronomically. The lines carrying Nax2 made a quarter more grain (https://doi.org/10.1038/nbt.2120). This is the library's clearest example of an enhancement that is finished rather than promising: no transgene, no vector, no regulatory review, just a cross and a molecular marker. It is equally the clearest example of context-dependence. The same locus moved into bread wheat buys nothing at all, because the D genome already brought one, and the trait only addresses sodium toxicity — not the osmotic half of salt stress, which pulls water out of a root long before any sodium has accumulated in a leaf.","The einkorn-wheat transporter TmHKT1;5-A pulls sodium out of the water stream before it reaches vulnerable leaves, allowing crops to keep growing in saline soil. Bred into durum wheat, the locus increased grain yield by 25% in salt-affected field trials. It is a mature example of resilience engineering: protect photosynthetic tissue by redirecting ions at the root-to-shoot boundary.","TmHKT1;5-A encodes a sodium-selective member of the HKT1 subfamily of high-affinity potassium transporters, a 517-amino-acid, 57.3 kDa membrane protein. Unlike the HKT2 subfamily, which runs sodium-potassium symport, HKT1-class proteins move sodium alone as a uniporter. The protein localises to the plasma membrane of the root cells that surround the xylem vessels, which places it exactly where the transpiration stream leaves the root for the shoot. From that position it retrieves sodium ions out of the xylem sap and unloads them into the neighbouring stelar parenchyma. The consequence is a lower sodium concentration in the leaf at unchanged sodium uptake by the root, so the trait is exclusion by interception rather than a refusal to absorb. Bread wheat carries a functionally equivalent HKT1;5 gene, Kna1, on its D genome; durum wheat, lacking that genome, has no counterpart, and that is the genetic reason durum is the salt-sensitive wheat.","The headline result here is agronomic rather than physiological, which is rare in this library. The Nax2 locus from wild diploid einkorn wheat was crossed into the commercial durum cultivar Tamaroi by marker-assisted introgression, and the resulting lines were grown in saline field soil alongside near-isogenic lines lacking the locus — the same genetic background minus the transporter. Across those trials, “field trials on saline soils demonstrate that the presence of TmHKT1;5-A significantly reduces leaf [Na+] and increases durum wheat grain yield by 25% compared to near-isogenic lines without the Nax2 locus” (Munns 2012, https://doi.org/10.1038/nbt.2120). Two features make that sentence unusually strong evidence rather than a promising pot result. The endpoint is harvested grain in a field, not survival in a glasshouse, and the comparator is near-isogenic, so the 25% is attributable to the introgressed locus itself and not to whatever else a salt-tolerant landrace might carry along with it. The same work localised the transporter to the plasma membrane of the root cells surrounding the xylem, which ties the yield figure to a specific cell layer and a specific ion flux rather than to a vague tolerance phenotype (https://doi.org/10.1038/nbt.2120).","T7 (causal gene identified, mechanism localised to a specific cell layer, and validated by field trials against near-isogenic lines with a grain-yield endpoint; deployed by conventional breeding rather than as a transgene)","The 25% figure belongs to durum wheat on saline soil and nowhere else. The source reports no equivalent number for other cereals and none for non-saline conditions, and this record did not verify a non-saline control yield, so whether the locus costs anything in a good year is an open question rather than an answered one. No experimental structure of TmHKT1;5-A exists. Protein Data Bank entry 8W9T is TaHKT2;1 (https://www.rcsb.org/structure/8W9T), a member of the other HKT subfamily with different ion selectivity, and it must not be presented as this protein. Relevance to animals is nil in the strict sense: HKT transporters have no metazoan orthologue, so a human version of this card would have to borrow an entirely different protein family to achieve the same interception — and a human body has no xylem stream to intercept in the first place.",Munns Nature Biotechnology 2012 https://doi.org/10.1038/nbt.2120,"Nomenclature is a trap here. The same protein appears in the literature as HKT8, as HKT1;5-A and as the Nax2 locus, and the UniProt entry A4ZGN5 is annotated under the older name HKT8 (https://www.uniprot.org/uniprotkb/A4ZGN5), so a visitor searching one name will miss papers filed under the others. The delivery route makes this the exhibit's most useful contrast: the enhancement was moved by crossing and marker selection rather than by transformation, which is why it sits in breeding pipelines rather than in a regulatory queue, unlike the transgenic and gene-edited cards in the same category (https://doi.org/10.1038/nbt.2120). The work was carried out by CSIRO Plant Industry with the Australian Centre for Plant Functional Genomics at the University of Adelaide, which mapped the locus in Triticum monococcum, identified the causal gene, localised it in the root and ran the saline field trials (https://doi.org/10.1038/nbt.2120). There are no clinical trials and no commercial human product; the commercial product is wheat. No contradictory replication surfaced in the literature searched for this record, but the card rests on a single quantified field result, so the 25% has not yet been independently reproduced in a separately published trial.",,1
hsf1_pv,HSF1,Coopted overexpression,Stress Resistance,Stress Preconditioning,"Every animal has HSF1 — it's the master switch that turns on heat shock proteins when cells get stressed. But the sleeping chironomid did something unusual with it: over evolutionary time, P. vanderplanki rewired HSF1 to also activate desiccation-protection genes, including LEA proteins, trehalose synthesis enzymes, and thioredoxins. Mazin et al. (2018 PNAS) showed this cooption in detail: HSF1 in the midge activates not just classical heat-shock targets but an entire anhydrobiosis program. The key innovation is a double TCTAGAA motif upstream of the Hsf gene itself, creating a positive feedback loop — HSF1 activates its own transcription, amplifying the stress response. Knockdown of HSF1 in the Pv11 cell line suppressed trehalose-induced activation of multiple protective genes and reduced desiccation survival fivefold. The cooption works because the promoters of desiccation genes acquired HSF-binding sites, recruiting an existing regulatory network for a new purpose. This is not about the HSF1 protein being different — it's about rewiring the regulatory circuitry around a conserved transcription factor. The implication for engineering is tantalizing: you might not need novel alien proteins if you can teach human HSF1 to activate a broader protective program using synthetic promoter elements.","A desert midge has rewired the universal stress regulator HSF1 into the conductor of a whole desiccation-survival orchestra, activating protective sugars, LEA proteins, antioxidants and heat-shock machinery together. Knocking HSF1 down cut cell survival after drying about fivefold, which shows the regulator is required in the midge; no mammalian construct has been built. The valuable design is its inducible feedback circuit, not leaving mammalian HSF1 permanently active.","Transcription factor cooption: P. vanderplanki desiccation genes acquired TCTAGAA HSF-binding motifs in their promoters. HSF1 auto-activates via double TCTAGAA upstream of its own gene. Drives LEA proteins, trehalose synthesis (TPS/TPP), thioredoxins, and heat shock proteins as a coordinated anhydrobiosis program.","Mazin 2018 PNAS: HSF1 knockdown in Pv11 cells reduced desiccation survival ~5-fold; suppressed trehalose-induced activation of LEA, TPS, and thioredoxin genes. Promoter analysis: TCTAGAA motif enriched in desiccation-induced genes. Double HSF-binding site upstream of Hsf enables auto-amplification. Gusev 2011: HSP70/HSP90/HSP60/sHSP all upregulated during anhydrobiosis entry.",T4 (Pv11 cell knockdown + transcriptomic analysis),Regulatory rewiring rather than simple gene transfer — would require synthetic promoter engineering in mammalian cells; no mammalian proof-of-concept; HSF1 overexpression in mammals is oncogenic in some contexts (Dai 2007).,Mazin PNAS 2018 https://doi.org/10.1073/pnas.1719493115 | Gusev Cell Stress Chaperones 2010 https://doi.org/10.1007/s12192-010-0223-9 | Hiki BBRC 2026 https://doi.org/10.1016/j.bbrc.2026.153267,"CAUTION: HSF1 is a known oncogene in mammalian contexts — constitutive activation promotes tumor growth (Dai 2007 Cell). The chironomid cooption works because it is inducible and context-dependent, not constitutive. Simple HSF1 overexpression in human cells would likely cause problems. The engineering value is in the regulatory architecture (synthetic promoters), not in transplanting the midge HSF1 protein itself. Requires systems-level circuit design, not single-gene transfer.",,1
hsp104_potentiated,Hsp104 (potentiated variants A503S / A503V / V426L),"Engineered point mutants in middle domain, overexpression",Stress Resistance,Protein Disaggregation,"Yeast can do something your cells cannot. When heat or stress leaves its proteins tangled into aggregates, yeast deploys Hsp104, a hexameric ring that grips a polypeptide sticking out of an aggregate and drags it through a central pore using ATP, pulling molecules back out of the clump one chain at a time. Metazoa have no homolog of this protein at all - somewhere in animal evolution the disaggregase was lost, and animal cells got chaperones that prevent misfolding and proteolytic systems that destroy the aggregate, but nothing that reverses aggregation. Neurodegeneration is largely a disease of aggregates that have already formed, which makes the missing machine conspicuous.

James Shorter's laboratory at the University of Pennsylvania asked whether yeast Hsp104 could be pointed at human disease proteins. Wild-type Hsp104 barely touches them. But single missense mutations in the coiled-coil middle domain - most famously replacing alanine 503 - potentiate the enzyme, and the potentiated versions dissolve alpha-synuclein, TDP-43 and FUS, the aggregating proteins of Parkinson's disease and amyotrophic lateral sclerosis (https://doi.org/10.1016/j.cell.2013.11.047). In a transgenic worm model they protected dopaminergic neurons that alpha-synuclein would otherwise have killed, and the effect was post-translational: the variants did not change how much alpha-synuclein the worm made, they changed what happened to it.

What makes this card honest is that the same paper measures the cost. Potentiation works by loosening how the enzyme chooses substrates, so the variant that dissolves a disease aggregate can also unfold a host protein that is merely metastable. At 37 degrees C - human body temperature - the A503V variant is toxic to yeast for exactly that reason (https://doi.org/10.1242/dmm.016113). The programme since then has been about keeping the power while narrowing the aim (https://doi.org/10.1016/j.celrep.2019.07.069).","Engineered Hsp104 variants can grab proteins from existing aggregates and thread them apart, restoring a repair ability that animal cells lack. In a worm Parkinson's model, potentiated variants raised the fraction of animals retaining normal dopamine neurons from about 16% to 30–34%, while ordinary Hsp104 did not help. The next engineering goal is substrate precision, because the strongest variants can also unfold vulnerable host proteins at 37°C.","Hsp104 is a 908-amino-acid protein disaggregase from baker's yeast, a member of the AAA+ family of ATP-driven molecular machines (ATPases associated with diverse cellular activities). Six copies assemble into a ring with two nucleotide-binding domains per subunit and a coiled-coil middle domain, and the ring threads polypeptides through its central channel using the energy of ATP hydrolysis, extracting individual monomers from disordered aggregates and from amyloid fibrils. Animals have no Hsp104 homolog, and the wild-type enzyme has only limited activity against human disease proteins. Single missense mutations in helix 1, 2 or 3 of the middle domain, or in the small domain of the first nucleotide-binding domain, potentiate it: they reconfigure how the six subunits collaborate, desensitise the enzyme to inhibition, remove its requirement for the Hsp70 chaperone system, and raise ATP hydrolysis, translocation and unfoldase activity roughly two- to four-fold. Potentiated variants can engage substrates that present only short unstructured tracts, which wild-type Hsp104 cannot grip - the reason they act on TDP-43, FUS and alpha-synuclein - while still leaving fully native, folded protein alone.","In a transgenic Caenorhabditis elegans model of Parkinson's disease, human alpha-synuclein and Hsp104 variants were co-expressed in the eight dopaminergic neurons visible under the dat-1 promoter. Alpha-synuclein alone left roughly 16% of animals with a normal complement of those neurons at day 7, whereas Hsp104 A503S and Hsp104 A503V-DPLF displayed significant protection, at 30.5% and 34% normal worms respectively, at day 7; neither wild-type Hsp104 nor an ATPase-dead control rescued anything. The protection persisted with age, since at day 10 Hsp104 A503S (21%) and Hsp104 A503V-DPLF (24%) expressing worms had significantly more normal dopaminergic neurons compared to alpha-synuclein alone (7.8%), the ATPase-dead variant (10%), or Hsp104 wild-type (11%), and the variants did not alter alpha-synuclein messenger RNA levels, placing the effect after translation (Jackrel 2014, https://doi.org/10.1016/j.cell.2013.11.047). In yeast expressing the ALS protein TDP-43, Hsp104 A503V and Hsp104 V426L eliminated some of the cytoplasmic TDP-43 aggregates, and roughly 30% and 45% of cells respectively recovered nuclear TDP-43 localisation compared with about 6-8% in the vector and wild-type Hsp104 controls, with corresponding figures of about 26% and 36% for the ALS-linked TDP-43 M337V variant. In the same system wild-type FUS aggregated strongly, with about 80% of cells displaying cytoplasmic aggregates, and Hsp104 A503V and Hsp104 V426L prevented aggregate accumulation so that only about 43% and 54% of cells contained aggregates; sedimentation analysis further showed those two variants reduced insoluble wild-type alpha-synuclein by about 36% and 27% and insoluble alpha-synuclein A53T by about 51% and 27%, while wild-type Hsp104 did not alter A53T solubility at all (Jackrel 2014, https://doi.org/10.1242/dmm.016113).","T4 (engineered gain-of-function, quantified in yeast and a C. elegans neurodegeneration model, sustained programme with follow-up variant engineering; no mammalian in vivo efficacy data)","The strongest animal result in the record is the survival of eight dopaminergic neurons in a nematode, and no mammalian in vivo efficacy has been published for any potentiated variant. Hsp104 is also a foreign 908-amino-acid hexamer with no metazoan homolog, so a human immune response to it has not been examined at all. The off-target unfolding measured at 37 degrees C is the most directly relevant obstacle, because that is the temperature a mammalian host runs at continuously rather than a heat-shock condition, and the variants that were carried into animal work were selected partly for having less of that toxicity. Subsequent work from the same group is explicitly aimed at engineering variants that keep the disaggregase activity while lowering the off-target damage (Tariq 2019, https://doi.org/10.1016/j.celrep.2019.07.069; March 2020, https://doi.org/10.7554/elife.57457), which is a fair statement of where the field currently stands. Delivery is a further unsolved problem, since a 908-amino-acid coding sequence must reach post-mitotic neurons and be expressed there at levels high enough to assemble functional hexamers.",Jackrel Cell 2014 https://doi.org/10.1016/j.cell.2013.11.047 | Jackrel Disease Models & Mechanisms 2014 https://doi.org/10.1242/dmm.016113 | Tariq Cell Reports 2019 https://doi.org/10.1016/j.celrep.2019.07.069 | March eLife 2020 https://doi.org/10.7554/elife.57457,"This is a rare documented case of a therapeutic gain-of-function arising from single missense mutations: nearly all substitutions at Hsp104 position 503 potentiate the enzyme, and potentiated variants hydrolyse ATP roughly two- to four-fold faster than wild type (https://doi.org/10.1016/j.cell.2013.11.047). Two boundaries keep the claim honest. First, the variants are not indiscriminate shredders, because neither wild-type Hsp104 nor A503V unfolds untagged, fully folded green fluorescent protein (https://doi.org/10.1016/j.cell.2013.11.047). Second, they are not universal, because neither Hsp104 A503S nor the wild-type enzyme could disaggregate EWSR1, so this card should not promise clearance of any aggregate (https://doi.org/10.1242/dmm.016113). The reported tradeoffs also disagree with a naive reading of potentiation as strict improvement: A503V is toxic to yeast at 37 degrees C and conferred less thermotolerance than wild type, and the variants chosen for the animal experiments, A503S and A503V-DPLF, were the ones with greater-than-wild-type thermotolerance and lower toxicity at 37 degrees C (https://doi.org/10.1242/dmm.016113). There are no clinical trials, no company and no registry records; searches for Hsp104 and for disaggregase interventions returned no studies, and the work remains an academic programme at the University of Pennsylvania. Multiple cryo-electron-microscopy structures of the yeast hexamer are available, including Protein Data Bank entries 5KNE, 5VJH, 5VY8, 5VY9 and 5VYA (https://www.rcsb.org/structure/5KNE), with the sequence at UniProt P31539 (https://www.uniprot.org/uniprotkb/P31539).",,1
hspa1a_ehsp70,HSPA1A (Hsp70) — exogenous recombinant protein,"Recombinant protein administration (intranasal recombinant human Hsp70, chronic) — NOT gene delivery",Stress Resistance,Stress Preconditioning,"Hsp70 is the chaperone that catches proteins before they misfold and aggregate, and neurons lose the ability to make it as they age — which is one reason aggregation diseases are diseases of old age. Bobkova et al. did not deliver the gene; they delivered the protein, dripping recombinant human Hsp70 into the noses of middle-aged and old mice, chronically, until they died. The mice lived longer — mean lifespan up 8.6% in one age group and 17.6% in the other — learned and remembered better, explored more, were less anxious, and kept synaptic structures that normally degrade. The intranasal route is the point: it gets a 70 kDa protein into the brain without a needle in the skull. This belongs in the library as proteostasis rather than gene therapy, and the record should say plainly that no one has ever put an HSPA1A gene into an animal for this purpose. The human Hsp70 clinical literature is entirely elsewhere — thirty-odd trials, all cancer vaccines using Hsp70-peptide complexes as adjuvants, plus Hsp70-pathway inhibitors in oncology.","A chaperone dripped into the nose reaches the brain and keeps neurons from losing synapses to protein aggregates. Recombinant protein given intranasally extended mouse mean lifespan 17.6% and improved cognition, which makes it a protein therapeutic rather than a gene delivery problem. Chaperone capacity also helps tumour cells survive proteotoxic stress, and the route has not been tried in humans.","HSPA1A is the stress-inducible cytosolic Hsp70. Intracellularly it binds exposed hydrophobic stretches on nascent and destabilised proteins, cycling ATP with co-chaperones to refold them or route them to degradation, and it suppresses aggregation of amyloidogenic and TDP-43-type substrates. Neuronal capacity to induce it declines with age. Exogenous recombinant Hsp70 given intranasally bypasses the blood-brain barrier along olfactory and trigeminal routes and acts extracellularly and after uptake, preserving synaptic density and cognitive performance in aged mice. Extracellularly, Hsp70 is also a recognised damage-associated signal acting on TLR2/TLR4 and a potent immune adjuvant — the property the oncology vaccine trials exploit.","Chronic intranasal recombinant human Hsp70 to death in mice extended mean and maximum lifespan (+8.6% and +17.6% mean in two age cohorts), improved learning and memory in old animals after 5 and 9 months of treatment, increased exploratory behaviour, reduced anxiety, and preserved synaptic structures that degrade with age. Demonstrates that a 70 kDa chaperone can be dosed into the aged mammalian brain non-invasively.","T5 (single-laboratory chronic protein-administration study in middle-aged and old mice with survival, behavioural and synaptic endpoints; no gene delivery in any species, and no human trial of Hsp70 for neuroprotection — the 33 human Hsp70 trials are cancer vaccines and Hsp70-pathway inhibitors)","This is a protein, not a gene: no HSPA1A gene-delivery experiment supports the phenotype, so a gene-therapy framing would be unsupported. The recombinant protein has never been given to a human for neuroprotection or longevity — the entire human Hsp70 clinical record is oncology (autologous Hsp70-peptide complex vaccines, Hsp70-directed inhibitors such as Minnelide). Dose, exposure duration and the fraction actually reaching human brain by the intranasal route are unestablished in humans, and chronic daily intranasal dosing to death in a mouse is not a translatable regimen. Single laboratory, males only in the reported cohorts.",Bobkova NV et al. PNAS 2015;112:16006-16011 (10.1073/pnas.1516131112),"NOT A GENE THERAPY: the OpenGenes rows for HSPA1A and HSPA1B are both 'treatment with protein' from this one paper. Card copy and manipulation field must not imply gene delivery. HSPA1B IS THE SAME EXPERIMENT: the two OpenGenes symbols carry identical numbers from the same recombinant human Hsp70 study — HSPA1B was rejected in this pass as a duplicate rather than curated separately. CANCER: tumour cells depend on Hsp70 for proteostatic buffering; the oncology field is developing Hsp70-pathway INHIBITORS (Minnelide, NCT03347994/NCT04896073) and HSP90 inhibitors, i.e. clinical interest runs opposite to supplementation. Chronic systemic Hsp70 elevation in someone with an occult malignancy is the wrong direction. IMMUNE: extracellular Hsp70 is a TLR2/TLR4 danger signal and a strong adjuvant — that is precisely why it works in the cancer-vaccine trials, and chronic administration is a chronic immune stimulus of unmeasured consequence. SEX/N: reported cohorts were male; single laboratory, no replication. EXISTING LIBRARY OVERLAP: hsf1_pv (Stress Preconditioning) is the transcription-factor route to the same chaperone programme and hsp104_potentiated (Protein Disaggregation) is the disaggregase route — check for redundancy before enabling.",Longevity & Genome,1
igf1r_het,IGF1R,loss-of-function heterozygosity (one inactivated allele; the human longevity allele is the exon-6 substitution R407H),Longevity & Genome,Growth Signal Damping,"Every cell in a mammal listens for insulin-like growth factor 1, and the receptor that hears it sets how hard the cell grows, divides and burns fuel. In 2002 Martin Holzenberger's group in Paris asked what happens when a mouse has only one working copy. Null mice die, so they used heterozygotes, and the answer was unusually clean: the mice lived on average 26% longer, females 33% longer, and unlike every dwarf mutant in the field they were not dwarfs. Their energy metabolism was normal. They ate normally, moved normally, and reproduced normally. What changed was how their cells handled oxidative insult - Igf1r heterozygous cells survived oxidative challenge far better than wild type. Six years later Yousin Suh and Nir Barzilai sequenced IGF1R in Ashkenazi Jewish centenarians and found heterozygous coding mutations overrepresented among the long-lived women, associated with high circulating IGF-I and reduced receptor activity in their own cells - the same direction as the mouse. That is a rare thing in this field: a mouse result and a human-genetics result pointing the same way at the same protein. The complication arrived in 2011, when Alex Bokov and Arlan Richardson ran the experiment again on a C57BL/6 background with large cohorts and rigorous husbandry, and male heterozygotes showed no significant lifespan gain. The effect is real but narrower than the headline: female, strain-sensitive, and paid for in bone. Igf1r heterozygous mice have lower bone mineral density and blunted osteoblast differentiation as they age, and males drift into glucose intolerance and insulin resistance in old age.","Turning down the receptor that hears the body's main growth signal makes cells tolerate oxidative damage better without shrinking the animal. Female mice with one working copy lived 33.1% longer at the mean with normal size, fertility and activity, and human centenarians are enriched for damping variants in the same receptor. A rigorous replication on a different mouse background found no significant extension, so strain and sex decide whether this works at all.","IGF1R is a 1,367-amino-acid disulfide-linked receptor tyrosine kinase. Ligand binding autophosphorylates the beta subunits and recruits IRS1/IRS2, driving PI3K-AKT (growth, anabolism, FOXO inhibition) and RAS-MAPK (proliferation). Removing one allele halves receptor protein and blunts IGF-1-stimulated AKT activation with no compensatory rise in serum IGF-1 or tissue Igf1 mRNA, so the pathway runs at reduced gain rather than being switched off. Downstream, FOXO transcription factors stay nuclear longer, raising antioxidant and stress-response gene expression - the mechanistic route to the observed oxidative-stress resistance. The human longevity allele R407H sits in the extracellular exon 6 and reduces receptor autophosphorylation rather than abolishing ligand binding.","Holzenberger 2003 (Nature): Igf1r+/- mice lived on average 26% longer than wild-type littermates (P < 0.02); females +33% (P < 0.001), males +16% (not statistically significant). OpenGenes records the female cohort as +33.1% mean and +22.5% median lifespan (n=20 experimental vs 17 control). The mice did not develop dwarfism and their energy metabolism, nutrient uptake, physical activity, fertility and reproduction were unaffected, and they displayed greater resistance to oxidative stress. Suh 2008 (PNAS): heterozygous IGF1R coding mutations were overrepresented in female Ashkenazi Jewish centenarians relative to controls, associated with high serum IGF-I and reduced IGF1R activity measured in transformed lymphocytes. Milman 2020: a CRISPR knock-in mouse line carrying the centenarian R407H variant shows significantly decreased IGF1R phosphorylation across tissues including skeletal muscle.","T5 (mouse germline heterozygosity with a lifespan endpoint, one positive and one negative independent study) + T7 (human candidate-gene longevity association in centenarian cohorts)","The mouse result does not hold uniformly: Bokov 2011 repeated it on C57BL/6 with large cohorts and found no significant lifespan extension in males, so the effect is female-biased and background-sensitive. No drug or gene therapy tunes IGF1R down by half in an adult - the available IGF1R agents are oncology antibodies and kinase inhibitors dosed to block the receptor, not to halve it, and none has an aging indication. The human evidence is candidate-gene association in centenarian cohorts, not a measured survival benefit in carriers. Bone is the failure organ: Igf1r+/- mice have reduced femoral bone mineral density and attenuated osteoblast differentiation that worsens with age.",Holzenberger Nature 2003 https://doi.org/10.1038/nature01298 | Suh PNAS 2008 https://doi.org/10.1073/pnas.0705467105 | Bokov PLoS ONE 2011 https://doi.org/10.1371/journal.pone.0026891 | Ashpole Endocrinology 2015 https://doi.org/10.1210/en.2014-1945 | Milman J Transl Biomed Res 2020 https://doi.org/10.15761/jtbr.1000121,"DIRECTION: this is a reduction-of-signalling card, not an overexpression card - adding IGF1R activity is the cancer-promoting direction, and IGF1R agonism is not the enhancement. TRADEOFFS: (1) bone - reduced femoral BMD and blunted osteoblast differentiation in Igf1r+/- mice, worsening with age (https://doi.org/10.1210/en.2014-1945); (2) metabolic - male Igf1r+/- mice become glucose intolerant with age and both sexes develop insulin resistance (https://doi.org/10.1371/journal.pone.0026891), and Igf1r haploinsufficient males show increased adiposity and lipogenesis in old age (https://doi.org/10.1016/j.bbrc.2017.03.129); (3) development - homozygous Igf1r null mice are not viable, so this can only ever be a partial-reduction intervention. REPLICATION: Bokov 2011 is a genuine negative and is recorded as a gene_testing row with positive='false'. Human IGF1R loss-of-function in children causes intrauterine growth restriction and short stature, the phenotype cost of the same allele class in humans.",,0
ikbkb_brain_ko,"IKBKB (IKK-beta, brain-restricted loss)",brain-restricted loss of function (Nestin-Cre x IKKbeta-flox); hypothalamic gain of function is the pro-aging direction,Longevity & Genome,Hypothalamic Longevity Signal,"Most aging interventions act on the whole body. Zhang and colleagues asked whether a single brain region programmes the rate at which everything else ages, and the answer was the mediobasal hypothalamus. They found that IKK-beta/NF-kB signalling rises there with age, then built the intervention in both directions using lentiviral delivery into middle-old mice on pair-fed chow, so food intake could not explain the result. Delivering constitutively-active IKK-beta shortened lifespan, worsened Morris-Water-Maze performance and grip strength, and exacerbated the age-related changes in muscle size, skin thickness, bone mass and tail-tendon collagen cross-linking. Delivering dominant-negative IkB-alpha - which blocks NF-kB downstream of the same kinase - did the reverse on every one of those measures. The genetic version is the strongest arm: brain-specific IKK-beta knockout mice were developmentally indistinguishable from littermates in brain size and growth, were protected against age-induced muscle and skin atrophy, bone loss and collagen cross-linking, and lived 23% longer at the median (P=0.0002) and 20% longer at maximum. The downstream mechanism they identified is neuroendocrine rather than purely inflammatory: IKK-beta/NF-kB suppresses GnRH, hypothalamic GnRH falls with age, and peripheral GnRH treatment restored aging-impaired neurogenesis and improved cognition in both sexes - meaning the pathway has an already-druggable output.","Aging switches on inflammatory signalling inside the hypothalamus; blocking that switch in the brain alone slows the decline of muscle, skin, bone and memory. Brain-restricted knockout mice lived 23% longer at the median (P=0.0002) and 20% longer at maximum, and activating the same kinase in the hypothalamus shortened life. No group outside the originating laboratory has repeated the survival result, and inherited loss of this kinase in people causes lethal immune deficiency.","IKBKB encodes a 756-residue, 86.6 kDa serine/threonine kinase (IKK-beta), the catalytic subunit of the IKK complex that phosphorylates IkB-alpha and thereby releases NF-kB to enter the nucleus. In the aging mediobasal hypothalamus this pathway activates in neurons and in microglia, and microglia-neuron crosstalk propagates it; microglia-specific IKK-beta ablation alone reduced age-related cognitive decline, muscle weakness and tail-collagen cross-linking. The output that couples brain inflammation to whole-body aging is neuroendocrine: IKK-beta/NF-kB negatively regulates gonadotropin-releasing hormone, hypothalamic GnRH mRNA falls with age, and that fall is reversed by IKK-beta/NF-kB inhibition and deepened by its activation. Restoring GnRH peripherally amends aging-impaired neurogenesis and cognition, and gives no further benefit in mice whose hypothalamic NF-kB is already blocked - consistent with GnRH lying downstream on the same axis.","Zhang 2013 (Nature): brain-specific IKK-beta knockout (Nestin-Cre x IKKbeta-flox) male mice had median lifespan 23% longer than wild-type littermates (P=0.0002) and maximal lifespan 20% longer (P<0.05); OpenGenes records this row as +17.5% median with +10.4% minimum and +14.0% maximum. Same paper, opposite direction: lentiviral constitutively-active IKK-beta into the mediobasal hypothalamus of middle-old mice significantly DECREASED lifespan (OpenGenes -6.3% median), worsened cognition and grip strength and exacerbated muscle, skin, bone and tail-collagen aging - while dominant-negative IkB-alpha in the same region increased lifespan and improved all of those measures, under pair feeding. Microglia-specific IKK-beta ablation reduced age-related cognitive decline, muscle weakness and tail collagen cross-linking. Female cohorts agreed with males. Mechanistically, IKK-beta/NF-kB suppressed hypothalamic GnRH, and peripheral GnRH treatment restored aging-impaired neurogenesis and cognition in both sexes.","T5 (mouse; one paper carrying four converging in-vivo arms - brain-wide genetic knockout lifespan cohort, bidirectional lentiviral hypothalamic gain and loss of function under pair feeding, microglia-restricted ablation, and a downstream GnRH rescue - but a single laboratory, no independent survival replication, and no human intervention on this axis for aging)","Everything rests on one laboratory. No independent group has reproduced the 23% median survival figure in the 13 years since publication, and the Nature paper itself notes the Nestin-Cre knockout suppresses IKK-beta in both neurons and glia, so the brain-wide genetic arm does not isolate the hypothalamus that the lentiviral arms implicate. The human genetics runs the wrong way for a therapeutic: inherited loss-of-function mutations in IKBKB cause severe or lethal combined immune deficiency, so systemic inhibition is not a candidate at any dose - only CNS-restricted delivery could work, and no such vector exists for a human. The clinically tractable handle is the downstream output rather than the kinase: GnRH agonists and antagonists are approved drugs, but they have never been trialled for an aging endpoint, and chronic GnRH-axis manipulation in adults changes sex-hormone exposure with its own bone and cardiovascular consequences.",Zhang Nature 2013 https://doi.org/10.1038/nature12143 | Almotiri Saudi Med J 2026 (IKBKB-related immunodeficiency review) https://doi.org/10.15537/1658-3175.1038,"DIRECTION: the enhancement is LOSS of IKK-beta activity in the brain. The gain-of-function row in OpenGenes (-6.3% median, hypothalamic CA-IKKbeta lentivirus) is the harm arm of the same paper and must be entered as a negative row, not read as a second positive. STATISTIC: 23% median / 20% maximal are the paper's own words for the Nestin-Cre cohort; OpenGenes lists +17.5% median for the same row - the pack quotes the paper. TISSUE MISMATCH: the lifespan cohort is brain-wide (Nestin-Cre targets neurons and glia), not hypothalamus-specific; do not describe the 23% as a hypothalamus-restricted result. REPLICATION: verified this session - no independent survival replication; PubMed shows no retraction or expression of concern on PMID 23636330 or on this author's hypothalamic-aging work. HUMAN SAFETY: inherited IKBKB loss of function causes severe/lethal immune deficiency - this is the hard ceiling on systemic inhibition and belongs in any card copy. GnRH is the translatable downstream node, not the kinase.",,0
kcnma1_skate,KCNMA1,Splice-variant knock-in + CaV1.3,Perception,Electroreception,"Sharks and skates detect electric fields as weak as 5 nanovolts per centimeter — they can sense the heartbeat of a buried flatfish from a meter away. The molecular sensor is a specialized splice variant of the BK potassium channel (KCNMA1) expressed in the ampullae of Lorenzini, gel-filled canals in the snout that serve as biological voltmeters. King and colleagues identified in 2015 that the skate electrosensory BK channel lacks the STREX regulatory exon, making it relatively voltage-insensitive but exquisitely calcium-sensitive. This variant couples with CaV1.3 voltage-gated calcium channels to create an oscillatory voltage amplifier tuned to sub-millivolt signals. Chen and colleagues showed in 2023 that these BK channels traffic to plasma membranes, nuclear envelopes, and kinocilia of electrosensory cells. The human ortholog KCNMA1 is expressed in many tissues — the gene is conserved, but our version includes the STREX exon that masks the electroreceptive tuning. The skate BK has been successfully expressed in human HEK293 cells, confirming cross-species functionality. No mammal has electroreception, so this would be an entirely novel sensory modality — with no existing neural circuitry to process the input.","Skates combine KCNMA1 potassium channels with specialised calcium channels and sensory organs to detect electric fields as faint as about 5 nanovolts per centimetre. The skate channel functions when expressed in human kidney cells, confirming that its core electrical machinery can operate in mammalian membranes. Building a true new sense would also require the exquisitely patterned receptor organ and brain circuitry that turn channel currents into spatial perception.","The skate KCNMA1 STREX-minus BK channel variant couples with CaV1.3 in ampullary electrosensory cells to create an oscillatory voltage amplifier. Tiny electrical fields trigger CaV1.3-mediated Ca²⁺ entry, which activates the calcium-hypersensitive BK channel, producing membrane potential oscillations that encode signal strength.","King 2016: cloned skate ampullary BK alpha subunit, characterized STREX-minus splice variant, expressed in HEK293. Chen 2023: BK/CaV1.3 co-expression in electrosensory cells with nuclear and kinocilia trafficking. Detection threshold: 5 nV/cm electric fields in source organism.",T3 (HEK293 expression + skate electrophysiology),"No mammalian in-vivo demonstration. Completely novel sensory modality with no existing cortical processing pathways. Requires simultaneous expression of BK variant and CaV1.3. Ampullae of Lorenzini are complex organs, not just ion channels — channel alone does not recreate the amplification structure.",King Gene 2015 https://doi.org/10.1016/j.gene.2015.12.010 | Chen Cells 2023 https://doi.org/10.3390/cells12172125,"The most speculative entry in the Perception category. While the molecular mechanism is well-characterized in skates, translating electroreception to mammals faces a fundamental problem: the ampullae of Lorenzini are complex organs with specialized gel-filled canals, not just ion channels. No mammalian brain has electroreceptive cortical areas — sensory data would require neural plasticity to become perceptible.",,1
klotho,Klotho,αKlotho overexpression,Longevity & Genome,Anti-Aging Hormone,"Klotho is named after the Greek fate who spins the thread of life, and for once the name fits. Japanese researchers discovered it in 1997 by accident — mice that lacked it aged catastrophically fast, dying by 60 days. The reverse is equally dramatic: mice engineered to produce extra Klotho live about 20% longer, and delivering a secreted form via gene therapy extends life in adult mice too. In 2023, Stanford's Dena Dubal showed that a single injection of recombinant Klotho improved working memory in aged rhesus macaques for about two weeks — the first time a longevity protein has improved cognition in a primate. Humans who carry one copy of the KL-VS variant are enriched among the very old and score better on executive function tests. The twist: people with two copies fare worse, not better. The therapeutic window is narrow, and the Kurosu 2005 lifespan result has not been independently replicated at cohort scale.","Klotho links mineral balance and growth signalling to cognition and healthy ageing. Extra Klotho raised median lifespan in mice by about 19–30%, and one low-dose injection improved memory in aged rhesus macaques for roughly two weeks. The primate response makes a circulating Klotho treatment especially compelling, while its non-linear dose response argues for a carefully tuned pulse rather than maximal expression.","Transmembrane + cleaved soluble hormone; FGF23 co-receptor; represses insulin/IGF signaling via AKT; modulates Wnt, TRPV5, NMDAR GluN2B.","Kurosu 2005 Science: EFmKL46/48 Tg C57BL/6 ♀ median lifespan +19%, ♂ ~20–30%. Hyperinsulinemia, reduced ♀ fecundity. Kuro-o 1997: KL-null = premature-aging syndrome. Dubal 2014: Tg Klotho improves cognition independent of aging. AAV9-sKL (secretory Klotho) gene therapy: +20% median lifespan in male mice, improved muscle regeneration, bone structure, neurogenesis. Human KL-VS heterozygotes: longevity enrichment (Arking 2002/2005), better executive function, reduced APOE4-amyloid (Erickson 2019), n>700 across cohorts. Castner/Dubal 2023: aged rhesus macaques given 10 μg/kg sc recombinant Klotho → improved spatial working memory ~2 weeks; INVERTED-U dose response (20–30 μg/kg null).",T7 (human association) + T5 (mouse lifespan) + T5 (primate cognition),Human RCT; safety of chronic IIS suppression; BBB penetration; narrow therapeutic window.,Kurosu Science 2005 https://doi.org/10.1126/science.1112766 | Kuro-o Nature 1997 https://doi.org/10.1038/36285 | Dubal Cell Reports 2014 https://doi.org/10.1016/j.celrep.2014.03.076 | Castner Nat Aging 2023 https://doi.org/10.1038/s43587-023-00441-x,MIXED METABOLIC EFFECTS: Lifespan Tg mice were hyperinsulinemic (IR-resembling); KL-VS HOMOZYGOTES (VS/VS) have DECREASED longevity and poorer cognition — classic overdominance. Elevated FGF23/Klotho axis in CKD is a cardiovascular mortality marker. High-dose Klotho LOST cognitive benefit in primates (inverted-U). ♀ fecundity reduced. Kurosu 2005 lifespan result not independently replicated at cohort scale.,,1
lin28a,Lin28a,Overexpression,Regeneration,Tissue Regrowth,"Axolotls regrow entire limbs. Mice don't, but in 2013 George Daley's lab showed you can move the needle: activating Lin28a — an RNA-binding protein that flips cells into an embryonic-style metabolic gear — roughly doubled the speed at which young mice closed a 2-millimeter ear-punch hole, and modestly improved digit-tip regrowth in neonates. The mechanism is bioenergetic: Lin28a blocks the let-7 microRNA and directly boosts translation of glucose-metabolism and mitochondrial-respiration enzymes, essentially resetting the cell to its youthful fuel-burn profile. LIN28 is also one of the four factors in James Thomson's original recipe for reprogramming human cells into induced pluripotent stem cells. The limit: the regeneration boost largely fades with age. Adult mice don't regrow digits or hearts no matter how much Lin28a you give them. And because Lin28 suppresses let-7, which otherwise tamps down oncogenes like Myc and Hmga2, the cancer risk is a real concern.","Lin28a shifts cells into a youthful, high-energy repair state by suppressing let-7 microRNAs and boosting glucose metabolism and mitochondrial respiration. In young mice it closed 2-mm ear wounds about twice as fast and improved newborn digit-tip regrowth. The effect fades in adult tissues, but it demonstrates that changing cellular fuel use can reopen a meaningful part of the mammalian regeneration programme.","RNA-binding protein blocks let-7 miRNA biogenesis + directly enhances translation of glycolysis/OxPhos enzymes (PFKP, PDHA1/B, SDHA) → embryonic-like bioenergetics.","Shyh-Chang/Daley 2013 Cell: iLin28a-Tg mice (inducible, leaky) — accelerated telogen→anagen hair; 2-mm ear hole closure ~2× faster at d5/8/11; enhanced digit regrowth in NEONATES ONLY (not adults); no heart regeneration. let-7 repression alone necessary but insufficient; OxPhos inhibition abrogates; activators partially phenocopy. Zhu 2010: Tg Lin28a → ↑body size, delayed puberty. Yu 2007 Science: LIN28 is one of 4 Thomson-cocktail factors for human iPSC generation.","T5 (whole mouse, repair enhancement in young) + T6 (iPSC factor in human cells)",Axolotl-like adult limb/organ regeneration not recapitulated. Oncogenicity concern (Hmga2/Myc de-repression via let-7 suppression).,Shyh-Chang Cell 2013 https://doi.org/10.1016/j.cell.2013.09.059 | Zhu Nat Genet 2010 https://doi.org/10.1038/ng.593 | Yu Science 2007 https://doi.org/10.1126/science.1151526,"Adult digit regeneration does NOT improve. Lin28b dominant in some tissues (kidney, Yermalovich 2019). Lin28 is oncogenic in multiple cancers. Effects largely juvenile; adult digit/limb/heart not regenerated; leaky Tg complicates dose-response; Lin28a-KO is lethal/sterile.",,1
lmna_abe_g608g,LMNA,"Adenine base editing (c.1824C>T / G608G correction, ABE7.10max-VRQR)",Longevity & Genome,Progeroid Reversal,"Hutchinson-Gilford progeria syndrome begins with a mutation that changes no amino acid at all. A single C-to-T substitution at position 1824 of the lamin A gene leaves the protein sequence on paper untouched, but it manufactures a splice signal where none belonged, and the cell obediently follows the new instruction: it cuts 150 nucleotides out of the message and builds progerin instead of lamin A. Progerin keeps a greasy farnesyl tail that mature lamin A is supposed to shed, so it never releases from the nuclear membrane. Nuclei buckle, arteries stiffen, skin and bone thin, and children who come to resemble the very old usually die of heart attack or stroke in their teens.

Because the cause is exactly one letter, this is one of the few human diseases where an editor can write the healthy sequence back rather than bolt on a compensating gene. David Liu's laboratory at the Broad Institute took that route with Francis Collins's group at the National Human Genome Research Institute, using patient skin-cell lines banked by the Progeria Research Foundation. Their adenine base editor makes no cut in the double helix and needs no donor template: it chemically converts the offending base back, and the cryptic splice signal disappears with it. In patient fibroblasts the correction reached 87% and 91% of mutant copies (Koblan 2021, https://doi.org/10.1038/s41586-020-03086-7).

The harder test was a living animal. The editor is too large for one adeno-associated virus, so it was split across two particles that reassemble inside transduced cells, and progeria mice received a single injection behind the eye at two weeks of age. Median lifespan went from 215 days to 510 days, and the smooth muscle cells that normally vanish from the progeroid aorta stayed where they belonged. For an exhibit about enhancement, this card answers a narrower and sharper question than most: can an ageing pathology be un-written rather than merely slowed? For this one mutation, in this one mouse, it can.","Adenine base editing can erase the silent LMNA mutation that creates toxic progerin and drives Hutchinson–Gilford progeria. Patient fibroblasts reached 87–91% correction, and one early treatment in a faithful mouse model more than doubled median lifespan from 215 to 510 days while preserving the aorta. It is a landmark demonstration that a lethal ageing pathology can be rewritten at its single-letter source.","Hutchinson-Gilford progeria syndrome (HGPS) is caused by a dominant C-to-T transition at c.1824 of LMNA, written p.G608G because it is silent at the protein level. What it does instead is activate a cryptic 5' splice donor inside exon 11. The resulting transcript is 150 nucleotides short and encodes progerin, a lamin A that stays permanently farnesylated and therefore stays anchored in the nuclear lamina, distorting it. The correction uses an adenine base editor (ABE7.10max) fused to a VRQR variant of SpCas9 that tolerates a relaxed protospacer adjacent motif (PAM). The editor deaminates the mutant adenine on the antisense strand, converting the A-T pair back to G-C without a double-strand break and without a donor DNA template, which restores the wild-type splice donor and abolishes progerin production at its source. For delivery in a living animal the editor is too large for one capsid, so it is split and expressed from a pair of adeno-associated virus serotype 9 (AAV9) vectors that reconstitute the full-length protein by split-intein trans-splicing in transduced tissue.","Two primary fibroblast lines from progeria patients, HGADFN167 and HGADFN188, were treated with the base editor and its guide RNA. Twenty days later the pathogenic allele had been corrected in 87% and 91% of copies, up from 84% and 85% at ten days (Koblan 2021, https://doi.org/10.1038/s41586-020-03086-7). The same editor was then tested in mice carrying the human c.1824C>T allele on both chromosomes, delivered as a split pair of AAV9 vectors at a total dose of 1×10^12 viral genomes in a single retro-orbital injection on postnatal day 14. Six months after that one injection, correction of roughly 20–60% was measured across organs including aorta, heart, bone and liver (Koblan 2021, https://doi.org/10.1038/s41586-020-03086-7). The functional endpoint was survival: median lifespan of the treated progeria mice rose from 215 days to 510 days, and the treatment also preserved vascular smooth muscle cell counts in the aorta and prevented the adventitial fibrosis that the disease otherwise produces (Koblan 2021, https://doi.org/10.1038/s41586-020-03086-7). Editing was clean at the DNA level in the sense that mattered most for a therapy: insertion and deletion frequencies stayed at or below 0.15%.",T6 (in vivo mouse gene editing with a lifespan endpoint plus correction in human patient cells; no human editing trial yet),"No clinical trial of LMNA base editing exists, so nothing here has been tried in a person. The dose that worked in mice, 1×10^12 viral genomes across a dual AAV9 pair, does not scale to a child by simple arithmetic, and the manufacturing and safety work for that scale-up has not been published. Durability was measured to six months in a mouse; nobody knows how long the corrected cell population persists in a large, slowly turning-over human tissue such as the aortic wall. Pre-existing immunity to AAV9 circulates in a substantial fraction of the population and would exclude some patients outright. Timing also matters in a way the mouse data make explicit: the study compared delivery on postnatal day 3 with delivery on day 14, and the outcome depended on how early after diagnosis the edit arrived, which for a disease usually diagnosed in toddlerhood sets a clock the clinic would have to race (Koblan 2021, https://doi.org/10.1038/s41586-020-03086-7).",Koblan Nature 2021 https://doi.org/10.1038/s41586-020-03086-7,"Unbiased off-target analysis of both DNA and RNA in the treated patient fibroblasts detected no off-target editing (Koblan 2021, https://doi.org/10.1038/s41586-020-03086-7). The precision problem sits at the target site rather than away from it: a bystander adenine at position 10 of the protospacer was edited at 1.1–2.2% in both patient lines, which installs a Val690Ala substitution in lamin A/C — a second, uncorrected coding change in the same nuclear-lamina protein the therapy is meant to repair. Correction is also strongly tissue-uneven after retro-orbital delivery: aorta and bone edit best while other tissues sit at the bottom of the 20–60% range. What progeria patients can actually get today is not a genetic correction. Lonafarnib (Zokinvy, Eiger BioPharmaceuticals) is an approved farnesyltransferase inhibitor that blunts progerin toxicity downstream and is available under an expanded-access protocol (https://clinicaltrials.gov/study/NCT03895528). Progerinin, a progerin-binding small molecule from PRG Science & Technology, is in a Phase 2 dose-finding study (https://clinicaltrials.gov/study/NCT06775041). Neither trial administers, edits or replaces LMNA — both work on the protein after the mutation has already been transcribed.",,1
lrrc10_cardiac,LRRC10,overexpression,Regeneration,Heart Regeneration,"Zebrafish (Danio rerio) can fully regenerate their hearts after 20% ventricular resection — a feat impossible for adult mammals. LRRC10 (Leucine Rich Repeat Containing 10) is a cardiomyocyte-specific gene essential for this process. It promotes cardiomyocyte dedifferentiation and proliferation, enabling mature heart muscle cells to re-enter the cell cycle and rebuild lost tissue. In mice, LRRC10 manipulation can reactivate neonatal-like cardiac regeneration.","LRRC10 helps mature heart-muscle cells loosen their specialized structure, re-enter the cell cycle, and rebuild damaged tissue. Zebrafish regenerate after removal of 20% of the ventricle within 60 days, and LRRC10-dependent proliferation also appears in neonatal mouse hearts. The challenge is controlling this temporary repair state so newly divided cells reconnect electrically without provoking arrhythmias.","LRRC10 interacts with cardiac transcription factors and cell cycle regulators to promote cardiomyocyte dedifferentiation. It facilitates sarcomere disassembly, enabling mature cardiomyocytes to round up, divide, and then redifferentiate. The protein acts as a molecular switch between the quiescent adult state and the proliferative regenerative state.","Zebrafish regenerate 20% ventricular resection within 60 days. Mouse neonatal heart regeneration studies show LRRC10-dependent proliferation. Opposite direction, for bounding only: LRRC10 knockout zebrafish show impaired cardiac regeneration and knockout mice develop dilated cardiomyopathy — the gene is required for normal cardiac function, which is not evidence that overexpression drives regeneration.",T4,Adult mammalian cardiomyocytes are highly resistant to cell cycle re-entry. Forcing proliferation risks arrhythmias from immature cardiomyocyte coupling. Temporal control of LRRC10 activation is critical.,https://doi.org/10.1038/s41536-023-00316-0,Heart failure is the leading cause of death globally; cardiac regeneration is a major unmet need.,,0
mahs_tardigrade,MAHS,overexpression,Stress Resistance,Desiccation,"Tardigrades survive vacuum, extreme radiation, and complete desiccation. MAHS (Mitochondrial Abundant Heat Soluble) protein from Ramazzottius varieornatus specifically protects mitochondria during these stresses. Unlike the cytoplasmic CAHS proteins, MAHS localizes to mitochondria and preserves their membrane integrity and function during desiccation, ensuring the cell's power plants survive to restart upon rehydration.","MAHS is a tardigrade protein that moves into mitochondria and helps preserve the membranes and energy machinery needed to restart after severe drying. Its mitochondrial targeting works in cultured human cells, while related tardigrade proteins can stabilize clotting factor VIII without refrigeration. How much functional protection MAHS provides in mammalian cells still needs to be measured.","MAHS is an intrinsically disordered protein that localizes to mitochondria via an N-terminal targeting sequence. Upon desiccation, it forms a protective matrix around mitochondrial membranes, preventing cristae collapse and maintaining membrane potential recovery capacity. It complements cytoplasmic CAHS by specifically shielding the organelle most vulnerable to oxidative stress.",MAHS-GFP fusion localizes to human cell mitochondria. Expression improves hyperosmotic stress tolerance. Tardigrade TDPs (including MAHS) stabilize Factor VIII blood clotting factor without refrigeration. DARPA Biostasis program funding TDP applications.,T4,Mitochondrial targeting in human cells confirmed but functional protection needs quantification. Relationship with mammalian mitochondrial stress response pathways unclear.,https://doi.org/10.1371/journal.pone.0118272|https://doi.org/10.1016/j.molcel.2017.02.018,Complements CAHS D (cytoplasmic) already in library. DARPA-funded applications for blood product preservation.,,0
masp1,MaSp1,Transgenic knock-in,Expression,Silk Production,"Spider dragline silk is the strongest biological fiber known — tougher than steel, more elastic than nylon, lighter than carbon fiber, and fully biodegradable. The golden silk orbweaver Trichonephila clavipes spins dragline from a protein called MaSp1 (Major Ampullate Spidroin 1), a repetitive protein with alternating crystalline alanine-rich blocks and flexible glycine-rich linkers that self-assemble into nanofibrils. Transgenic goats carrying the MaSp1 gene secrete spidroin in their milk; transgenic silkworms incorporating MaSp1 produce composite fibers with improved mechanical properties. You and colleagues showed in 2018 that longer recombinant MaSp1 chain lengths produced significantly stronger composite silk fibers in transgenic Bombyx mori. An and colleagues demonstrated in 2015 that recombinant goat-milk MaSp1 supports neuronal growth comparable to poly-lysine. Li and colleagues in 2020 integrated a spidroin gene into cloned sheep embryos with a hair-follicle-specific promoter. The protein has been expressed in at least seven organisms including bacteria, yeast, plants, silkworms, goats, and mammalian cells. The limitation is yield: the full native MaSp1 is ~3,500 amino acids of highly repetitive sequence that is notoriously difficult to clone and express at full length.","MaSp1 builds spider dragline silk from crystalline strength-giving blocks joined by flexible segments that stretch about 27% before breaking. Longer recombinant chains made stronger composite fibres in transgenic silkworms, and spidroin has been produced across bacteria, yeast, plants, silkworms, goats, and mammalian cells. The full native protein is roughly 3,500 amino acids long, making high-yield production and controlled spinning difficult.","MaSp1 is a large repetitive protein (native ~3,500 aa) with polyalanine beta-sheet crystalline domains interspersed with glycine-rich amorphous linkers. The polyalanine blocks self-assemble into nanocrystals conferring tensile strength (1.1 GPa), while the glycine linkers provide extensibility (~27% strain). Self-assembly is triggered by shear forces and pH drop during spinning.",You 2018 Sci Rep: increasing MaSp1 chain length significantly improved composite silk in transgenic silkworms (p<0.01). An 2015 Biomaterials: goat-milk MaSp1 supported neuronal growth with upregulated NCAM. Li 2020: spidroin integrated into sheep embryos via SCNT with hair-follicle promoter. Expressed in 7+ organisms.,T5 (transgenic goat/sheep) + T6 (≥4 independent expression systems),"Full-length native MaSp1 (~3,500 aa) extremely difficult to clone due to repetitive sequence. Spinning requires shear forces and pH control not available from passive secretion. No human tissue expression. Economically viable production not yet achieved despite decades of effort.",You Sci Rep 2018 https://doi.org/10.1038/s41598-018-34150-y | An Biomaterials 2015 https://doi.org/10.1016/j.biomaterials.2015.01.044 | Li Anim Biotech 2020 https://doi.org/10.1080/10495398.2020.1737098 | Heidebrecht & Scheibel Adv Appl Microbiol 2013 https://doi.org/10.1016/B978-0-12-407679-2.00004-1,"The 748-aa UniProt entry (P19837) is a fragment — the full native MaSp1 is much larger. Industrial spider silk startups (Bolt Threads, Spiber, AMSilk) have struggled with cost-competitive production for over a decade. Hair-follicle-specific expression in sheep is conceptually interesting for human application but has not been tested in adult animals.",,1
mb_seal,MB / GSH,Myoglobin + glutathione overexpression,Environmental Adaptation,Diving Oxidative Stress,"A Weddell seal dives to 900 metres and stays down for over an hour on a single breath. Two features carry most of the load. The first is oxygen storage: its skeletal muscle holds about ten times as much myoglobin as a terrestrial mammal's, so the muscle carries its own oxygen rather than waiting for blood to bring it. The second is damage control, because the moment breathing resumes and oxygen floods reperfused tissue, the ischaemia-reperfusion chemistry that follows generates reactive oxygen species; the seal heart holds roughly twenty-five times more glutathione than a terrestrial mammal's to absorb that burst. The elegant part is how the animal gets away with the myoglobin load at all. At the concentrations found in diving muscle, an ordinary myoglobin would aggregate, and protein aggregation in muscle is cytotoxic. Seal myoglobin carries an elevated net positive surface charge, so the molecules electrostatically repel one another and stay soluble where a terrestrial protein would precipitate; ancestral sequence reconstruction across 130 mammal species showed this charge signature tracking maximum myoglobin concentration and appearing independently in the ancestors of every major aquatic mammal lineage (https://doi.org/10.1126/science.1234192). Beyond that molecular insight, this record is almost entirely comparative biology. Nobody has put seal myoglobin into a mouse muscle cell and measured what happens. The most instructive experiment done on seal cells argues that a single-gene transfer would not be enough anyway: cultured seal myoblasts only elevate myoglobin when they are given both hypoxia and lipid supplementation, which suggests the diving phenotype is wired into marine-mammal metabolism rather than encoded in one protein (https://doi.org/10.1242/jeb.060681).","Diving-mammal myoglobin turns muscle into an oxygen reservoir: Weddell seal muscle holds about 54 g/kg, roughly five to ten times typical land-mammal levels. Extra positive surface charge keeps these densely packed proteins from aggregating, a mechanism confirmed through ancestral reconstruction and recombinant proteins. Recreating the dive trait would also require the seal's hypoxia, lipid, antioxidant, and circulatory adaptations.","Myoglobin is a compact monomeric haem protein that binds one oxygen molecule and both stores it and facilitates its diffusion from capillary to mitochondrion. Two quantitative features distinguish the diving version. The first is sheer abundance: Weddell seal skeletal muscle carries roughly 54 grams per kilogram, five to ten times terrestrial values, which turns the muscle itself into the principal oxygen depot for a breath-hold dive. The second solves the problem that abundance creates. Any globular protein pushed to high intracellular concentration tends to self-associate, and myoglobin aggregates are cytotoxic to muscle. Diving mammals raise the net surface charge of the molecule, denoted Z-Mb, from near neutral to roughly +2 to +5, so like charges on adjacent molecules generate electrostatic repulsion that keeps them dispersed and soluble at concentrations where a terrestrial myoglobin would precipitate (https://doi.org/10.1126/science.1234192). The antioxidant arm of the adaptation is separate and non-genetic in the same sense: elevated glutathione buffers the reactive oxygen species generated when a dive ends and oxygenated blood re-enters hypoperfused tissue. Layered on top is regulatory remodelling of the hypoxia response itself, including altered microRNA control of the pathway that governs HIF-1-alpha stability (https://doi.org/10.1186/s12864-020-6675-0).","Mirceta and colleagues reconstructed ancestral myoglobin sequences across a 130-species mammalian phylogeny and showed that elevated net surface charge is an adaptive molecular signature of diving lineages which correlates with maximal myoglobin concentration; expressing ancestral and modern myoglobins recombinantly confirmed that the charge shift is mechanistically linked to aggregation resistance rather than merely correlated with it, and the reconstruction inferred amphibious ancestry for echidnas, moles, hyraxes and elephants along the way (https://doi.org/10.1126/science.1234192). De Miranda and colleagues cultured Weddell seal skeletal muscle cells and found that myoglobin rose significantly only when the cells received both environmental hypoxia and lipid supplementation, with the seal cells otherwise looking metabolically similar to the mouse C2C12 line used as a comparator, and beta-hydroxyacyl-CoA dehydrogenase activity rising with the lipid supplied (https://doi.org/10.1242/jeb.060681). Penso-Dolfin and colleagues built the first microRNA annotation for the species from small RNA data across brain, heart, muscle and plasma in three biological replicates, curating 559 high-confidence loci of which 329 matched an existing miRBase hairpin and 230 were novel; 416 microRNAs were differentially expressed among tissues, 80 differed between pups and adults across all tissues combined, and 188 showed age differences within specific tissues, with miR-424-3p, predicted to target the HIF-1-alpha prolyl hydroxylase Egln3, significantly reduced in heart overall and further down-regulated in adults relative to pups (https://doi.org/10.1186/s12864-020-6675-0). Seal myoglobin has still not been expressed in mouse cells or in transgenic mice as of the spring of 2026, and no such experiment appears in the literature.",T2 (recombinant Mbs) + T1 (comparative),"The single decisive experiment has never been attempted: no functional transfer of seal myoglobin into a mammalian system has been reported, so there is no measurement of what the protein does in a non-diving muscle cell. Everything in this record is either comparative sequence analysis, recombinant protein in a tube, or seal cells in seal-specific culture conditions (https://doi.org/10.1126/science.1234192, https://doi.org/10.1242/jeb.060681). The culture work also identifies the obstacle a transfer would face, since seal myoblasts required hypoxia and lipid supplementation together before they raised myoglobin, implying that a recipient cell would need the same metabolic context to express the protein at diving concentrations (https://doi.org/10.1242/jeb.060681). The registered trials that mention myoglobin and glutathione measure them as oxidative-stress and muscle-damage markers in exercise studies rather than delivering either as a treatment: a completed 28-participant iron supplementation and eccentric exercise study (https://clinicaltrials.gov/study/NCT02374619), a completed 15-participant caffeine, resistance training and blood antioxidant status study (https://clinicaltrials.gov/study/NCT05230303), and a 46-participant Solarplast supplementation study following high-intensity resistance exercise, whose status is listed as unknown (https://clinicaltrials.gov/study/NCT06432868). None of these tests myoglobin as an enhancement.",Mirceta Science 2013 https://doi.org/10.1126/science.1234192 | De Miranda Journal of Experimental Biology 2012 https://doi.org/10.1242/jeb.060681 | Penso-Dolfin BMC Genomics 2020 https://doi.org/10.1186/s12864-020-6675-0,"Myoglobin knockout mice are viable and compensate for the loss, which cuts directly against the assumption that adding more of the protein will deliver proportionally more diving capacity; a gene whose deletion can be worked around is unlikely to be the single limiting factor when overexpressed. Some smaller diving species reach high myoglobin concentrations without the full surface-charge shift, indicating that there is more than one evolutionary route to the same phenotype and that the charge mechanism, while real, is not the only solution (https://doi.org/10.1126/science.1234192). The Weddell seal's own lifespan of roughly 25 to 30 years is unremarkable for an animal of its size, so nothing in this record supports treating it as a longevity gene; the adaptation buys breath-hold endurance, not extra years. The trait is polygenic and physiological rather than molecular: it combines myoglobin abundance, surface-charge chemistry, glutathione buffering, blood volume and spleen storage, bradycardia and peripheral vasoconstriction, and no single-gene transfer addresses more than one of those. Finally, the microRNA evidence is correlative and partly computational. The Penso-Dolfin study is an expression atlas with in-silico target prediction, so the link from miR-424-3p to Egln3 to hypoxia tolerance is a hypothesis supported by sequence complementarity and differential expression, not a demonstrated regulatory mechanism (https://doi.org/10.1186/s12864-020-6675-0).",Stress Resistance,1
mcat,mCAT (mitochondrially targeted catalase),overexpression of human catalase re-targeted to the mitochondrial matrix (MTS fusion),Stress Resistance,Mitochondrial Antioxidant,"Catalase is one of the fastest enzymes known and it does one thing: it turns hydrogen peroxide into water and oxygen. In a normal cell almost all of it sits in peroxisomes, which is the wrong address if the peroxide you care about is the peroxide leaking out of the respiratory chain. Schriner and colleagues fixed the address. They built transgenic mice expressing human catalase with a mitochondrial targeting sequence, so the enzyme arrives in the matrix where superoxide dismutase has just produced peroxide, and compared them against mice expressing the same enzyme sent to peroxisomes or to the nucleus.

Only the mitochondrial version worked properly. Median and maximum lifespan rose by averages of about 5 and 5.5 months, cardiac pathology and cataract were delayed, oxidative damage fell, peroxide production and peroxide-driven aconitase inactivation were attenuated, and the accumulation of mitochondrial DNA deletions was reduced (Schriner 2005, https://doi.org/10.1126/science.1106653). The nuclear and peroxisomal constructs, in the same paper and the same genetic background, gave smaller and less consistent shifts.

That contrast is the whole point, and it is what separates mCAT from the long list of failed antioxidant experiments. SOD2 overexpression, already in this library, did not move lifespan; the coordinated Van Remmen and Richardson survey concluded that raising the major antioxidant enzymes is insufficient to extend mouse lifespan. mCAT is the exception in that literature, and the reason appears to be geometry rather than dose. Put the peroxide sink where the peroxide is made and the intervention works; put more of it in the cell at large and it does not.

The compound is not a drug and never became one, but the construct is now a standard reagent — mCAT mice are used across the field as a test of whether a given pathology is driven by mitochondrial peroxide.","Respiration constantly leaks hydrogen peroxide inside mitochondria, where the enzyme that destroys it is normally absent because it sits in peroxisomes instead. Re-addressing that enzyme to the mitochondrial matrix raised mouse median and maximum lifespan by about 5 and 5.5 months and cut mitochondrial DNA deletions. Twenty years on there is still no vector or drug that does it in a person.","Catalase (527 residues, a heme-containing homotetramer) dismutates two molecules of hydrogen peroxide into two water and one oxygen at a catalytic rate near the diffusion limit, and is natively targeted to peroxisomes by a C-terminal PTS1 signal. The mCAT construct replaces that localisation with an N-terminal mitochondrial targeting sequence so the enzyme is imported into the matrix. There it intercepts the hydrogen peroxide generated when matrix superoxide dismutase (SOD2) dismutates respiratory-chain superoxide — the step that, left alone, hands peroxide to Fenton chemistry, inactivates the iron-sulfur enzyme aconitase, and damages mitochondrial DNA. The intervention therefore completes a two-enzyme relay that in the native cell is broken by compartmentalisation: SOD2 makes peroxide inside the mitochondrion, and until mCAT there is no high-capacity peroxide sink there.","Schriner and colleagues generated three sets of transgenic C57BL/6J mice overexpressing human catalase directed respectively to peroxisomes, the nucleus, or mitochondria, and measured survival, pathology, oxidative damage and mitochondrial genome integrity. Median and maximum lifespan were maximally increased in the mitochondrially targeted (MCAT) animals, by averages of 5 months and 5.5 months respectively. Cardiac pathology and cataract development were delayed, oxidative damage was reduced, hydrogen peroxide production and peroxide-induced aconitase inactivation were attenuated, and the development of mitochondrial DNA deletions was reduced (Schriner 2005, https://doi.org/10.1126/science.1106653).

The per-cohort survival statistics recorded in OpenGenes for this study show the targeting dependence directly. Mitochondrially targeted cohorts: +26.5% median in males, +20.0% and +17.0% median in mixed-sex cohorts, +14.5% median in females. Peroxisome-targeted cohorts: +13.8%, +12.3% and +8.0% median. Nucleus-targeted cohorts: +10.5% and +6.5% median. The mitochondrial construct is the only one that also produced the pathology and mitochondrial-DNA endpoints.

The negative control for this result is already in the library. Roughly twofold SOD2 overexpression in a 97-mouse cohort reduced lipid peroxidation and improved paraquat resistance without extending lifespan (Jang 2009, https://doi.org/10.1093/gerona/glp100), and the coordinated survey of the major antioxidant enzymes concluded that overexpressing them is insufficient to extend mouse lifespan (Perez 2009, https://doi.org/10.1111/j.1474-9726.2008.00449.x). mCAT stands out against that background because of where the enzyme was put, not how much of it there was.","T5 (mammalian in-vivo lifespan with survival, pathology, oxidative-damage and mitochondrial-genome endpoints, internally controlled by two mistargeted constructs; single laboratory lineage, no human exposure)","There is no human exposure of any kind, no vector, and no small molecule that reproduces the construct — mitochondrially targeted catalase is a transgene, and after twenty years it is still only a transgene. The mitochondria-targeted antioxidants that did reach humans are chemically unrelated cationic compounds (MitoQ, SS-31) and are not catalase. The mouse effect size is also modest by the standards of this library: about five months on a roughly thirty-month baseline, from a single laboratory lineage, with the pathology endpoints (cataract, cardiac) carrying more weight than the survival curve. Whether a delivered enzyme could reach the matrix at useful stoichiometry in a post-mitotic human tissue is untested. Excess matrix catalase is also not obviously free: hydrogen peroxide is a signalling molecule for mitochondrial-stress responses, and a high-capacity sink in the matrix would blunt the retrograde signals that trigger mitochondrial biogenesis and hormesis.",Schriner Science 2005 https://doi.org/10.1126/science.1106653 | Perez Aging Cell 2009 https://doi.org/10.1111/j.1474-9726.2008.00449.x | Jang J Gerontol A 2009 https://doi.org/10.1093/gerona/glp100,"TARGETING IS THE RESULT, NOT A DETAIL. The lifespan extension belongs specifically to mitochondrially targeted catalase (mCAT). In the same paper, same background, the peroxisome-targeted and nucleus-targeted constructs gave smaller median shifts (+13.8/+12.3/+8.0% and +10.5/+6.5% respectively) and did not carry the pathology and mitochondrial-DNA endpoints. Plain cytosolic or peroxisomal catalase overexpression is a DIFFERENT and weaker result and must not be quoted as this one. The gene_id is deliberately mcat rather than cat for this reason.

RELATIONSHIP TO SOD2 ALREADY IN THE LIBRARY. These two entries are a matched pair and should be read together: SOD2 makes matrix peroxide, mCAT removes it. SOD2 overexpression alone does not extend lifespan (Jang 2009); the SOD2 entry's own translational_gaps proposes pairing it with a mitochondrially targeted peroxide sink, which is exactly this construct. Same category and same trait string as SOD2, which is correct — they are the same trait with opposite outcomes.

SINGLE LINEAGE. The lifespan result comes from one laboratory (Rabinovitch/Schriner, 2005). The mCAT mouse has since been widely adopted as a reagent for testing whether a pathology is mitochondrial-peroxide-driven, which is indirect support for the construct working as advertised, but the survival curve itself has not been independently replicated.

EFFECT SIZE IS MODEST AND SHOULD NOT BE INFLATED. About 5 months median and 5.5 months maximum on a mouse lifespan of roughly 30 months. The per-cohort maximum figure of +26.5% median (males) is the largest single cohort, not the paper's headline.

SIGNALLING TRADEOFF. Mitochondrial hydrogen peroxide is a retrograde signal; a high-capacity matrix sink would be expected to blunt mitohormetic responses including exercise-induced mitochondrial biogenesis. This was not measured in the 2005 study.

NO HUMAN GENETICS. Unlike UCP1 or UCP2, there is no human longevity association for CAT in the OpenGenes record for this gene.

MANIPULATION DETAIL (moved from manipulation field, varchar(128) limit): Overexpression of human catalase re-targeted to the mitochondrial matrix (MTS fusion); peroxisomal and nuclear-targeted versions are separate, weaker constructs",Longevity & Genome,0
mefp5_mussel,Mefp-5 (mfp-5),"overexpression (recombinant, with tyrosinase co-expression to install DOPA)",Expression,Underwater Adhesion,"A blue mussel spends its life on a rock that is hit by breaking waves several times a minute, and it stays there using a few micrograms of protein. The animal extrudes a byssal thread ending in a flat plaque, and at the very bottom of that plaque, in the few nanometres that actually touch the rock, it lays down mussel foot protein 5. This is the interfacial layer, the molecular double-sided tape, and it is chemically extreme: a short, floppy, strongly positively charged chain in which nearly a third of the residues have been hydroxylated into DOPA, the same catechol amino acid that is the precursor of dopamine and melanin.

Catechols do something no glue in a hardware store can do. Water is the enemy of adhesion because it forms a hydration layer that no bond can reach through, and the mussel's answer is a molecule that displaces that layer and then hydrogen-bonds and metal-coordinates to the exposed mineral oxide underneath. Measured directly with a surface forces apparatus, the purified protein turned out to be the strongest interfacial adhesive the mussel makes, beating even the biotin-streptavidin pair that biochemists use as a byword for tight binding (Danner 2012, https://doi.org/10.1021/bi3002538).

The human stakes are surgical. A glue that works on wet, moving, bleeding tissue would replace sutures and staples in places they do not belong, and companies have chased it for two decades: recombinant mussel adhesive protein is already sold as a cell-culture coating and a hydrogel. But no mammal has been engineered to make it, and the reason is the same chemistry that makes it work. A reduced catechol is a transient state. The mussel protects it behind an acidic, oxygen-poor secretion; a human dermis offers pH 7.4 and plenty of oxygen, which turns the sticky reduced form into cross-linked, non-adhesive polymer and releases a reactive quinone along the way.","Mefp-5 is the molecular contact layer of a mussel's underwater glue, displacing water so DOPA-rich chains can bond directly to wet mineral surfaces. Native protein reached about -14 mJ/m² adhesion energy between mica surfaces and outperformed Mefp-3 by four- to fivefold; recombinant versions are already sold as research coatings. Its catechols must be installed and kept reduced, because physiological oxygen and pH drive premature oxidation.","Mussel foot protein 5 (Mefp-5) is a small protein of about 98 amino acids, intrinsically disordered and strongly cationic, deposited specifically at the interface between the adhesive plaque and the substrate. Roughly 30 mol% of its residues are 3,4-dihydroxyphenylalanine (DOPA), which the animal generates by tyrosinase-catalysed hydroxylation of tyrosine after the protein is translated. The catechol group of DOPA displaces the interfacial hydration layer that normally blocks bonding to a wet surface, then binds mineral oxides through bidentate hydrogen bonding and direct metal coordination. This only works while the catechol stays reduced, which the mussel enforces by secreting the plaque into an acidic, reducing microenvironment; oxidation to dopaquinone switches the chemistry from interfacial adhesion to bulk cohesive cross-linking, so the same residue that provides the grip destroys it once oxidised. Phosphoserine residues supply a second, independent mineral-binding motif alongside the catechols.","The central measurement is a direct one. Working with native protein purified from mussel feet, Danner and colleagues placed a film of Mefp-5 between two atomically flat mica surfaces in aqueous solution and pulled them apart in a surface forces apparatus, recording an adhesion energy approaching E(ad) = ~-14 mJ/m(2) (Danner 2012, https://doi.org/10.1021/bi3002538). The same study set that value in context by measuring the other interfacial mussel foot protein under identical conditions: Mefp-5 exceeded the adhesion energy of Mefp-3 by a factor of 4-5, and the authors note it is also greater than the adhesion measured between highly oriented monolayers of biotin and streptavidin, a protein-ligand pair normally treated as a benchmark for tight binding (https://doi.org/10.1021/bi3002538). Two things about these numbers matter for reading the card honestly. They are symmetric mica-on-mica surface energies rather than lap-shear strengths on tissue, so they cannot be quoted as a bond strength a surgeon would feel; and they were obtained with native protein carrying its full complement of DOPA, not with unmodified recombinant protein, which is markedly less adhesive until the catechols are installed.",T4 (purified-protein biophysics replicated across labs; recombinant product sold commercially; no in vivo mammalian expression),"No mammal has been engineered to secrete mussel foot protein 5 from its own epidermis, so the entire skin-as-glue framing rests on purified-protein biophysics rather than on any animal experiment. Recombinant production does not by itself give you an adhesive: the bacterium must also be given a tyrosinase, or the purified protein must be treated in vitro, because unmodified recombinant Mefp-5 lacking DOPA is markedly less adhesive than the native molecule. The headline -14 mJ/m(2) figure was measured between two identical mica surfaces in a surface forces apparatus, which means nobody has converted it into a lap-shear or peel strength on living tissue, and a card reader should not assume the two are interchangeable. The oxidation problem also remains unsolved in a body: any tissue-facing application has to hold the catechols reduced at physiological pH and oxygen tension long enough for them to bond.",Danner Biochemistry 2012 https://doi.org/10.1021/bi3002538,"A structural mislabelling is easy to make here and worth stating plainly. Protein Data Bank entry 7QAB is an NMR structure of Pvfp-5b, the homologous foot protein 5 of the green mussel Perna viridis, and it is not a structure of Mytilus edulis Mefp-5; it must not be presented as one. An AlphaFold model does exist for UniProt Q8WTE8 (https://www.uniprot.org/uniprotkb/Q8WTE8), but because the protein is intrinsically disordered by nature the model is low-confidence by construction rather than by accident, and computed disorder for this sequence runs to 75.5%. On availability: recombinant mussel adhesive protein is a purchasable reagent today rather than a therapeutic. Kollodis BioSciences (https://www.kollodis.com) produces it in a proprietary Escherichia coli system and sells it under the MAPTrix trademark as coating solutions, extracellular-matrix-mimetic reagents and 3D culture hydrogels, resold through Sigma-Aldrich and AMSBIO, with supplier datasheets listing a ~24,000 Da recombinant protein supplied at 0.2, 0.5 or 1.0 mg/mL (https://www.sigmaaldrich.com/US/en/product/sigma/161052k). It is a research-use reagent and not an approved drug or device, and no registered clinical trial administers mussel foot protein to humans. Note also that this route to adhesion is chemically opposite to the gecko route already in this library: setal beta-keratin sticks by dry van der Waals contact and fails underwater, whereas Mefp-5 forms actual chemical bonds to a wet surface.",,1
melanin_pathway,Melanin,Radiotrophic melanin induction,Stress Resistance,Radiotrophic Melanin,"In the years after the Chernobyl accident, biologists found black fungi growing on the ruined reactor walls, in a place where almost nothing should have been able to make a living. These fungi are loaded with melanin, and they appeared not merely to tolerate the gamma field but to prefer it. In 2007 Ekaterina Dadachova and colleagues proposed an explanation with genuinely startling implications: radiosynthesis, in which a fungus harvests energy from ionizing radiation the way a plant harvests sunlight (https://doi.org/10.1371/journal.pone.0000457). A follow-up experiment flown to the International Space Station in 2020 found that Cladosporium sphaerospermum grew faster in orbit than on the ground and that its biomass measurably reduced the radiation passing through it (https://doi.org/10.1101/2020.07.16.205534, published as https://doi.org/10.3389/fmicb.2022.877625). Hamster ovary cells transfected with a tyrosinase gene make their own eumelanin and survive gamma irradiation and UVA better than their unpigmented parents, although the same pigment makes them more vulnerable to UVC (https://doi.org/10.1002/em.1074). The radiotrophy claim itself is still contested. Critics argue that ordinary passive shielding plus relief from oxidative stress accounts for everything observed, without requiring a new form of metabolism, and the authors of the space-station study themselves retreated to the weaker word radioadaptive. What melanin unquestionably does is absorb radiation and scavenge reactive oxygen species; whether it does anything more exotic than that remains unsettled almost two decades after the proposal. In a human body the same chemistry would cut both ways. Pigmented human melanomas are among the most radioresistant tumours in the clinic, which is a blunt reminder that a molecule good at protecting cells from radiation is equally good at protecting the cells you most want radiation to kill.","Melanin absorbs radiation and scavenges the reactive molecules it creates, giving cells a compact chemical shield. A melanin-producing fungus grew 1.21-fold faster in orbit, while tyrosinase-made eumelanin protected cultured hamster cells from gamma rays and UVA; injected fungal melanin also improved 30-day survival after 7 Gy in mice. Protection depends on pigment type and location, and the same chemistry can make pigmented tumours harder to irradiate.","Melanin is not a conventional protein but an irregular, heavily conjugated polymer built from indolequinone subunits. Two of its actions are well established and uncontroversial. First, it shields passively: the polymer is physically dense and electron-rich, so it attenuates photons and charged particles that would otherwise reach DNA. Second, it scavenges reactive oxygen species (ROS), intercepting the hydroxyl radicals and superoxide that ionizing radiation generates in water and that do most of the actual damage to the genome. The contested third action is radiosynthesis. Dadachova and colleagues reported that irradiating melanin shifts its electron spin resonance (ESR) signal, consistent with a change in electronic structure, and that irradiated melanin gained a four-fold greater capacity to reduce NADH than unirradiated melanin, which would place it in the role of an electron-transfer agent coupling radiation energy to metabolism (https://doi.org/10.1371/journal.pone.0000457). Building the pigment is itself a multi-component job rather than a single gene: eumelanin synthesis needs tyrosinase plus its copper cofactor, the related enzymes TRP1 and TRP2, and melanosome trafficking machinery to keep the reactive intermediates contained. In the hamster-cell experiments tyrosinase alone was sufficient to produce eumelanin without TRP1 or TRP2, and the resulting pigment protected against gamma rays and UVA but sensitised the cells to UVC (https://doi.org/10.1002/em.1074).","Dadachova and colleagues reported in 2007 that melanized Wangiella dermatitidis and Cryptococcus neoformans cells held in an ionizing radiation field roughly 500 times higher than background grew significantly faster than non-irradiated melanized cells or irradiated albino mutants, showing higher colony-forming unit counts, more dry biomass and three-fold greater incorporation of carbon-14-labelled acetate; irradiation also shifted melanin's electron spin resonance signal and produced a four-fold increase in its capacity to reduce NADH (https://doi.org/10.1371/journal.pone.0000457). The space-station experiment grew a Cladosporium sphaerospermum lawn approximately 1.7 mm thick over a radiation sensor for 30 days; radiation recorded beneath the fungus was 2.17 ± 0.35% lower than beneath the no-growth control, a value the legacy record transcribed as 2.17 ± 0.25%, and the authors extrapolated from linear attenuation coefficients that a layer roughly 21 cm thick would be needed to bring the annual dose-equivalent on the Martian surface down to Earth average, or about 9 cm for an equimolar melanin-regolith composite (https://doi.org/10.1101/2020.07.16.205534). The peer-reviewed version of that experiment reports the growth rate in orbit as 1.21 ± 0.37 times the ground control and describes the radiation reduction qualitatively, from 151 counts per minute on the control side against 147 beneath the fungus (https://doi.org/10.3389/fmicb.2022.877625). Kaur and Hill transfected non-pigmented CHOK1-A(L) 1282B5 hamster cells with the vector pcTYR carrying tyrosinase cDNA, alongside an empty pcTYW control, and selected a pigmented clone whose electron paramagnetic resonance signal was at least twice that of controls and whose tyrosinase activity was at least six times greater; the pigment was classified as eumelanin, and the pigmented cells proved resistant to killing by caesium-137 gamma rays and by UVA while being more sensitive to killing by UVC from a germicidal lamp (https://doi.org/10.1002/em.1074). Three separate groups showed that melanin delivered from outside protects irradiated mice. Schweitzer and colleagues polymerised 3,4-dihydroxyphenylalanine onto 20-nm silica particles and gave the resulting melanin-covered nanoparticles intravenously at 50 mg/kg three hours before whole-body exposure, protecting bone marrow (https://doi.org/10.1016/j.ijrobp.2010.02.020). Kunwar and colleagues gave fungal melanin from Gliocephalotrichum simplex at 50 mg/kg to BALB/c mice exposed to 7 Gy whole-body irradiation, raising 30-day survival by 100% when given prophylactically and 60% when given after exposure, with restored spleen indices and colony-forming units, preserved white cell and platelet counts, recovered ERK phosphorylation in splenic tissue and a lowered BAX/Bcl-XL ratio (https://doi.org/10.1016/j.taap.2012.08.002). Rageh and colleagues divided 110 male BALB/c mice into five groups of 22, injecting melanin nanoparticles intraperitoneally at 50 mg/kg either 30 minutes before or 30 minutes after 7 Gy, and found restored blood counts, preserved splenic megakaryocytes and reduced bone-marrow DNA damage on comet assay at 1, 4, 8 and 12 days after irradiation (https://doi.org/10.1007/s11010-014-2232-y). Every one of these mouse results used exogenous delivery of pre-made melanin, not biosynthesis by the animal's own cells.",T3 (heterologous tyrosinase in CHO) + T4/T5 for exogenous nanoparticles,"Three things stand between this record and a human. First, no one has reconstituted a complete fungal melanin biosynthetic pathway in mammalian cells; the hamster experiments installed a single tyrosinase gene and got eumelanin, which is chemically different from the DHN-melanin that fungi such as Cladosporium actually use (https://doi.org/10.1002/em.1074). Second, no transgenic animal expresses a radioprotective melanin pathway, so every whole-organism radioprotection result to date comes from injecting pre-formed melanin or melanin nanoparticles rather than from a gene the animal carries (https://doi.org/10.1016/j.ijrobp.2010.02.020, https://doi.org/10.1016/j.taap.2012.08.002, https://doi.org/10.1007/s11010-014-2232-y). Third, there is no clinical trial of melanin biosynthesis for radioprotection. The registered studies that involve melanin at all are dermatological work on pigmentation disorders, such as a completed 16-participant trial combining a thulium 1927-nm fractional laser with a topical H2 receptor antagonist for facial melasma (https://clinicaltrials.gov/study/NCT06313307) and a 34-participant study of concentrated secretome with and without TGF-beta-3 for melasma, which was not yet recruiting as of its listed start date early in 2026 (https://clinicaltrials.gov/study/NCT07137130). Both are attempts to reduce pigment, not to install a radiation shield, and neither tests the gene as a treatment.",Dadachova PLoS ONE 2007 https://doi.org/10.1371/journal.pone.0000457 | Averesch Frontiers in Microbiology 2022 https://doi.org/10.3389/fmicb.2022.877625 | Shunk bioRxiv 2020 https://doi.org/10.1101/2020.07.16.205534 | Kaur Environmental and Molecular Mutagenesis 2001 https://doi.org/10.1002/em.1074 | Hopwood International Journal of Radiation Biology 1985 https://doi.org/10.1080/09553008514550761 | Schweitzer International Journal of Radiation Oncology Biology Physics 2010 https://doi.org/10.1016/j.ijrobp.2010.02.020 | Kunwar Toxicology and Applied Pharmacology 2012 https://doi.org/10.1016/j.taap.2012.08.002 | Rageh Molecular and Cellular Biochemistry 2015 https://doi.org/10.1007/s11010-014-2232-y,"The radiotrophy hypothesis is contested, and the contest matters because it decides whether this record describes a new energy metabolism or a well-understood physical shield. A 2017 doctoral thesis and several review articles attribute the observations entirely to passive shielding plus relief from oxidative stress, and the authors of the space-station experiment themselves retreated from radiotrophy to the weaker term radioadaptive in the peer-reviewed version (https://doi.org/10.3389/fmicb.2022.877625). There is also a direct experimental contradiction. Hopwood, Swartz and Pajak loaded melanin into Chinese hamster ovary cells by endocytosis, using pigment prepared from beef eye or made by air oxidation of DOPA, and found survival-curve parameters indistinguishable from cells without melanin; fractionated 6 Gy doses showed no effect of melanin on the extent or kinetics of sublethal damage repair, and repair of potentially lethal damage in plateau-phase cultures was likewise unaffected (https://doi.org/10.1080/09553008514550761). That result stands against the protection Kaur and Hill later measured in cells that synthesised their own pigment (https://doi.org/10.1002/em.1074), and the difference is informative rather than merely awkward: melanin dumped into the cytoplasm by endocytosis is not the same as melanin packaged where the cell puts it, which suggests that location, not quantity, is what protects. The protection is also wavelength-specific in a way that should worry anyone planning to use it as a general shield, since the same pigmented cells that resisted gamma rays and UVA were more easily killed by UVC (https://doi.org/10.1002/em.1074). Clinically, melanotic human melanomas are notoriously radioresistant, which makes this a genuinely double-edged trait: the pigment that would protect healthy tissue also protects the tumour you are trying to irradiate. Finally, this is not a single gene. Producing eumelanin safely requires copper loading of tyrosinase, the related enzymes TRP1 and TRP2, and melanosome machinery to sequester reactive intermediates, so a one-gene enhancement is not on offer.",,0
mgmt_p140k,MGMT,P140K variant knock-in,Longevity & Genome,Alkylation Repair,"This is the only gene on this list that has actually saved human lives in a clinical trial. MGMT repairs a specific kind of chemotherapy-induced DNA damage, and a lab-engineered variant called P140K is resistant to a drug that shuts off the tumor's own MGMT. The strategy, pioneered by Jennifer Adair at Fred Hutch: take the patient's bone-marrow stem cells, install MGMT-P140K with a lentivirus, infuse them back, then give chemotherapy. The healthy stem cells now out-survive the tumor. In seven patients with an aggressive glioblastoma subtype (NCT00669669), median survival reached roughly 20 months versus the historical 12. Engraftment was durable. The caveats are serious: a pediatric version of the trial failed to produce lasting engraftment, and some integration clones raised concern about eventual leukemia. And endogenous MGMT in tumors is itself a villain — the gene cuts both ways depending on which cell it lives in.","MGMT-P140K equips blood-forming stem cells to repair chemotherapy damage even when ordinary MGMT is chemically blocked, allowing healthy marrow to outlast the tumour. In a seven-patient glioblastoma study, modified autologous stem cells engrafted durably and median survival reached about 20 months versus a 12-month historical comparison. Because lentiviral integration can favour particular clones, long-term monitoring and safer editing routes remain important.","Suicide direct-reversal repair of O6-alkyl-guanine; P140K variant ~240× resistant to O6-benzylguanine inhibitor, enabling in vivo chemoselection of transduced HSCs.","**THE ONLY GENE IN THIS LIBRARY WITH PEER-REVIEWED HUMAN CLINICAL EFFICACY DATA.** Adair 2012 Sci Transl Med: n=3 MGMT-unmethylated GBM; lentiviral P140K-transduced autologous CD34+; in-vivo selection during chemo; all 3 exceeded historical median OS (~12 mo); one >2-year PFS. Adair 2014 JCI (NCT00669669, n=7): median OS ~20 mo vs historical ~12 mo in MGMTu-GBM; polyclonal engraftment; PRDM16 and HMGA2 integration clones without adverse events. Dog/NHP long-term engraftment precedents.",T7 (human clinical trial),Phase III trial; CRISPR-HDR / prime-editing replacement for lentivirus to reduce integration clonality; broader indications beyond TMZ-treated MGMTu-GBM.,Adair Sci Transl Med 2012 https://doi.org/10.1126/scitranslmed.3003425 | Adair JCI 2014 https://doi.org/10.1172/jci76739 | Kramer Hum Gene Ther 2018 https://doi.org/10.1089/hum.2017.235,"FAILURE IN PEDIATRIC TRIAL: Kramer 2018 — only transient low-level engraftment in 4/7 pediatric patients; no chemoprotection. Integration clones (PRDM16, HMGA2) flagged but no leukemia to date. ALKYLATION-SPECIFIC — does NOT protect against ionizing radiation or oxidative damage. DOUBLE-EDGED: endogenous MGMT overexpression in tumors is a POOR-PROGNOSIS TMZ-resistance marker — gene is protective in HSCs but pathogenic in glioma; O6BG co-dosing required for chemoselection but causes its own toxicity.",,1
mif_ko,MIF (macrophage migration inhibitory factor),loss-of-function germline knockout (Mif-null on segregating B6 x 129/SvJ background),Longevity & Genome,Inflammation Control,"This gene entered the aging literature as a predicted requirement and came out as a brake. Harper, Wilkinson and Miller had found MIF significantly elevated in multiple long-lived mouse models including caloric restriction, and reasoned that MIF might be necessary for caloric restriction to work. They tested it the only way that settles the question - a Mif knockout crossed onto a segregating B6 x 129/SvJ F2 background, run under both ad libitum feeding and caloric restriction. The prediction failed twice over. MIF-knockout mice still extended lifespan in response to caloric restriction, so MIF is not required for the CR effect. And unexpectedly they were longer lived than controls under ordinary ad libitum feeding, which is the finding that puts the gene in this library. The cause-of-death data are the most informative part and the least comfortable: knockouts were significantly protected against lethal hemangiosarcoma - a blood-vessel tumour that is a common cause of death in this genetic background - but were more likely than controls to die of disseminated amyloid, itself an age-related inflammatory syndrome. So removing the cytokine did not remove inflammatory pathology; it moved which inflammatory pathology kills the animal. The translational position is unusually advanced for a mouse-only longevity gene, because a MIF-blocking antibody has already been through a phase 1 trial in humans.","Removing a pro-inflammatory cytokine that rises in aged tissue leaves mice longer lived on ordinary food and protected against lethal blood-vessel tumours. OpenGenes records the knockout at 15.6% longer median lifespan, and an anti-oxidised-MIF antibody has already been given to 50 cancer patients with fatigue and vomiting as the common side effects. The knockouts traded one death for another: they were more likely than controls to die of disseminated amyloid.","MIF encodes a 115-residue, 12.5 kDa cytokine that is structurally unlike most cytokines: it forms a homotrimer, carries an intrinsic tautomerase active site, and is stored preformed rather than synthesised on demand. It signals through CD74 with CD44, and also engages CXCR2 and CXCR4 as a non-canonical chemokine, driving macrophage recruitment and sustaining pro-inflammatory output. It is also one of the few cytokines that counter-regulates glucocorticoid suppression of inflammation, which is why loss of MIF lowers inflammatory tone rather than merely shifting it. The protein is essentially fully ordered (0.0% low-confidence residues by AlphaFold pLDDT) with 118 PDB entries. Therapeutic blockade targets a specific conformer: oxidised MIF (oxMIF) is the disease-associated form, and the clinical antibody imalumab was raised against it rather than against total MIF.","Harper 2010 (FASEB J): Mif-knockout mice on a segregating B6 x 129/SvJ background were longer lived than controls under standard ad libitum feeding, and also still responded to caloric restriction with further lifespan extension - refuting the hypothesis that MIF is required for the CR effect. OpenGenes records two female cohorts from this paper: +15.6% median (with +28.0% minimum, +15.6% maximum) and +1.8% median (with -9.0% maximum), so the central-tendency effect is roughly +15.6% median in the larger contrast and near zero in the other. Cause-of-death analysis: significant protection against lethal hemangiosarcoma, but increased likelihood of death from disseminated amyloid. Mahalingam 2020 (Br J Clin Pharmacol): imalumab (BAX69), a fully human antibody against oxidised MIF, was given to 50 of 68 enrolled patients with advanced solid tumours at 1-50 mg/kg IV in a phase 1 dose-escalation (NCT01765790); the most common treatment-related adverse events were fatigue (10%) and vomiting (6%), with four grade 3 serious treatment-related events in two patients and allergic reaction as the dose-limiting toxicity.","T5 (mouse germline-knockout lifespan cohorts under two diets with full cause-of-death pathology) + T9-limited for human exposure (a completed phase 1 anti-oxMIF antibody trial, n=50 dosed, safety characterised, no efficacy established and no aging indication)","The two OpenGenes cohorts from the same paper disagree in magnitude - +15.6% median versus +1.8% median - and the full text was not retrievable this session (the FASEB J article is closed access with a PMC record that carries the abstract only, and the University of Michigan repository copy returned 403), so which contrast is the primary ad-libitum comparison could not be confirmed against the survival table. The curator should obtain the PDF before this number is treated as settled. Both cohorts are female. The amyloid finding is the substantive biological cost: knockouts died more often of disseminated amyloid, so this is a redistribution of age-related inflammatory mortality rather than its removal, and a mouse strain with less hemangiosarcoma might show no net benefit at all. The human antibody establishes tolerability but not benefit: imalumab was tested in advanced cancer, its dose-limiting toxicity was an allergic reaction, no aging or healthspan endpoint has ever been examined, and blocking a cytokine that counter-regulates glucocorticoid action carries an infection-risk question that a cancer trial cannot answer.",Harper FASEB J 2010 https://doi.org/10.1096/fj.09-152223 | Mahalingam Br J Clin Pharmacol 2020 https://doi.org/10.1111/bcp.14289 | Maurya Pulm Med 2026 (MIF-794 CATT promoter polymorphism meta-analysis) https://doi.org/10.1155/pm/8413702,"TRAP 1 - CRITICAL: the OpenGenes _min value for the second MIF cohort is +360.0%. That is the change in MINIMUM lifespan (the short-lived tail) and is meaningless as an effect size. It must never appear in any card, report or summary. The central-tendency figure is +15.6% median. This pack deliberately carries no number above +28%. DIRECTION: enhancement is LOSS of MIF - consistent with the human clinical direction, which is also blockade. This is the rare case where mouse enhancement and human pharmacology point the same way. COST IS A CAUSE-OF-DEATH SWAP: less hemangiosarcoma, more disseminated amyloid. Card copy must state this rather than hedge. FULL TEXT NOT OBTAINED: verified this session - closed access, PMC has abstract only, Michigan repository 403. Two cohorts disagree (+15.6% vs +1.8% median); flagged for the curator. SEX: females only. HUMAN GENETICS: the MIF-794 CATT promoter repeat is associated with infection susceptibility (tuberculosis), not with longevity - do not present it as longevity genetics.",,1
mstn_ko,MSTN,Knockout,Regeneration,Muscle Hypertrophy,"Belgian Blue cattle look like bodybuilders because they are, naturally. A deletion in their myostatin gene, characterised by Grobet and colleagues in 1997 as an 11-base-pair deletion in the coding sequence for the bioactive carboxy-terminal domain, removes the molecular brake on muscle growth (https://doi.org/10.1038/ng0997-71). The same year, McPherron and Lee at Johns Hopkins identified myostatin itself as a negative regulator of muscle mass in mice (https://doi.org/10.1038/387083a0). Without functional myostatin, skeletal muscle proliferates dramatically: Belgian Blues carry 20 to 25% more muscle fibers than normal cattle. The biology works across species. Mosher and colleagues identified a myostatin mutation in racing Whippets in 2007, and found that dogs heterozygous for the deletion were the fastest racers while homozygotes became comically over-muscled 'bully' Whippets (https://doi.org/10.1371/journal.pgen.0030079). Schuelke and colleagues reported the first known human myostatin mutation in 2004: a German boy, born to a former professional sprinter, carried a splice-site mutation in both MSTN alleles, showed visible muscle hypertrophy at birth, and had a quadriceps cross-section nearly twice normal at age four (https://doi.org/10.1056/nejmoa040933). He was otherwise healthy. The therapeutic angle is obvious — blocking myostatin might treat muscular dystrophies, sarcopenia and cachexia — and multiple antibody therapies have entered clinical trials while CRISPR-mediated MSTN knockout has been demonstrated in pigs, goats, buffalo, dogs and primates. The catch is that myostatin also regulates tendons, cardiac muscle and metabolism, and hyper-muscular animals often have calving difficulties and altered fat distribution.","Removing myostatin releases a powerful natural brake on muscle growth, increasing both fibre number and fibre size. Knockout mice carry roughly 200–300% more muscle mass, Belgian Blue cattle have 20–25% more fibres, and a child with two inactive copies had quadriceps about twice normal size. The muscle gain must be matched by tendons, joints, heart, and metabolism; extreme growth also creates major birth complications in cattle.","Myostatin, also called growth differentiation factor 8 (GDF-8), is a secreted ligand of the transforming growth factor beta (TGF-beta) family. It binds the activin type IIB receptor (ActRIIB) on the muscle-cell surface, which triggers phosphorylation of the intracellular messengers SMAD2 and SMAD3, and those in turn repress transcription of the myogenic regulators MyoD and myogenin and hold satellite-cell proliferation in check. Losing the ligand releases both brakes at once: myoblasts proliferate without restraint and myofibers enlarge, so the number of fibers rises (hyperplasia) and the size of each fiber rises too (hypertrophy).","McPherron and colleagues showed in 1997 that myostatin-null mice carry 200 to 300% more muscle mass than wild-type animals, with individual muscles two to three times heavier (https://doi.org/10.1038/387083a0). In Belgian Blue cattle the same loss of function produces 20 to 25% more muscle fibers, a hyperplasia rather than a swelling of existing fibers, and Grobet and colleagues traced it to an 11-base-pair deletion in bovine MSTN in 1997 (https://doi.org/10.1038/ng0997-71). Schuelke and colleagues described the human null case in 2004: a boy who was grossly muscular at birth and whose quadriceps cross-sectional area was about 2x normal at age 4.5 (https://doi.org/10.1056/nejmoa040933). Mosher and colleagues found in 2007 that heterozygous Whippets were the fastest racers in their cohort while homozygotes showed the over-muscled 'bully' phenotype (https://doi.org/10.1371/journal.pgen.0030079). Myostatin loss also reshapes fat: this record carries a figure of roughly 50% less adipose tissue in MSTN-null mice, and the underlying published finding, reported in 2002 by McPherron and Lee, is that Mstn-null mice accumulate significantly less fat with age than wild-type littermates despite normal food intake relative to body weight, normal body temperature and a slightly decreased resting metabolic rate (https://doi.org/10.1172/JCI13562). CRISPR-based knockouts have since been produced in livestock, including marker-free cloned pigs (https://doi.org/10.1038/srep31729), goats with heritable MSTN disruption and increased body mass (https://doi.org/10.1111/age.12626), and buffalo (https://doi.org/10.1177/25731599251401528).",T6,"No human gene-therapy trial for MSTN knockout exists. The antibody route has been tried and has disappointed: stamulumab, tested as MYO-029 in adult muscular dystrophy (https://clinicaltrials.gov/study/NCT00104078), and domagrozumab, tested in boys with Duchenne muscular dystrophy in a phase 2 study that was terminated (https://clinicaltrials.gov/study/NCT02310763) along with its open-label extension (https://clinicaltrials.gov/study/NCT02907619), both produced disappointing phase 2 results. CRISPR knockout in primates showed mosaicism, so the edit did not take uniformly across cells. Beyond that, nobody knows how tendons and ligaments adapt to hyper-muscular loads, what systemic myostatin loss does to the heart, or what the long-term metabolic consequences are.",McPherron Nature 1997 https://doi.org/10.1038/387083a0 | Grobet Nature Genetics 1997 https://doi.org/10.1038/ng0997-71 | McPherron Journal of Clinical Investigation 2002 https://doi.org/10.1172/JCI13562 | Schuelke New England Journal of Medicine 2004 https://doi.org/10.1056/nejmoa040933 | Mosher PLoS Genetics 2007 https://doi.org/10.1371/journal.pgen.0030079 | Hennebry American Journal of Physiology-Cell Physiology 2009 https://doi.org/10.1152/ajpcell.00259.2007 | Bi Scientific Reports 2016 https://doi.org/10.1038/srep31729 | Wang Animal Genetics 2018 https://doi.org/10.1111/age.12626 | Selokar The CRISPR Journal 2025 https://doi.org/10.1177/25731599251401528,"The myostatin antibodies stamulumab and domagrozumab failed to show clinical benefit in Duchenne muscular dystrophy phase 2 trials, and that failure is informative rather than merely disappointing: it suggests systemic myostatin inhibition may not be enough once muscle is already dystrophic, because the limiting factor is the damaged fiber rather than the growth brake. Hyper-muscular cattle suffer dystocia, and Belgian Blues require near-universal caesarean sections, which is the clearest illustration that this phenotype carries an obstetric cost in a large mammal. Myostatin-null mice have altered glucose metabolism and reduced adipose tissue, which reads as a benefit or a risk depending on the context you put the animal in. The single known human case is one individual, so long-term health outcomes for a human null are unknown. CRISPR-edited MSTN-knockout pigs and dogs show variable mosaicism, meaning the edit reaches different fractions of cells in different animals and the resulting phenotype is not uniform.",,1
mtor_hypomorph,MTOR,partial loss of function via hypomorphic alleles expressing ~25% of wild-type mTOR,Longevity & Genome,Nutrient-Sensing Brake,"mTOR is the cell's decision point between growing and maintaining. It reads amino acids, insulin, energy charge and oxygen, and when it says grow, autophagy stops. Toren Finkel's group asked what a lifetime of partial mTOR reduction does to a mammal, using mice homozygous for hypomorphic alleles that express about a quarter of normal mTOR protein. The mice were viable, smaller, and lived about 20% longer at the median - and, importantly for anyone reading this as an enhancement, their normalised food intake, glucose homeostasis and metabolic rate were unaltered. What was not uniform was the ageing itself: the mice preserved function in many organ systems and not others, which the authors called segmental. Then there is the drug. Rapamycin inhibits the same complex, is FDA-approved for transplant rejection, and is the only intervention on this card that people are actually taking. Three months of treatment in middle-aged mice raised life expectancy by up to 60%. Intermittent dosing started as late as 20 months extended female lifespan. In humans the record is real but modest: the 48-week PEARL trial in 114 healthy adults found weekly low-dose rapamycin safe, with improved lean tissue mass and less pain in women taking 10 mg - and no change in its primary endpoint, visceral fat. A phase 3 trial of the related mTOR inhibitor RTB101 in 1,024 older adults missed its primary endpoint outright. This node has the most human exposure in the whole GH/IGF axis and the least proven human efficacy.","Dialling down the master nutrient sensor keeps autophagy running and shifts cells from growth toward maintenance. Mice carrying about 25% of normal mTOR lived roughly 20% longer at the median, and rapamycin is already FDA-approved and taken off-label — though the 48-week PEARL trial in 114 adults missed its primary endpoint of visceral fat. One female dose shifted mouse cancers toward aggressive blood cancers.","MTOR encodes a 2,549-amino-acid PI3K-related serine/threonine kinase that nucleates two complexes. mTORC1 integrates amino-acid availability (via Rag GTPases), growth-factor signalling (via PI3K-AKT-TSC-Rheb) and energy status (via AMPK), then phosphorylates S6K1 and 4E-BP1 to drive translation and phosphorylates ULK1 and TFEB to suppress autophagy and lysosomal biogenesis. mTORC2 phosphorylates AKT and regulates cytoskeleton and lipogenesis. Reducing total mTOR protein lowers both complexes' activity; rapamycin binds FKBP12 and inhibits mTORC1 acutely and mTORC2 only with chronic exposure - which is why dose and schedule, not just target engagement, determine whether the immune and metabolic side effects appear. The proposed longevity mechanism is restored autophagic flux plus reduced translational burden, the same axis caloric restriction acts on.","Wu 2013 (Cell Reports): mTOR hypomorphic mice expressing about 25% of wild-type mTOR showed roughly a 20% increase in median survival with reduced mTORC1 and mTORC2 activity, no alterations in normalised food intake, glucose homeostasis or metabolic rate, and reduced aging tissue biomarkers, with segmental functional preservation across organ systems. OpenGenes records the cohorts at +20.5% median (males, n=17 vs 10), +19.8% median (females, n=26 vs 24) and +18.0% median (pooled, n=43 vs 34), all with a documented 75% reduction in target gene expression. Bitto 2016 (eLife): three months of rapamycin in middle-aged mice increased life expectancy by up to 60%, with +13.1% mean and +16.9% median lifespan in the male cohort (n=17 vs 18). Arriola Apelo 2016 (J Gerontol A): intermittent rapamycin at 2 mg/kg every 5 days begun at 20 months of age extended female C57BL/6J lifespan (+13.0% mean, +7.0% median, n=14 vs 20). Human: Mannick 2018 (Sci Transl Med) phase 2a, 264 elderly subjects, low-dose catalytic plus allosteric TORC1 inhibition was safe and associated with a significant decrease in the rate of infections reported over the following year (P = 0.001), with upregulated antiviral gene expression and improved influenza vaccine response. Harinath 2025 (Aging), PEARL trial NCT04488601: 48 weeks of weekly 5 or 10 mg compounded rapamycin in 114 completing healthy adults - adverse and serious adverse events similar across groups, visceral adiposity unchanged (p = 0.942), lean tissue mass improved in women on 10 mg (48-week mean difference 6.194, 95% CI 0.8773-11.5105).","T9-limited (human clinical: an FDA-approved drug hitting the same complex, one completed 48-week placebo-controlled trial in healthy adults with a missed primary endpoint, plus a phase 3 of a related mTOR inhibitor that failed its primary endpoint) + T5 (mouse genetic hypomorph and multiple independent rapamycin-schedule lifespan studies)","No human trial has shown that mTOR inhibition extends human lifespan or reverses an aging phenotype on a primary endpoint. PEARL missed its primary endpoint - visceral adiposity did not change - and its positive findings were secondary and sex-restricted. The RTB101 programme ran the largest test of this idea: after a phase 2a infection-rate signal, the phase 3 trial in 1,024 adults aged 65+ found no reduction in clinically symptomatic respiratory illness (26% versus 25%, OR 1.07, p = 0.65). The genetic result cannot be reproduced pharmacologically in any case - it is lifelong 75% reduction of protein levels, not intermittent kinase inhibition. Dose and schedule remain unsettled: a phase 2 of everolimus (NCT05835999, 106 participants, University of Wisconsin) tested daily 0.5 mg versus weekly 5 mg against insulin sensitivity in insulin-resistant older adults and has not reported results.",Wu Cell Reports 2013 https://doi.org/10.1016/j.celrep.2013.07.030 | Bitto eLife 2016 https://doi.org/10.7554/eLife.16351 | Arriola Apelo J Gerontol A 2016 https://doi.org/10.1093/gerona/glw064 | Mannick Sci Transl Med 2018 https://doi.org/10.1126/scitranslmed.aaq1564 | Mannick Lancet Healthy Longev 2021 https://doi.org/10.1016/S2666-7568(21)00062-3 | Harinath Aging 2025 https://doi.org/10.18632/aging.206235,"DIRECTION: enhancement is reduced mTOR signalling. This is a partial-loss-of-function and drug-inhibition card - overexpressing MTOR is the oncogenic direction, and most registry hits for the symbol are cancer trials using mTOR inhibitors as antitumour agents, not geroprotectors. CANCER SHIFT: Bitto 2016 defined a female dose that did NOT extend lifespan and was associated with a striking shift in cancer prevalence toward aggressive haematopoietic cancers and away from non-haematopoietic malignancies (https://doi.org/10.7554/eLife.16351) - a schedule-dependent harm, not a generic caveat, and it belongs on the card. SKIN: OpenGenes records skin as a deteriorated system in the female rapamycin cohort of https://doi.org/10.1093/gerona/glw064. IMMUNE: the human immune story is two-sided - a phase 2a infection-rate reduction (https://doi.org/10.1126/scitranslmed.aaq1564) followed by a failed phase 3 on symptomatic respiratory illness (https://doi.org/10.1016/S2666-7568(21)00062-3). Known human effects of chronic mTOR inhibition include mouth ulcers, hyperlipidaemia, glucose intolerance and impaired wound healing; PEARL excluded people with chronic open wounds for this reason. TRIAL ROWS: PEARL NCT04488601 is included as a human row per the AGENTS.md convention (NCT in reference_short, registry URL in doi). NCT05835999 (everolimus, University of Wisconsin, 106 participants) is deliberately NOT included as a row because it has not reported results - add it when it does. GENE vs DRUG: keep the distinction explicit - the 60% life-expectancy figure is a drug result in mice, the 20% median is the genetic hypomorph.

MANIPULATION DETAIL (moved from manipulation field, varchar(128) limit): partial loss of function - hypomorphic alleles expressing roughly 25% of wild-type mTOR; pharmacologically phenocopied by intermittent low-dose rapamycin started in middle age",,1
mupks_budgerigar,MuPKS,overexpression (feather-epithelium-restricted; the loss-of-function allele is the single substitution R644W),Expression,Polyene Pigment Synthesis,"Almost every bright yellow or red vertebrate is wearing borrowed colour. Flamingos, goldfinches, salmon flesh, the red of a house finch's breast: all of it is dietary carotenoid, absorbed from food and deposited, which is why a captive flamingo fades without supplemented feed. Parrots are the exception, and they had been the exception for a long time before anyone knew why. Parrot feathers are coloured by psittacofulvins, pigments found in no other bird lineage, and parrots make them themselves.

The gene was found through pet birds. Budgerigar breeders have maintained a recessive 'blue' line for a century, in which the yellow pigment is simply absent and the bird's structural blue shows through unmodified. Treating that as a Mendelian genetics problem, a genome-wide scan across wild-type and blue budgerigars put the locus in a single region of chromosome 1, and the causal change turned out to be one amino acid substitution in an enzyme nobody expected to find in a bird: a type I polyketide synthase, a class of enzyme normally associated with bacterial and fungal natural-product chemistry (Cooke 2017, https://doi.org/10.1016/j.cell.2017.08.016). Expressing the budgerigar enzyme in yeast produced the pigments, and mass spectrometry matched them to the compounds in real feathers.

For an enhancement library, the appeal is autonomy: colour that does not depend on what you ate. The catch is that the coding sequence is the cheap part. Chicken and crow both carry functional homologues of the same enzyme, and both are unpigmented by it, because what distinguishes the budgerigar is a colossal transcriptional upregulation in feather epithelium rather than a better enzyme. There is a further biological constraint that no amount of promoter engineering removes. The pigment is made in axial-plate keratinocytes that then die by programmed cell death as the feather barb splits open, so in the bird the pigment factory is a cell lineage that is built to terminate. Where the pigment would end up in a hairless, non-feathered animal is not something anyone has tested.","MuPKS lets parrots manufacture vivid yellow psittacofulvin pigments from basic metabolites instead of borrowing carotenoids from food. One amino-acid variant tracked the blue colour morph perfectly across 280 budgerigars, and expressing the working enzyme in yeast recreated feather pigments confirmed by mass spectrometry. Visible colour also requires the extraordinary feather-specific expression program that drives MuPKS hundreds to thousands of times harder than in other birds.","MuPKS is a metazoan type I polyketide synthase, a multidomain enzyme of the class better known from bacterial and fungal secondary metabolism. Instead of modifying a carotenoid taken from the diet, it condenses malonyl-coenzyme A (malonyl-CoA) units into linear conjugated polyene chains, the psittacofulvin pigments, synthesised de novo in feather epithelium. This is the reason parrots are the vertebrate exception: nearly all other bright yellow and red vertebrates require dietary carotenoid precursors, whereas a parrot manufactures its own chromophore. The loss-of-function allele behind the blue morph substitutes tryptophan for arginine at residue 644, inside the malonyl-CoA:acyl-carrier-protein transacylase (MAT) domain that loads the malonyl extender unit; the equivalent conserved arginine forms a salt bridge with the C-3 carboxylate of malonyl-CoA, and mutating that arginine to alanine caused a 100-fold decrease in MAT domain activity in recombinant human fatty-acid synthase. Colour output, however, depends on regulatory upregulation of the gene in feather epithelium and not on the coding sequence alone.","The genetic evidence is unusually clean for a pigmentation trait. Sanger sequencing of the R644W site across the full budgerigar sample set showed that all 162 WT birds had genotype R/R or R/W, whereas all 118 blue birds had genotype W/W, which is complete segregation of a coding variant with the phenotype under a recessive model in 280 genotyped animals (Cooke 2017, https://doi.org/10.1016/j.cell.2017.08.016). That variant was reached by mapping rather than by candidate guessing: reduced-representation genome sequencing of wild-type against blue birds localised the Mendelian blue locus to a single region of chromosome 1 with a highly significant association signal (p = 10 -72 , Fisher's exact test) (https://doi.org/10.1016/j.cell.2017.08.016). Messenger RNA sequencing of regenerating contour feathers then showed how hard the gene is being driven: expression of MuPKS is in the top 2.7% of genes genome wide, which the authors compare directly against KRT75, a structural feather keratin, at the top 1.1% (https://doi.org/10.1016/j.cell.2017.08.016). The cross-species comparison supplies the decisive control, because budgerigar MuPKS was expressed hundreds to thousands of times higher than its homologs in chicken and crow, neither of which shows psittacofulvin pigmentation despite carrying the gene (https://doi.org/10.1016/j.cell.2017.08.016). Finally, heterologous expression in yeast reconstituted pigment synthesis outright, with the products matched to feather pigments by mass spectrometry.","T5 (Mendelian mapping in 280 genotyped birds, complete allele segregation, plus heterologous reconstitution of pigment synthesis in yeast confirmed by mass spectrometry)","No mammalian expression of this enzyme has been attempted, so there is no evidence at all about whether a mouse or a human keratinocyte can carry the pathway. The yeast reconstitution establishes that the enzyme alone is sufficient to make the pigment in a eukaryotic cell, but the study reports no titre in milligrams per litre, so nobody knows how much pigment a heterologous host can actually accumulate. Deposition is the deeper unknown: in the bird the pigment may be transferred onto the growing feather from the axial plate rather than synthesised in place within the pigmented structure, which means an animal without feathers has no obvious equivalent route for getting the pigment where it would be visible. Because the phenotype is driven by transcript level rather than by protein sequence, recreating it requires a promoter and enhancer context that delivers hundreds-to-thousands-fold upregulation in the right cell layer, and no such regulatory cassette has been built.",Cooke Cell 2017 https://doi.org/10.1016/j.cell.2017.08.016,"There is no UniProt entry for MuPKS. Searching the NCBI protein records for Melopsittacus undulatus returns fatty-acid synthase and other unrelated entries rather than this enzyme, and there is no Protein Data Bank structure, so every structural claim about the malonyl-CoA:acyl-carrier-protein transacylase active site is an inference from homologous fatty-acid synthase rather than a solved parrot structure (https://doi.org/10.1016/j.cell.2017.08.016). The underlying sequencing data are public: reduced-representation and messenger RNA sequencing are deposited at the Sequence Read Archive under PRJNA378643 (https://www.ncbi.nlm.nih.gov/bioproject/PRJNA378643) and the chromatin-conformation data under PRJNA378785 (https://www.ncbi.nlm.nih.gov/bioproject/PRJNA378785). Melopsittacus undulatus is already represented in this database through the short-wavelength opsin card, but no pigment-synthesis gene from it was present before this entry. There is no commercial or clinical activity of any kind: a registry search for psittacofulvin returns no trials, and no supplier sells the enzyme or the pigment. It is worth separating this card from the melanin entry in the same library, which is a passive reactive-oxygen-scavenging polymer framed for radiation shielding; MuPKS is a biosynthetic route to a different polymer class, and it is chemical absorbance rather than the thin-film interference used by reflectin and tapetum cards.",,0
newtic1_newt,Newtic1,overexpression,Regeneration,Limb Regeneration,"The Japanese fire-belly newt (Cynops pyrrhogaster) can regenerate entire limbs, lenses, retina, and heart tissue throughout its life — a superpower lost in most vertebrates. Newtic1 is a newt-specific gene encoding a protein that triggers dedifferentiation of mature cells back into progenitor states, specifically through erythrocyte clumping at wound sites. It represents a molecular switch for regeneration that evolution has kept locked in mammals.","Newtic1 marks a remarkable salamander wound program in which nucleated red blood cells cluster inside the limb blastema and help organize regeneration. The protein localizes to distinctive structures along those cells' marginal band, linking a newt-specific orphan gene to the cellular scaffold of regrowing tissue. Its exact causal role remains unresolved, so the exciting capability belongs to the native regeneration system rather than to a proven single-gene switch.","Newtic1 protein promotes clumping of erythrocytes at wound sites in the lens regeneration zone, creating a cellular scaffold. It triggers dedifferentiation of terminally differentiated cells by activating stemness transcription factors, enabling re-entry into the cell cycle and subsequent transdifferentiation into the required tissue type.","Newtic1 expression is essential for lens regeneration in adult newts. Clumped erythrocytes expressing Newtic1 contribute to regenerating tissue. The gene has no orthologs outside urodele amphibians. The orphan gene Newtic1 was identified in erythrocyte clumps in the circulating blood and regenerating limbs of the adult newt (Casco-Robles 2018, https://doi.org/10.1038/s41598-018-25867-x), and Newtic1 protein was subsequently localised to globular structures along the marginal band of erythrocytes in the limb blastema (Chen 2022, https://doi.org/10.3390/biomedicines10112772). An earlier version of this record carried a single reference, https://doi.org/10.1038/srep36380, which is a clinical paper on transjugular intrahepatic portosystemic shunt for Budd-Chiari syndrome and has no bearing on newt regeneration.",T3,"No mammalian ortholog exists; full pathway may require multiple newt-specific factors. Risk of uncontrolled proliferation. Delivery to injury sites in a controlled, transient manner is critical.",Casco-Robles Scientific Reports 2018 https://doi.org/10.1038/s41598-018-25867-x | Chen Biomedicines 2022 https://doi.org/10.3390/biomedicines10112772,"Newtic1 is specific to urodele amphibians and involves erythrocyte clumping at wound sites, not lens regeneration directly.",,0
ngf_corneal_nerve,NGF (β-NGF),"Recombinant protein administration (cenegermin, rhNGF 20 µg/mL) — topical",Regeneration,Corneal Nerve Regrowth,"The cornea is the most densely innervated surface on the human body, and those nerves are not only there to hurt. Trigeminal sensory axons and the corneal epithelium keep each other alive: the epithelium releases nerve growth factor for the nerves, and the nerves release substance P and insulin-like growth factor 1 back for the epithelium. Cut that loop — by herpes simplex or zoster keratitis, by diabetes, by neurosurgery near the trigeminal ganglion — and you get neurotrophic keratitis: a cornea that cannot feel, will not re-epithelialise, and progresses through persistent defect to ulcer, corneal melt and perforation. Because the eye is numb, patients do not complain until the damage is advanced.

Cenegermin is recombinant human nerve growth factor put straight onto the ocular surface, six drops a day for eight weeks, replacing the missing ligand at the site where it is needed. Two double-masked vehicle-controlled trials — REPARO in Europe with 156 patients and NGF0214 in the United States with 48 — both hit their healing endpoints with masked central readers grading lesion closure (https://doi.org/10.1016/j.ophtha.2018.02.022, https://doi.org/10.1016/j.ophtha.2019.08.020). A 2026 meta-analysis of the pair reports a pooled relative risk of 1.84 for complete healing and rates the certainty of the evidence moderate under GRADE (https://doi.org/10.1177/25158414261460347). It reached market as OXERVATE, the first topical biologic for the condition.

The pharmacological irony is worth sitting with. Nerve growth factor is the canonical pain neurotrophin, and one of the larger analgesia programmes of the last two decades — tanezumab and its relatives — consisted of antibodies designed to neutralise exactly this protein in osteoarthritic joints. Here the same molecule is deliberately supplied, and the desired effect and the side effect are the same biology: an eye that can feel again is an eye that can hurt again. A cenegermin trial in neuropathic corneal pain at Tufts was withdrawn (https://clinicaltrials.gov/study/NCT05700864). Phase 3 work continues in persistent corneal epithelial defects of other causes and, delivered intranasally, in ischaemic optic neuropathy.","Nerve growth factor can restart the reciprocal repair loop between corneal nerves and surface cells, restoring sensation while closing ulcers that otherwise refuse to heal. In the pivotal US trial, 16 of 23 cenegermin-treated patients healed versus 7 of 24 on vehicle; pooled trials give an NNT of about 3. The treatment is approved as OXERVATE, and renewed nerve function can also bring eye pain back.","Beta nerve growth factor (β-NGF) is a neurotrophin translated as a 241-amino-acid pro-form and secreted as a homodimer, signalling through the high-affinity receptor tropomyosin receptor kinase A (TrkA, encoded by NTRK1) and the low-affinity receptor p75NTR. On the ocular surface the trigeminal sensory axons and the corneal epithelium run a reciprocal trophic loop: epithelium-derived NGF sustains the nerves, while nerve-derived substance P and insulin-like growth factor 1 (IGF-1) sustain the epithelium. Damage to the trigeminal pathway from herpes simplex or zoster keratitis, diabetes or neurosurgery breaks that loop and produces neurotrophic keratitis, an anaesthetic cornea that fails to re-epithelialise and progresses to ulceration, melt and perforation. Topical recombinant human NGF (cenegermin) supplies the missing ligand directly, driving TrkA-dependent axonal regrowth from the surviving subbasal nerve plexus together with epithelial proliferation and wound closure. This is regeneration rather than lubrication, and the endpoints reflect that: the trials measured lesion closure and recovery of corneal sensitivity (https://doi.org/10.1016/j.ophtha.2018.02.022).","In REPARO, a multicentre randomised double-masked vehicle-controlled trial of 156 patients with stage 2 or stage 3 neurotrophic keratitis in one eye treated with six drops a day for eight weeks, at week 4 (primary end point), 19.6% of vehicle-treated patients achieved corneal healing (<0.5-mm lesion staining) versus 54.9% receiving rhNGF 10 μg/ml (+35.3%; 97.06% CI, 15.88-54.71; P < 0.001) and 58.0% receiving rhNGF 20 μg/ml (+38.4%; 97.06% CI, 18.96-57.83; P < 0.001), and at week 8, 43.1% of vehicle vs 74.5% receiving 10 μg/ml (+31.4%; 97.06% CI, 11.25-51.49; P = 0.001) and 74.0% receiving 20 μg/ml (+30.9%; 97.06% CI, 10.60-51.13; P = 0.002); more than 96% of patients who healed remained recurrence free during follow-up (https://doi.org/10.1016/j.ophtha.2018.02.022). The pivotal US trial NGF0214 replicated this across 11 sites in 48 patients: compared to 7 of 24 vehicle-treated patients (29.2%), 16 of 23 cenegermin-treated patients (69.6%) achieved less than 0.5 mm of lesion staining (+40.4%; 95% CI, 14.2%-66.6%; P = 0.006), and by the conservative measure, compared to 4 of 24 vehicle-treated patients (16.7%), 15 of 23 cenegermin-treated patients (65.2%) achieved 0 mm of lesion staining and no other residual staining (+48.6%; 95% CI, 24.0%-73.1%; P < 0.001) (https://doi.org/10.1016/j.ophtha.2019.08.020). Pooling both trials across 148 adults gave a pooled RR of 1.84 (95% CI 1.34-2.52; z = 3.8; p = 0.0001) for complete corneal healing at 8 weeks, a model-based pooled risk difference of 0.42 (95% CI 0.24-0.60), an NNT of 3 (95% CI 2-5), crude pooled event rates of 72.6% cenegermin versus 38.7% vehicle, and a pooled RR for any adverse event of 1.07 (95% CI 0.64-1.78; p = 0.80), with zero heterogeneity and moderate GRADE certainty (https://doi.org/10.1177/25158414261460347). Post-approval use held up in a prospective Chinese phase IV cohort of 28 patients, where 22/26 (84.6%, 95% confidence interval 65.1-95.6%; 2 missing) achieved corneal healing at week 8, 3/22 (13.6%) reported recurrence during 48-week follow-up but 20/22 (90.9%) were healed at week 56, while 2/28 (7.1%) experienced lesion worsening during 8-week treatment (https://doi.org/10.1007/s40123-025-01253-5).","T10 (two positive double-masked RCTs, moderate-GRADE meta-analysis, EMA and FDA approved and sold today)","The biology is settled for this indication, so what is missing is mostly access and scope. Cenegermin is among the most expensive topical drugs per course of treatment, and a 2025 review of NGF therapeutics lists high treatment cost, limited long-term data and potential proangiogenic effects on the ocular surface as the unresolved issues. Healing is not permanent in everyone: 3 of 22 healed patients (13.6%) relapsed during 48-week follow-up in the phase IV cohort (https://doi.org/10.1007/s40123-025-01253-5). The regenerative claim is currently proven only where trigeminal denervation is the cause, because the trials that would extend it to persistent corneal epithelial defects of other aetiology (https://clinicaltrials.gov/study/NCT07519902) and to optic-nerve disease by the intranasal route (https://clinicaltrials.gov/study/NCT07453888) are both still recruiting. And because the drug is deliberately topical, nothing here tells us what supplying NGF would do to the TrkA-bearing sensory and sympathetic neurons of the rest of the body.",Bonini Ophthalmology 2018 https://doi.org/10.1016/j.ophtha.2018.02.022 | Pflugfelder Ophthalmology 2020 https://doi.org/10.1016/j.ophtha.2019.08.020 | Faroog Therapeutic Advances in Ophthalmology 2026 https://doi.org/10.1177/25158414261460347 | Li Ophthalmology and Therapy 2025 https://doi.org/10.1007/s40123-025-01253-5,"The direction of every listed trial was checked: all of them administer NGF as the therapeutic agent, which is the opposite of the large anti-NGF analgesia programmes such as tanezumab and fasinumab that were built to block the same protein in osteoarthritic joints. That opposition is the tradeoff rather than a contradiction in the data, and it is worth surfacing on the card. Two registered studies must not be read as evidence of benefit because neither ever ran: the neuropathic corneal pain trial at Tufts Medical Center was withdrawn (https://clinicaltrials.gov/study/NCT05700864), as was a study of corneal thickness by anterior-segment optical coherence tomography (https://clinicaltrials.gov/study/NCT06411145). The safety profile in real-world use is heavier than the pooled adverse-event risk ratio suggests: in the Chinese phase IV cohort 25 of 28 patients (89.3%) had at least one treatment-emergent adverse event and 10 (35.7%) had serious ones, though none were assessed as related to cenegermin, and eye pain was the most common drug-related event at 5 of 28 (17.9%) (https://doi.org/10.1007/s40123-025-01253-5). Commercially this is the one entry in the Regeneration set that a person can be prescribed today: Dompé Farmaceutici markets it as OXERVATE (cenegermin-bkbj) 0.002% ophthalmic solution, approved by the European Medicines Agency in 2017 and the US Food and Drug Administration in 2018 with orphan designation, dosed at 20 µg/mL six times daily for eight weeks (https://www.dompe.com).",,1
nudt1_mth1_tg,NUDT1 (MTH1),"overexpression (human MTH1 transgene, approximately 40 genomic copies)",Stress Resistance,Oxidative Shield,"Almost every antioxidant gene in this library works on damage after it lands. MTH1 works one step earlier, on the parts bin. Respiration oxidises the free nucleotide pool, producing 8-oxo-dGTP and 8-oxo-GTP, and if a polymerase picks one of those up it gets copied into DNA or RNA as a mutation or a mistranslation. MTH1 is a hydrolase that degrades those oxidised triphosphates before they can be used, excluding 8-oxoguanine from nucleic acids at source. De Luca and colleagues built mice carrying the human enzyme at high copy number and measured what a cleaner nucleotide pool buys. Steady-state 8-oxoguanine fell in both nuclear and mitochondrial DNA across several organs including brain, and the age-dependent accumulation of DNA 8-oxoguanine seen in wild-type mice was prevented outright. The transgenics lived significantly longer than their wild-type littermates. What makes the result mechanistically clean is what did NOT change: neither lipid oxidation nor overall antioxidant status was significantly affected, so the lifespan effect is attributable to nucleic-acid purity rather than a general shift in redox tone. At the cellular level, neurospheres from adult transgenic neural progenitors proliferated better and transgenic embryonic fibroblasts did not undergo overt senescence in culture. The behavioural phenotype is unusual for a longevity mouse: reduced anxiety and increased investigation of environmental and social cues.","Respiration oxidises the free nucleotide pool, and a hydrolase that destroys oxidised guanine building blocks keeps them from ever being copied into DNA or RNA. Mice carrying roughly 40 extra copies of the human enzyme showed 16.0% longer median lifespan in the OpenGenes record, lower 8-oxoguanine in nuclear and mitochondrial DNA, and better neural progenitor proliferation. Every human programme for this enzyme is an inhibitor for cancer, the opposite direction.","NUDT1 encodes a 156-residue, 18.0 kDa Nudix-family hydrolase (also called MTH1, 8-oxo-dGTPase). It hydrolyses 8-oxo-dGTP, 8-oxo-GTP and 2-hydroxy-dATP to the corresponding monophosphates, which cannot be incorporated by polymerases. This is sanitisation of the precursor pool rather than repair of the polymer: by removing oxidised triphosphates before use it prevents 8-oxoguanine from ever entering nuclear or mitochondrial DNA or RNA, complementing the excision-repair enzyme OGG1 which removes the lesion after incorporation. The enzyme is compact, almost fully ordered (1.3% low-confidence residues by AlphaFold pLDDT) and structurally very well characterised with 119 PDB entries. The knockout combination Mth1/Ogg1 double-null accumulates 8-oxoguanine and shows impaired dentate gyrus neurogenesis, the mirror image of the transgenic phenotype.","De Luca 2013 (Aging Cell): hMTH1-Tg mice expressing high levels of the human hydrolase had significantly lower steady-state 8-oxoguanine in both nuclear and mitochondrial DNA of several organs including brain, and the age-dependent accumulation of DNA 8-oxoguanine seen in wild-type mice was prevented; the transgenics lived significantly longer than wild-type littermates. OpenGenes records this cohort (pooled sexes, C57BL/6, +40 transgene copies) at +16.0% median lifespan, with +5.3% minimum and +16.0% maximum. Neither lipid oxidation nor overall antioxidant status was significantly changed, isolating the effect to nucleic-acid oxidation. Neurospheres from adult transgenic neural progenitors showed increased proliferative capacity and transgenic embryonic fibroblasts did not undergo overt senescence in vitro; the mice showed reduced anxiety and enhanced investigation of environmental and social cues. Haruyama 2019 (Prog Neurobiol) provides the loss-of-function mirror: Mth1/Ogg1 double knockouts accumulate 8-oxoguanine with impaired dentate-gyrus neurogenesis and behavioural deficits, and hMTH1-Tg females showed markedly enhanced locomotor activity with age.","T5 (mouse germline transgenic with a lifespan endpoint plus organ-level lesion quantification in nuclear and mitochondrial DNA, a matching double-knockout loss-of-function mirror from an independent group, and cellular proliferation and senescence assays; one lifespan cohort, no human intervention in this direction)","The lifespan arm is a single transgenic cohort and the source paper reports statistical significance rather than a per-sex percentage breakdown - the +16.0% median figure comes from the OpenGenes extraction of that cohort, and no independent laboratory has run a second survival study. Copy number is a problem for translation: this is roughly 40 genomic copies of the human gene present from conception, a dose no vector delivers and one that cannot be titrated after the fact. The direction is also the reverse of every human programme on this gene. MTH1 inhibitors such as karonudib were developed precisely because cancer cells depend on nucleotide-pool sanitisation to survive their own oxidative stress, so the entire clinical pharmacology of NUDT1 exists to shut the enzyme off. That raises the specific oncological question this card cannot answer: whether lifelong supra-physiological MTH1 activity protects a transformed cell as effectively as it protects a neuron. Human evidence for MTH1 overexpression is zero.","De Luca Aging Cell 2013 https://doi.org/10.1111/acel.12094 | Haruyama Prog Neurobiol 2019 https://doi.org/10.1016/j.pneurobio.2019.04.002 | Oksvold Sci Rep 2021 (karonudib MTH1 inhibitor, opposite direction) https://doi.org/10.1038/s41598-021-85613-8","DIRECTION: enhancement is MORE MTH1. Note explicitly that all human clinical development (karonudib/TH1579) is INHIBITION for oncology - the same trap as GDF15 in the existing library, and card copy must say so. STATISTIC: the paper states 'live significantly longer' without a percentage; +16.0% median is the OpenGenes value for this cohort and is labelled as such everywhere in this pack. The OpenGenes _min for this row is +5.3% and is the minimum-lifespan statistic, not a range bound. FULL TEXT: the Aging Cell full text was not retrievable this session (closed access, no PMCID); all numbers here come from the publisher abstract, which is detailed, plus the OpenGenes row. Flagged for the curator - do not add numbers to this pack without the PDF. CATEGORY: placed in Stress Resistance under Oxidative Shield beside G6PD and FTH1B rather than Longevity & Genome, both because the mechanism is oxidative defence and because L&G is at 24 of 85 playable.",Longevity & Genome,1
oil_droplet_apocarotenoid,BCO2 / RDH12 / RETSAT (apocarotenoid oil-droplet pathway),Three-enzyme pathway co-expression (defined multi-gene program),Perception,Tunable Retinal Colour Filters,"Bird cones each carry a droplet of oil at their tip, coloured red, yellow or clear, sitting exactly where light must pass on its way to the visual pigment. For decades these were understood as filters that sharpen the boundaries between cone classes, but nobody knew what the pale ones were made of or how a retina built them. Toomey and colleagues worked out both. The relevant pigments are apocarotenoids, cleavage products of the dietary carotenoid zeaxanthin, and the retina makes them with three enzymes acting in sequence: beta-carotene oxygenase 2 cuts zeaxanthin, a retinol dehydrogenase reduces the fragment to galloxanthin, and retinol saturase saturates one bond to give dihydrogalloxanthin (https://doi.org/10.7554/eLife.15675). They proved the route by assembling it in cultured human kidney cells: the first enzyme alone gave a product absorbing at 449 nm, adding the second gave galloxanthin, and adding the third, cloned from zebra finch, gave the finished dihydrogalloxanthin. Then they asked what the filter is for, by modelling colour discrimination across 18 bird species and letting the droplet's cutoff wavelength vary freely. The model settled on 425.1 +/- 6.5 nm for ultraviolet-sensitive birds and 457.4 +/- 9.7 nm for violet-sensitive ones, and those optima landed within 2 per cent of the number of discriminable colours the real birds achieve. In other words the retina has tuned its internal filters to match its own opsins almost exactly, and shifting the ratio of the two apocarotenoids is how it does the tuning. This is a striking thing to consider installing in a human eye, because it is not a new photopigment but a new piece of optics grown inside a cell, and it only pays off if the pigment behind it has been moved to match. It is also the one candidate here whose failure mode is chemical: the first enzyme normally exists to destroy carotenoids, and blocking that job elsewhere in the body has consequences of its own.","This three-enzyme pathway builds tunable colour filters inside bird cone cells, sharpening separation between neighbouring photoreceptors before light reaches their opsins. Models across 18 species estimate about 8.24 million discriminable colours in ultraviolet-sensitive birds versus 5.18 million in violet-sensitive birds, and the full chemistry was rebuilt in human kidney cells. Mammalian cones lack the oil-droplet compartment needed to position and sequester the filter.","This is a defined three-enzyme program acting on dietary zeaxanthin. Beta-carotene oxygenase 2 (BCO2) cleaves zeaxanthin to 3-hydroxy-10'-apo-beta-caroten-10'-al; retinol dehydrogenase 12 (RDH12) reduces that aldehyde to the alcohol galloxanthin; and retinol saturase (RETSAT) saturates the 11',12' bond to yield 11',12'-dihydrogalloxanthin. Both apocarotenoids accumulate inside the C-type oil droplet of the short-wavelength-sensitive 2 (SWS2) cone and of the double cone, where they function as intracellular short-pass spectral filters positioned upstream of the visual pigment. Changing the ratio of galloxanthin to dihydrogalloxanthin moves the droplet's spectral cutoff wavelength, and that mobile cutoff is what keeps the SWS2 cone spectrally adjacent to an SWS1 cone whose own peak has been shifted into either the ultraviolet or the violet. Transcript levels of all three enzymes rise significantly across retinal development, tracking the accumulation of the apocarotenoids themselves.","The pathway was rebuilt from its parts in cultured human kidney cells. Cells expressing beta-carotene oxygenase 2 alone yielded a product with a characteristic single absorbance peak at 449 nm; adding retinol dehydrogenase 12 yielded galloxanthin; and adding zebra finch retinol saturase, with zeaxanthin supplied in the medium, yielded dihydrogalloxanthin, establishing that these three enzymes are sufficient to produce dihydrogalloxanthin from zeaxanthin (Toomey 2016, https://doi.org/10.7554/eLife.15675). Measurement of the natural droplet backed this up: the C-type oil droplet of the violet-sensitive chicken contained galloxanthin with a peak absorbance at 402 nm plus an apocarotenoid of undetermined structure peaking at 380 nm, with the fitted spectra consisting primarily of galloxanthin and dihydrogalloxanthin and every other carotenoid contributing 9 per cent or less to the best fit. Receptor-noise-limited discrimination modelling in bright light, sweeping the droplet cutoff from 370 to 500 nm in 6 nm steps, found an optimal cutoff of 425.1 +/- 6.5 nm for the 11 ultraviolet-sensitive species against 457.4 +/- 9.7 nm for the 7 violet-sensitive ones, a significant difference (t = -7.78, p = 2.13 x 10^-5), and the modelled optima differed from the birds' actual parameters by only 2 per cent in the number of discriminable colours. Using each species' real measured parameters, ultraviolet-sensitive birds came out at 8.24 +/- 1.77 x 10^6 discriminable colours against 5.18 +/- 1.03 x 10^6 for violet-sensitive birds (t = 4.74, p = 0.00021, https://doi.org/10.7554/eLife.15675).","T4 (biochemical reconstitution of the full pathway in HEK293 cells, chemical identification of the apocarotenoids by HPLC and derivatization, a developmental expression time course, and colour-vision modelling across 18 species)","Mammalian retinas contain no oil droplets and offer no organelle that could hold apocarotenoids in the light path of a single cone, so the filter has nowhere to sit even if the enzymes worked. Making galloxanthin without a droplet to sequester it invites the opposite problem, because beta-carotene oxygenase 2 normally degrades carotenoids and losing that function lets them build up. Human vision is trichromatic, which means there is no fourth cone class for a matched filter to serve, while the modelled discrimination gain assumes a tetrachromatic cone mosaic throughout. No animal of any kind has been engineered to gain an oil droplet, so the entire phenotype rests on biochemistry in a dish plus modelling of wild birds.",Toomey eLife 2016 https://doi.org/10.7554/eLife.15675 | Twyman BMC Evolutionary Biology 2018 https://doi.org/10.1186/s12862-018-1136-y,"The reconstitution was assembled across species and the record should say so plainly: beta-carotene oxygenase 2 and retinol dehydrogenase 12 were cloned from 21-day-old chicken retina, and only retinol saturase came from adult zebra finch retina, which is why the zebra finch is listed here as the ultraviolet-sensitive source species (Toomey 2016, https://doi.org/10.7554/eLife.15675). The 402 nm galloxanthin peak was likewise measured in the violet-sensitive chicken rather than in a UV-sensitive bird. Two facts should temper any enthusiasm for installing this. First, deficiency of beta-carotene oxygenase 2 in mouse or zebrafish produces over-accumulation of carotenoids that induces oxidative stress and cell death, so the pathway is only benign where its products are captured and sequestered in a droplet as they are in the avian retina. Second, the filter has to match its opsin: giving an ultraviolet-sensitive visual system a violet-type C-type droplet produces a spectral blind spot between 400 and 450 nm where discrimination is substantially reduced, so a mismatched installation makes vision worse. Structural and sequence resources are thin. There is no experimental structure for any of the three enzymes; UniProt carries zebra finch BCO2 as H0YPV0 (https://www.uniprot.org/uniprotkb/H0YPV0) and zebra finch RETSAT as H0YZL4 (https://www.uniprot.org/uniprotkb/H0YZL4), both with AlphaFold models, while a gene-name search returned no chicken RDH12 entry. No trial exists. Registry searches on astaxanthin and retina return only oral antioxidant supplement studies in diabetic retinopathy and age-related macular degeneration, for instance NCT02062034 (https://clinicaltrials.gov/study/NCT02062034) and NCT03702374 (https://clinicaltrials.gov/study/NCT03702374) from the University of Guadalajara; those are carotenoid supplementation trials with no relationship to expressing this pathway, and they are recorded only to document the direction check. The 2018 comparative study extends the developmental and evolutionary picture (Twyman 2018, https://doi.org/10.1186/s12862-018-1136-y).",,0
opn5_deep_brain,OPN5 (Opsin 5 / neuropsin),Overexpression in cerebrospinal-fluid-contacting hypothalamic neurons,Perception,Deep-Brain Light Sensing,"Birds do not need their eyes to know what season it is. Blinded ducks and pinealectomised quail still answer lengthening days by growing their gonads, an observation that left a century-old question open: what inside the brain is catching the light? Nakane and colleagues at Nagoya (https://doi.org/10.1073/pnas.1006393107) answered it in 2010 by finding Opsin 5, also called neuropsin, in neurons of the paraventricular organ, cells that push a process into the third ventricle and sit directly in the cerebrospinal fluid, with fibres running to the median eminence beside the pars tuberalis. Expressed on its own in frog oocytes, the quail protein turned light into membrane current with a peak sensitivity near 420 nm, in the violet and near-ultraviolet. Then came the experiment that makes the trait real rather than suggestive. Quail had both eyes patched and the pineal gland removed, and were given two weeks of long days under ultraviolet-B, ultraviolet-A or blue light; their testes grew about as much as under ordinary white light. With every classical photoreceptive organ taken out of the loop, light was still arriving at the hypothalamus and being read there. The pathway it feeds is neuroendocrine rather than visual. Light-activated paraventricular neurons signal to the pars tuberalis, which switches on thyroid-stimulating hormone; that hormone induces type 2 deiodinase in the tanycytes lining the third ventricle, which converts thyroxine into the active thyroid hormone locally and opens the seasonal cascade that ends in gonadal growth. Installed in a human, this would be a photometer wired straight to the reproductive axis and buried under bone and hair, a sense whose sensitivity depends far less on the molecule than on how much violet light a skull lets through.","OPN5 gives birds a light sensor inside the brain, converting violet light near 420 nm into a seasonal neuroendocrine signal without relying on vision. Even with eyes patched and the pineal gland removed, quail exposed to long days of ultraviolet or blue light still grew their testes about as strongly as birds under white light. In a large mammal, the main obstacle is delivering enough short-wavelength light through scalp, skull, and brain.","Opsin 5 (OPN5), also called neuropsin, is an opsin-family G-protein-coupled receptor. In quail it is expressed in neurons of the paraventricular organ (PVO), a cluster whose cells contact the cerebrospinal fluid of the third ventricle and send fibres to the external zone of the median eminence next to the pars tuberalis (PT). Light absorbed by these PVO neurons is relayed to the pars tuberalis, which induces thyroid-stimulating hormone (TSH); PT-derived TSH in turn induces type 2 deiodinase (DIO2) in the tanycytes lining the third ventricle, and DIO2 converts the prohormone thyroxine (T4) into the active hormone triiodothyronine (T3) locally inside the hypothalamus, triggering the photoperiodic neuroendocrine cascade that ends in gonadal growth. Heterologous expression establishes that the molecule itself is the sensor rather than a downstream relay: quail OPN5 in Xenopus oocytes produces light-dependent membrane currents whose action spectrum matches a retinal-based pigment.","Quail Opsin 5 expressed in frog oocytes and recorded under two-electrode voltage clamp produced light-dependent membrane currents whose action spectrum closely matched that predicted for a retinal1-based pigment with a peak sensitivity at about 420 nm, measured as 419 nm and 418 nm in two independent experiments (Nakane 2010, https://doi.org/10.1073/pnas.1006393107). The same recordings put a size on the response: the saturated current evoked by full-strength white light had a mean amplitude of 22 microamps, which the authors used as the ceiling when fitting the dose-response measured at 375 nm to a Hill function. The whole-animal test was the decisive one. Quail were eye-patched and pinealectomized, removing both retina and pineal organ from the light path, then held on a long-day schedule of 20 hours light and 4 hours dark for two weeks under ultraviolet-B, ultraviolet-A or blue light. Long-day stimulation with each of these short wavelengths induced testicular growth of a magnitude the authors describe as similar to that observed in birds exposed to white light at 600 lux (https://doi.org/10.1073/pnas.1006393107). Because the classical photoreceptive organs had been surgically excluded, the result places a functioning photoreceptor inside the brain itself rather than in any eye.","T4 (in vivo avian physiology with surgical controls, eye-patched and pinealectomized, plus a heterologous action spectrum; no mammalian gain-of-function transfer)","Mammals do carry OPN5, with human accession Q6U736 and mouse Q6VZZ7, and they express it in the retina, the skin and the preoptic area, but no mammal has been shown to run seasonal reproduction off a deep-brain photoreceptor, so the circuit the quail data describe has no established mammalian counterpart. The limiting step in a human is optical rather than molecular: a thick skull, a large brain and hair attenuate violet and near-ultraviolet light heavily, and this receptor peaks near 420 nm, precisely where that attenuation bites hardest. Nobody has overexpressed OPN5 in a mammalian hypothalamus and demonstrated that the resulting neurons detect light, and nobody has shown what a mammalian brain would do with such a signal if it did arrive.",Nakane Proceedings of the National Academy of Sciences 2010 https://doi.org/10.1073/pnas.1006393107,"The action spectrum rests on two independent measurements that returned 419 nm and 418 nm, which the authors summarise as approximately 420 nm (Nakane 2010, https://doi.org/10.1073/pnas.1006393107). That figure sits awkwardly beside the older literature the same authors cite: earlier action spectra for the quail photoperiodic response reported a peak around 483 to 492 nm, and Oishi had shown that 350 nm light also induced testicular growth. The authors accordingly describe Opsin 5 as one of the deep-brain photoreceptive molecules rather than the only one, and note that the spectral sensitivities of avian melanopsin and vertebrate-ancient (VA) opsin were still undetermined when they published. No human trial administers or targets OPN5. A registry keyword search returned only NCT06094504, 'Spectral Lighting and Intestinal Failure' at Cincinnati Children's, enrolling by invitation (https://clinicaltrials.gov/study/NCT06094504); it is a spectral-lighting intervention that neither administers nor measures OPN5, and it is recorded here purely to document that the registry holds no genuine OPN5 trial, not as supporting evidence. No experimental structure of OPN5 exists; the quail sequence used here is UniProt D9N3D0 (https://www.uniprot.org/uniprotkb/D9N3D0).",,1
osk_partial_reprog,OCT4 / SOX2 / KLF4 (OSK),Doxycycline-gated polycistronic transgene program (partial reprogramming; c-Myc deliberately omitted),Longevity & Genome,Epigenetic Age Reset,"In 2006 Takahashi and Yamanaka showed that four transcription factors can walk an adult cell all the way back to an embryonic state (https://doi.org/10.1016/j.cell.2006.07.024). That is too far. A liver cell that forgets it is a liver cell is not rejuvenated, it is a tumour risk. The idea behind partial reprogramming is to start the journey and stop early — to erase the epigenetic marks a cell has accumulated over a lifetime while leaving its identity intact.

Yuancheng Lu and David Sinclair's group at Harvard Medical School built the minimum viable version: three of the four factors, with c-Myc deliberately omitted, packed as a single polycistron into one viral particle and placed behind a switch that only opens while the animal is receiving doxycycline. They injected it into the eye, because the retina lets you measure whether something worked by asking the animal what it can see.

It worked in three separate ways. After the optic nerve was crushed, twice as many retinal ganglion cells survived in 12-month-old mice — as many as in young ones. In middle-aged retinas, around 90% of the 464 genes that had drifted with age snapped back to their five-month-old levels. And most striking, in a glaucoma model where treatment was deliberately withheld until axons and cells had already been lost, the treated eye rebuilt its axon density to match the healthy eye and the animal recovered about half of its lost visual acuity. Read that number carefully: it is a return toward the pre-treatment baseline, not a doubling of normal vision.

The mechanism is not cell replacement — no new retinal ganglion cells appeared. It is demethylation, and it depends on the enzymes that do the erasing: knocking down either TET1 or TET2 abolishes the effect. Stoichiometry mattered too, in a way that reads like a warning to anyone reproducing it: delivering the three factors in three separate viruses did nothing at all for axon regeneration. Life Biosciences has taken this construct into a first-in-human Phase 1 for glaucoma and ischemic optic neuropathy, which makes this the library's only card with a recruiting anti-ageing trial — and the reason the 18-month-old mouse failure matters, because the human patients are old.","A temporary OCT4-SOX2-KLF4 program can reset youthful gene regulation without erasing a cell's identity. In middle-aged mouse retinas, about 90% of age-shifted genes moved toward young levels; treatment doubled retinal-ganglion-cell survival after injury and restored about half the lost visual acuity in a glaucoma model. A first-in-human eye study is recruiting, while strict dosing and age limits matter because reprogramming must stop before dedifferentiation.","Three of the four Yamanaka factors — Oct4 (Pou5f1), Sox2 and Klf4, collectively OSK — are delivered as a single polycistron inside one adeno-associated virus (AAV) particle, under a tetracycline-response-element promoter, so expression switches on when the animal receives doxycycline and switches off when it does not. Omitting c-Myc and keeping induction partial is what prevents full dedifferentiation. OSK then drives active DNA demethylation through the ten-eleven translocation dioxygenases TET1 and TET2 — knockdown of either abolishes the effect — and through thymine DNA glycosylase (TDG)-dependent base excision, restoring youthful methylation across an ageing signature of 1,226 CpG sites and re-inducing Stat3. The mechanism is erasure of accumulated epigenetic noise rather than replacement of cells: treated 12-month-old mice showed no increase in retinal ganglion cell number and no increase in axon density beyond restoration, and no evidence of retinal ganglion cell proliferation was found.","Retinal ganglion cells were purified by fluorescence-activated cell sorting from 12-month-old mice, treated or untreated with four weeks of doxycycline-induced OSK, and compared by RNA sequencing against cells from 5-month-old young mice: 464 genes had been altered during ageing (268 downregulated, 196 upregulated), and remarkably, around 90% of them were restored to youthful levels by OSK treatment (Lu 2020, https://doi.org/10.1038/s41586-020-2975-4). In the optic-nerve-crush injury model, OSK treatment doubled retinal ganglion cell survival in 12-month-old mice, similar to what was observed in 1- and 3-month-old mice, and the effect required all three genes delivered as a polycistron within the same AAV particle — separate monocistronic viruses gave no effect on axon regeneration (Lu 2020, https://doi.org/10.1038/s41586-020-2975-4). The functional endpoint came from a glaucoma model in which intraocular pressure was raised with microbeads for 21 days and the vector was injected only 3–4 weeks later, after axonal density and cell number had already significantly declined: OSK-treated glaucomatous eyes showed a restoration in axon density equivalent to that in the non-glaucomatous eyes and a significant increase in visual acuity relative to the pre-treatment baseline, restoring about half of visual acuity in the optomotor response assay, with a concordant improvement in the pattern electroretinogram (Lu 2020, https://doi.org/10.1038/s41586-020-2975-4). The effect is not confined to mouse cells: nine days after damage, the neurite area was 15-fold greater in rejuvenated OSK-transduced human neurons than in controls, and that recovery was blocked by Tet2 knockdown but not by mTOR inhibition with rapamycin (Lu 2020, https://doi.org/10.1038/s41586-020-2975-4). For scale against the alternative route to the same endpoint, conditional deletion of the growth suppressor PTEN in adult mouse retinal ganglion cells left around 45% surviving two weeks after injury versus around 20% in controls, with 8 to 10% of survivors regenerating axons beyond 0.5 mm and some extending beyond 3 mm (Park 2008, https://doi.org/10.1126/science.1161566).","T6 (mouse gene therapy with functional vision endpoints in two injury models, human neurons in vitro, plus an actively recruiting first-in-human Phase 1 of the same three-factor construct)","The human study is a single-dose Phase 1 whose stated endpoints are safety and tolerability in 18 participants (https://clinicaltrials.gov/study/NCT07290244), so no efficacy claim exists in humans and none should be read into it. All the animal efficacy data are eye-only; every other tissue is untested by this delivery route. The nonhuman-primate data on non-arteritic anterior ischemic optic neuropathy that supported the investigational new drug application were presented at company conferences rather than published as a peer-reviewed paper with an extractable effect size, so the strongest primate evidence cannot be cited to a DOI and this exhibit says so rather than implying published primate efficacy. The failure in 18-month-old mice is unexplained and it matters, because glaucoma and ischemic optic neuropathy are diseases of older people; the upper age boundary of the intervention has not been mapped. Expression also has to be gated, which means the therapy depends on a companion small molecule: participants take systemic doxycycline for 8 weeks to switch the factors on. The trial follows participants for up to 5 years precisely because the long-term consequences of persistent reprogramming factor expression in the human retina have not been measured.",Lu Nature 2020 https://doi.org/10.1038/s41586-020-2975-4 | Park Science 2008 https://doi.org/10.1126/science.1161566 | Sun Nature 2011 https://doi.org/10.1038/nature10594 | Karg Cellular Reprogramming 2023 https://doi.org/10.1089/cell.2023.0074,"The effect depends on active demethylation rather than generic growth-factor signalling, and the authors pinned that down genetically: knocking down either TET1 or TET2 blocks OSK's ability to raise Stat3 messenger RNA, promote retinal ganglion cell survival and support axon regeneration (Lu 2020, https://doi.org/10.1038/s41586-020-2975-4). Stoichiometry is not a detail — co-delivering the three factors in separate monocistronic viruses produced no effect on axon regeneration at all, so anyone reproducing this must use a single polycistronic construct. On safety, after 10–18 months of continuous OSK induction the authors observed no increase in tumour incidence, which is the reassuring counterweight to the fact that continuous expression of all four factors in normal mice often induces teratomas or is fatal within days; AAV9 was chosen for the systemic long-term arm specifically because its weak tropism for the digestive system avoids the dysplasia and weight loss seen in transgenic models. One number is easy to misread and should not be: 'restoring about half of visual acuity' is a return toward the pre-treatment baseline in the microbead glaucoma model, not a doubling of normal vision. The direction check on the trial is clean — ER-100 administers OSK as the therapy, in the same pro-regenerative direction this library frames it, and the registry record states that it does not alter the participant's existing genes (https://clinicaltrials.gov/study/NCT07290244). The PTEN comparison (Park 2008, https://doi.org/10.1126/science.1161566) is included as a benchmark effect size for the same optic-nerve-crush assay, not as a candidate enhancement: PTEN loss is a tumour-suppressor knockout and was rejected as a standalone card for that reason. The reviewed UniProt accession used here, P20263, is the mouse Pou5f1 (OCT4) entry, matching the species of the experiments; the human Phase 1 uses the human orthologs of all three factors.",Regeneration,1
pappa_ko,PAPPA,"loss-of-function knockout, including tamoxifen-inducible deletion in 5-month-old adults",Longevity & Genome,Growth Signal Damping,"Most attempts to get the longevity benefit of reduced growth signalling wreck the animal on the way, because they cut the hormone or its receptor and the mouse is born small. PAPP-A is the exception. It is a secreted zinc metalloprotease that sits in tissue, not in the bloodstream's control loop, and its job is to cut IGF-binding proteins so that locally trapped IGF-1 is released where it is needed. Delete it and circulating IGF-1 stays normal while local IGF action falls. Cheryl Conover's group at the Mayo Clinic followed PAPP-A knockout mice to the end of life and found mean and median lifespan up 27% and maximum up 35%, with a striking pathology signature: the knockouts got the same amount of cancer, but they got it later, and they had fewer degenerative changes in heart, brain, kidney, spleen, testes and thymus. Then they did the experiment that matters for an enhancement claim. Using tamoxifen-inducible Cre to delete the floxed gene in adult female mice at five months of age - after development is finished - median lifespan still rose 21%. The same group built a neutralising antibody against PAPP-A and gave it to adult mice; it reproduced the transcriptional signature, cut visceral adipocyte size 30-40% on a high-fat diet, and reduced bleomycin-induced lung fibrosis in aged mice. This is the rare node in the GH/IGF axis with an adult-onset route and an actual pharmacological handle.","A secreted protease frees locally trapped IGF-1 in tissue; remove it and local growth signalling falls while blood IGF-1 stays normal. Knockout mice lived 27% longer at the mean and got their tumours later rather than less often, and deleting the gene in five-month-old adults still added 21% median lifespan. Knockouts have thinner tendons, shorter femurs and disorganised growth-plate cartilage.","PAPPA encodes a 1,627-amino-acid secreted zinc metalloproteinase that circulates and acts locally as a homodimer. Its substrates are IGF-binding proteins 4 and 5; cleaving them releases sequestered IGF-1 and IGF-2 to reach IGF1R at the cell surface. Because the protease works in the tissue microenvironment, deleting it lowers local IGF receptor activation without changing serum IGF-1 - the reason knockouts are only mildly small rather than dwarfed. Stanniocalcin-2 is the endogenous inhibitor of the same reaction. The cell type that matters most is the mesenchymal stromal cell: bone-marrow MSCs are the dominant source of PAPP-A, and antibody blockade collapses MSC number and system-wide extracellular-matrix gene expression, which is how one protease reaches bone, marrow fat, fibrosis and myelopoiesis at once.","Conover 2010 (J Gerontol A): PAPP-A knockout mice had significantly increased mean (27%), median (27%) and maximum (35%) lifespan versus wild-type littermates. Neoplastic disease incidence was NOT significantly different between groups - tumours occurred at older ages in the knockouts - and knockouts were less likely to show degenerative changes of age, particularly in heart, testes, brain, kidney, spleen and thymus at scheduled 78/104/130-week pathology. OpenGenes records this cohort as +29% mean / +33% median (females, n=38 vs 50) and +25% mean / +20% median (males, n=40 vs 45). Conover 2017 (Aging Cell): tamoxifen-inducible deletion of floxed PAPP-A in female mice at 5 months of age extended median lifespan 21% (P = 0.005) with equivalent starting weight and weight gain - an adult-onset result. Conover 2020 (Endocrinology): a specific immunoneutralising monoclonal antibody (mAb-PA 1/41) in adult mice on a 15-week high-fat diet decreased visceral adipocyte size 30-40% with no effect on subcutaneous fat, and liver lipid also fell. Phillip 2021 (Aging Cell): the antibody reduced IGF signalling and extracellular-matrix gene expression system-wide and dramatically decreased bone-marrow mesenchymal stromal cell number.","T5 (mouse germline and adult-onset inducible knockout, both with lifespan endpoints, plus a pharmacological antibody phenocopy in adult mice; no human exposure)","No human has received a PAPP-A inhibitor. The antibody work is preclinical and the compound is a research monoclonal, not a clinical candidate with an IND. The lifespan data come from one laboratory - Conover's at the Mayo Clinic - and no independent group has repeated the survival experiment. The adult-onset inducible study could only be run in females because of the breeding design, so there is no adult-onset male lifespan number. Circulating PAPP-A is used clinically as a first-trimester screening marker and as an acute-coronary-syndrome biomarker, so human reference ranges exist but human modulation data do not.",Conover J Gerontol A 2010 https://doi.org/10.1093/gerona/glq032 | Conover Aging Cell 2017 https://doi.org/10.1111/acel.12624 | Conover Endocrinology 2020 https://doi.org/10.1210/endocr/bqaa160 | Phillip Aging Cell 2021 https://doi.org/10.1111/acel.13313 | Bale Aging Biol 2024 https://doi.org/10.59368/agingbio.20240023,"DIRECTION: the enhancement is loss of PAPP-A protease activity (less local IGF release). Overexpressing PAPPA is the pro-fibrotic, pro-tumour direction - PAPP-A is elevated in Ewing sarcoma and platinum-resistant ovarian cancer and correlates with IPF severity. CANCER: the knockouts were NOT cancer-free; incidence was statistically unchanged and only the age of onset shifted (https://doi.org/10.1093/gerona/glq032). Do not write this card as cancer protection. SKELETAL/CONNECTIVE TISSUE TRADEOFFS: PAPP-A knockout mice have reduced femur length and disorganised growth-plate chondrocyte columns (https://doi.org/10.1038/s41598-024-71062-6), and smaller tendon cross-sectional area with reduced fascicle stiffness and strength (https://doi.org/10.1016/j.jsb.2015.08.012). MARROW: antibody blockade reduces bone, marrow adiposity and myelopoiesis via loss of mesenchymal stromal cells (https://doi.org/10.1111/acel.13313) - a haematopoietic reserve concern for chronic dosing. SINGLE-LAB: all lifespan data trace to the Conover group; independent replication is absent.

MANIPULATION DETAIL (moved from manipulation field, varchar(128) limit): loss-of-function knockout, including tamoxifen-inducible deletion in 5-month-old adults; pharmacologically phenocopied by a neutralising monoclonal antibody",,0
parietopsin_lizard,"Parietopsin (+ pinopsin, GNAO1)",Co-expression of the parietal-eye opsin pair (parietopsin + pinopsin) with Go-alpha in a single photoreceptor,Perception,Colour-Opponent Third Eye,"Many lizards carry a third eye. On top of the skull, under a translucent scale, sits the parietal eye: a small structure with a lens and a retina, wired to the pineal complex rather than to the visual brain, and incapable of forming an image. What it does instead is measure colour. Su and colleagues (https://doi.org/10.1126/science.1123802) recorded in 2006 from single parietal-eye photoreceptors of the side-blotched lizard and found something no other vertebrate cell is known to do: the same cell answers green light by depolarizing and blue light by hyperpolarizing. Two opsins share one cell and pull its membrane potential in opposite directions, so the output is a ratio, the balance of blue against green overhead, rather than a count of photons. That ratio is exactly what swings at dawn and dusk, and an eye on the roof of the head is well placed to read it. The chemistry was pinned down in Osaka. Sakai and colleagues expressed lizard parietopsin in cultured cells, purified the pigment, and measured a green-sensitive absorption maximum at 522 nm, red-shifted relative to both rhodopsin and pinopsin, with a counterion arrangement closer to an invertebrate opsin than to a vertebrate one (https://doi.org/10.1021/bi2018283). Wada and colleagues then found the same 522 nm peak in iguana parietopsin, showing the tuning is a property of the molecule and not a quirk of one species (https://doi.org/10.1371/journal.pone.0039003). For a body, this is a colour comparator you could wear on your forehead: not a picture, but an instant read-out of the spectral quality of the light above you, of the kind a lizard uses to know where it stands in the day. Nothing like it has been transferred to a mammal, and the obstacle is wiring rather than optics, because the cell speaks a G-protein language the vertebrate retina does not understand.","Parietopsin and pinopsin give a lizard's parietal eye a striking colour-opponent sensor: one cell depolarizes to green light and hyperpolarizes to blue, reporting sky colour rather than brightness. Purified parietopsin peaks near 522 nm, a result reproduced in a second lizard species, while the paired pathways act in opposite electrical directions. Rebuilding it elsewhere requires both opsins, unusual G proteins, and a circuit able to interpret the bipolar signal.","The parietal-eye photoreceptor is the only vertebrate cell known to run two antagonistic phototransduction cascades at the same time. Green-sensitive parietopsin couples to Go-alpha, the alpha subunit of the Go class of heterotrimeric G proteins, and produces a depolarizing response, while blue-sensitive pinopsin couples to gustducin-alpha and produces a hyperpolarizing one. Neither rod nor cone transducin-alpha, the G protein that carries the signal in ordinary vertebrate photoreceptors, is present in the cell at all. Parietopsin's protonated retinal chromophore is stabilised by a counterion at Glu181 in the second extracellular loop, the arrangement typical of invertebrate opsins, rather than at the Glu113 position rhodopsin uses; Gln113 at that vacated site contributes to the pigment's red-shifted absorbance. Because both cascades converge on one membrane, the cell's voltage encodes the ratio of green to blue light instead of total intensity, which makes it a chromatic comparator rather than an intensity detector.","Single-cell recordings from the parietal eye of the side-blotched lizard established that one photoreceptor can answer two colours in opposite directions, depolarizing to green light and hyperpolarizing to blue (Su 2006, https://doi.org/10.1126/science.1123802). Recombinant work then measured the pigment itself. Lizard parietopsin expressed in cultured cells and purified showed an absorption maximum at 522 nm, which the authors single out as its noticeable characteristic, a red shift with respect to both rhodopsin and pinopsin (Sakai 2012, https://doi.org/10.1021/bi2018283). The same study asked how efficiently the pigment turns absorbed light into activation: photosensitivity at its 520 nm peak came to 0.69 +/- 0.02 of that of bovine rhodopsin at rhodopsin's own peak, and 0.63 +/- 0.02 when both pigments were compared at 500 nm. Its molar extinction coefficient, determined by acid denaturation against a bovine rhodopsin reference of 40600 M-1 cm-1, was 31700 +/- 500 M-1 cm-1 at 520 nm and 29000 +/- 500 M-1 cm-1 at 500 nm, so the pigment absorbs somewhat less strongly than rod pigment as well. An independent group repeating the measurement in a different lizard found iguana parietopsin peaking at 522 nm, almost identical to the side-blotched lizard's value, which makes the green tuning a property of the protein rather than of one animal (Wada 2012, https://doi.org/10.1371/journal.pone.0039003).",T3 (native single-cell electrophysiology in lizard plus recombinant spectroscopy replicated in two lizard species and two laboratories; no mammalian transfer attempted),"No laboratory has yet expressed parietopsin, pinopsin and Go-alpha together in a mammalian photoreceptor or neuron and shown that the resulting cell answers two colours in opposite directions, so the central claim of this enhancement has never been tested outside a lizard. Parietal-eye photoreceptors also have a distinctive morphology of their own, and the intracellular messenger that carries the depolarizing arm of the cascade has not been fully identified, which means a builder would be copying a pathway whose middle step is still missing. Nobody knows whether a mammalian cell can hold two opposing opsin cascades without them cross-talking, and nobody knows what downstream circuit would interpret a bipolar voltage signal that no vertebrate visual pathway currently receives.",Su Science 2006 https://doi.org/10.1126/science.1123802 | Sakai Biochemistry 2012 https://doi.org/10.1021/bi2018283 | Wada PLoS ONE 2012 https://doi.org/10.1371/journal.pone.0039003,"The founding electrophysiology paper (Su 2006, https://doi.org/10.1126/science.1123802) is closed-access, so the spectroscopic numbers in this record come from two sources read in full text: Sakai 2012 (https://doi.org/10.1021/bi2018283) and Wada 2012 (https://doi.org/10.1371/journal.pone.0039003). One internal inconsistency deserves flagging. The Biochemistry paper (https://doi.org/10.1021/bi2018283) also reports 495 nm as a wild-type value inside a pH-7.0 mutant comparison, whereas its own summary statement of parietopsin's characteristic absorption maximum is 522 nm; 522 nm is the figure used here. There is no experimental crystal or cryo-EM structure of parietopsin or of pinopsin, although AlphaFold models exist for lizard parietopsin (UniProt Q1L4C8, https://www.uniprot.org/uniprotkb/Q1L4C8) and for pinopsin from the same species (UniProt Q1L4C7, https://www.uniprot.org/uniprotkb/Q1L4C7). The trait has no commercial or clinical existence: no company and no registered trial. Bistable pineal opsins from this same family are being examined as optogenetic actuators, which is the most plausible near-term route by which these cascades would first reach a mammalian neuron.",,1
pcsk9_edit,PCSK9,Base editing knockout,Longevity & Genome,Cardiovascular Protection,"Heart disease is the world's top killer, and its chief accomplice is LDL cholesterol. For decades, statins have been the answer — but they require daily pills for life, and many patients stop taking them. Nature, however, has already solved the compliance problem. In 2006, Hobbs and Cohen discovered that roughly 3% of African Americans carry loss-of-function mutations in PCSK9, a liver enzyme that destroys LDL receptors. These carriers had LDL levels 28% lower and an 88% reduction in coronary heart disease — with no apparent downside. In 2021, Verve Therapeutics used lipid nanoparticle-delivered adenine base editing to knock out PCSK9 in cynomolgus monkeys with a single intravenous infusion: LDL dropped 59% and stayed down for over a year with no booster. In 2025, their phase Ib human trial (VERVE-102) showed durable 39–55% LDL reductions in heterozygous familial hypercholesterolemia patients already on maximally tolerated therapy. One injection, permanent cholesterol lowering, no daily pills. The catch: liver base editing is irreversible — any off-target edits in hepatocytes are permanent, and the long-term cancer risk of widespread somatic editing remains theoretical but unquantified.","Disabling PCSK9 lets liver cells keep more LDL receptors and continuously clear cholesterol from blood. People born with inactive copies have about 28% lower LDL and 88% less coronary disease, while one-shot liver base editing has produced durable 39–55% LDL reductions in early human testing. The benefit could replace lifelong dosing, but the edit is permanent, so liver targeting and off-target surveillance must be exceptionally rigorous.",Adenine base editor (ABE) delivered via LNP to hepatocytes; introduces A→G transition creating splice-site disruption in PCSK9 exon 1; loss of functional PCSK9 protein → LDL receptors on hepatocyte surface persist instead of being degraded → increased LDL-C clearance from plasma.,"Cohen 2006 NEJM: PCSK9 LOF carriers — LDL −28%, CHD risk −88% (15-year follow-up, n=3363 Black participants). Musunuru 2021 Nature (monkey, n=4): single LNP-ABE dose → PCSK9 protein −90%, LDL-C −59% at 8 months, stable. VERVE-102 2025 (phase Ib, n=12 HeFH): LDL reductions 39–55% at highest dose, durable through 180 days; no serious liver events.",T5,Phase III efficacy/safety (MACE endpoints); long-term off-target somatic editing surveillance; immunogenicity of LNP on repeat dosing (if ever needed); applicability beyond FH to general population; liver cancer risk from widespread base editing.,Cohen NEJM 2006 https://doi.org/10.1056/NEJMoa054013 | Musunuru Nature 2021 https://doi.org/10.1038/s41586-021-03534-y | Vafai New England Journal of Medicine 2026 https://doi.org/10.1056/nejmoa2601283,"PCSK9-null humans (compound LOF homozygotes) are healthy, supporting safety — but sample size is tiny (2 reported individuals). LNP tropism is liver-dominant but not liver-exclusive; low-level editing in other organs is possible. Base editing off-targets are harder to detect than CRISPR indels. Cohen 2006 CHD reduction (88%) may overestimate causal effect due to lifelong exposure vs mid-life intervention. Verve trials use next-gen LNP (GalNAc-targeted) to improve hepatocyte specificity. COMMERCIAL STATUS: Verve Therapeutics (https://www.vervetx.com/), developer of VERVE-101/102, was acquired by Eli Lilly in June 2025, signalling major-pharma confidence in the approach. This is a regulated clinical program, not an alternative-jurisdiction therapy. The base-editing platform is not commercially available outside clinical trials.",,1
pdc_adh8a_carp,"PDC (E1alpha3/E1beta2, betaD319N) + ADH8a",Two-gene pathway transfer (neofunctionalised pyruvate decarboxylase + muscle alcohol dehydrogenase),Stress Resistance,Anoxic Ethanol Metabolism,"In northern Europe, shallow ponds freeze over and the water beneath the ice runs out of oxygen completely for months. Almost nothing with a spine survives that. Crucian carp not only survive it, they stay active - and unlike the anoxia-tolerant freshwater turtles, which go still and wait, the fish keeps swimming (https://doi.org/10.1242/jeb.00979). The reason is that its muscle ferments glucose to ethanol rather than to lactate, and the ethanol simply diffuses out of the gills into the pond. Because the anaerobic end product leaves the body as a neutral molecule instead of piling up as acid, glycolysis can run indefinitely without the lactic acidosis that kills other vertebrates in minutes.

In 2017 a group at the University of Oslo worked out the machinery (https://doi.org/10.1038/s41598-017-07385-4). A whole-genome duplication in the genus Carassius left spare copies of the pyruvate dehydrogenase complex, and one pair of E1 subunits was repurposed into a pyruvate decarboxylase - the first ever described in a vertebrate, performing the same chemistry brewer's yeast uses. A single amino-acid change, betaD319N, breaks the salt bridge that would normally dock that subunit onto the complex core, so it works detached and releases acetaldehyde instead of feeding acetyl-CoA into respiration. A muscle-specific alcohol dehydrogenase, ADH8a, then reduces the acetaldehyde to ethanol. The fish gets away with it because tetraploidy let it keep an intact, normally functioning complex encoded on the other gene copy, and because it confines the whole arrangement to skeletal muscle.

The uncomfortable detail is that betaD319N is the substitution associated with pyruvate dehydrogenase complex dysfunction in human cells. What is an elegant solution in a tetraploid fish with gills is, in a diploid land animal, a metabolic disease allele plus ethanol with nowhere to leave.","Crucian carp stay active for four to five months without oxygen by converting pyruvate into ethanol instead of accumulating acidifying lactate. A repurposed pyruvate-dehydrogenase pair makes acetaldehyde and muscle ADH8a finishes the ethanol route, with pathway transcripts enriched more than 60-fold in ethanol-producing muscle. The fish can release ethanol through its gills; a land animal would need a safe outlet while preserving normal aerobic metabolism.","A whole-genome duplication in the genus Carassius left spare copies of the subunits of the pyruvate dehydrogenase complex (PDH complex), the mitochondrial machine that normally converts pyruvate into acetyl-coenzyme A for aerobic respiration. One pair of E1 paralogs, E1alpha3 together with E1beta2, neofunctionalised into a pyruvate decarboxylase (PDC) - the first described in any vertebrate and analogous to the enzyme brewer's yeast uses - which releases acetaldehyde from pyruvate instead of channelling it into acetyl-CoA. The enabling change is the substitution betaD319N in E1beta2, absent from the E1beta1 copy, which abolishes a salt bridge to lysine residues on the E2 core of the complex so that the E1 unit operates physically detached from it. A muscle-specific alcohol dehydrogenase, ADH8a, then reduces the acetaldehyde to ethanol, and the ethanol diffuses freely across the gills into the surrounding water. Because the terminal product of anaerobic glycolysis leaves the body as a neutral small molecule rather than accumulating as lactate, glycolysis can continue indefinitely without lactic acidosis.","Transcript profiling across crucian carp tissues showed that in red and white skeletal muscles, total E1:E2 and E1:E3 transcript ratios were significantly higher by a factor greater than 60 compared to all other, non-ethanol producing tissues such as brain, heart and liver - the evidence that a free, complex-independent E1 exists specifically in the muscle that makes ethanol (Fagernes 2017, https://doi.org/10.1038/s41598-017-07385-4). The same study identified the enabling mutation and showed why it works: the amino acid substitution betaD319N, which molecular modelling places at a salt bridge between betaD319 and lysine 362 on the E2 core, produces a greater than 100-fold increase in the dissociation constant between E1 and E2 and a concomitant decrease in in vitro pyruvate dehydrogenase complex activity, and the substitution appears to be unique to the ethanol-producing goldfish and crucian carp and is not found in any other species investigated. That substitution was independently confirmed in the sequence databases, where E1beta2 carries asparagine at position 319 (UniProt A0A288DUG2, https://www.uniprot.org/uniprotkb/A0A288DUG2) while E1beta1 carries aspartate there (UniProt A0A288DSR4, https://www.uniprot.org/uniprotkb/A0A288DSR4). The physiological magnitude is large and sustained: the fish reaches elevated tissue ethanol concentrations reaching up to 7 micromol/g in red muscle during anoxia for up to 4-5 months of the year (https://doi.org/10.1038/s41598-017-07385-4), and it survives for months in completely oxygen-deprived freshwater habitats, also tolerating a few days of anoxia at room temperature and, unlike anoxia-tolerant freshwater turtles, remaining physically active while anoxic (Nilsson & Renshaw 2004, https://doi.org/10.1242/jeb.00979).","T3 (comparative genomics, transcript quantification and structural modelling in the native species; no heterologous reconstitution of the two-gene pathway)","Nobody has transferred the two genes into a heterologous animal and measured anoxic survival, so the gain-of-function claim rests entirely on comparative evidence: Carassius has the pathway and survives months of anoxia, while common carp lacks it and dies within hours (Fagernes 2017, https://doi.org/10.1038/s41598-017-07385-4). Reconstituting it would require more than putting two genes into a host, because the pathway depends on tissue-restricted expression at a more than 60-fold excess of E1 over the E2 and E3 core components in muscle alone; expressing the decarboxylase everywhere would compromise aerobic pyruvate oxidation in every tissue that got it. There is also no route for the product. A carp voids ethanol across its gills into open water, and a terrestrial body has no comparable diffusive sink, so the recipient would have to clear months of continuous ethanol through the liver instead. No experimental structure exists for the carp subunits; only predicted models are available.",Fagernes Scientific Reports 2017 https://doi.org/10.1038/s41598-017-07385-4 | Nilsson Journal of Experimental Biology 2004 https://doi.org/10.1242/jeb.00979,"The natural negative control is stated in the same paper and is unusually clean: common carp tolerates severe hypoxia but dies within hours of anoxia, apparently because lactate accumulates in the absence of any ethanol route (Fagernes 2017, https://doi.org/10.1038/s41598-017-07385-4). The accessions were checked directly against UniProt for this entry - A0A288DSR4 (E1beta1, 359 amino acids) carries aspartate at position 319 while A0A288DUG2 (E1beta2, 360 amino acids) carries asparagine (https://www.uniprot.org/uniprotkb/A0A288DUG2). There are no clinical trials, no registry records and no products; the authors instead propose Carassius as a model organism for chronic ethanol exposure and for hypoxia and ischaemia research (https://doi.org/10.1038/s41598-017-07385-4). Note the direction of the human literature on betaD319N: in people the same substitution is discussed as a cause of pyruvate dehydrogenase complex dysfunction, so a change that reads as an enhancement in a fish is catalogued as pathology in a human, and this card should be read as a species-specific solution rather than a portable upgrade. Within this library it does not overlap EPAS1, which blunts the hypoxia-inducible factor response to thin air and concerns oxygen delivery; here oxygen is absent altogether and what changes is the end product of fermentation.",,1
pgc1a_gut_stem,"PPARGC1A (dPGC-1/spargel, gut-stem-cell-restricted overexpression)",Overexpression restricted to intestinal stem cells and enteroblasts (tissue-restricted; ubiquitous overexpression is harmful),Longevity & Genome,Mitochondrial Integrity,"Every cell decides how much mitochondrial machinery to build, and one transcriptional coactivator makes that decision. PGC-1alpha does not bind DNA itself; it docks onto nuclear receptors and transcription factors already sitting at promoters and recruits the acetyltransferase and mediator complexes that turn them on, switching whole programmes of mitochondrial biogenesis and oxidative metabolism at once. Its level rises with exercise and cold and falls with age.

The longevity result that matters here is not a whole-body one. Rera and colleagues at the Buck Institute overexpressed the Drosophila homolog spargel and asked where it had to act. Driven everywhere with da-GAL4 the flies did worse, losing about 10-11% of median lifespan at 200% and 5900% expression. Driven in the digestive tract with TIGS-2 the flies gained 33% of mean lifespan and 37% of maximum lifespan in females, and driven specifically in intestinal stem cells and their immediate daughters with esg-GAL4 the same construct raised mean survival by 41% in males and 49% in females (https://doi.org/10.1016/j.cmet.2011.09.013). Old guts in these flies did not undergo the usual burst of stem-cell over-proliferation and mis-differentiation; the tissue simply aged more slowly.

The mammalian story is where care is needed. The most-cited mouse ageing paper on muscle PGC-1alpha, Wenz 2009 in PNAS, was RETRACTED in 2016 (retraction notice: https://doi.org/10.1073/pnas.1619713114), so it cannot be used as evidence. What survives is that muscle-restricted PGC-1alpha overexpression drives a genuine fibre-type and mitochondrial shift in mice (https://doi.org/10.1038/nature00904) and that cardiac-restricted overexpression causes uncontrolled mitochondrial proliferation and a cardiomyopathy (https://doi.org/10.1161/01.res.0000117088.36577.eb). Dose and tissue are the entire finding in both species.","One coactivator protein tells a cell how many mitochondria to build and how hard to run them, and its level falls in ageing muscle and gut lining. Driving it up only in fly intestinal stem cells raised mean survival 49%, while driving it everywhere at 59-fold expression shortened median lifespan 11%. The mammalian gene is the same gene, but the 2009 mouse ageing paper was retracted in 2016 and cardiac overexpression drives runaway mitochondrial proliferation.","PPARGC1A encodes a 798-residue, largely intrinsically disordered transcriptional coactivator (34% of the chain is annotated disordered in UniProt Q9UBK2). It carries an N-terminal activation domain that binds CBP/p300 and the mediator subunit MED1, an LXXLL nuclear-receptor box, a central repression region, and a C-terminal RNA-recognition motif and RS domain that couple transcription to splicing. It has no DNA-binding domain of its own: it is recruited by PPARs, ERRalpha, NRF1 and FOXO1, and once docked it converts a poised promoter into an active one. Through NRF1 and NRF2 it drives TFAM and thereby mitochondrial DNA replication, so raising it raises mitochondrial number and respiratory capacity. In the fly gut, raising spargel in intestinal stem cells and enteroblasts increases mitochondrial activity in those cells and suppresses the age-associated over-proliferation and mis-differentiation of the intestinal epithelium; the lifespan effect tracks the tissue effect, not a systemic metabolic change.","In Drosophila, RU486-induced dPGC-1 expression in the digestive tract with the TIGS-2 driver gave a 33% increase in mean lifespan and a 37% increase in maximum lifespan in females; OpenGenes records the matching row as +33.0% mean (significance flag 1) with median rising 40 to 53 days. Constitutive esg-GAL4 expression in intestinal stem cells and enteroblasts gave +41.0% mean in males (median 45 to 65 days) and +49.0% mean in females (median 39 to 59 days), both flagged significant. The inducible S1106 fat-body/gut driver gave a smaller +11.0% mean (median 69 to 76 days). The direction reverses with ubiquitous expression: da-GAL4 at 200% expression cost 10% of median lifespan in females and at 5900% cost 11% in males, both significant. The paper reports 19% and 17% mean-survival gains for the 5961GS driver induced through development-plus-adulthood and adulthood only. Flies did not pay for this in reproduction or global stress resistance, but did show lower whole-fly triglyceride and modestly raised free glucose (Rera 2011, https://doi.org/10.1016/j.cmet.2011.09.013).","T4 (invertebrate in-vivo lifespan with a tissue-restriction experiment and an internal dose reversal; the mammalian ageing anchor for this gene was retracted, and no mouse lifespan cohort supports it)","There is no mammalian lifespan experiment for PGC-1alpha overexpression that can be cited: the paper that would have served, Wenz 2009 PNAS on muscle PGC-1alpha in ageing, was retracted in 2016 (https://doi.org/10.1073/pnas.1619713114), and this card must not be built on it. The fly result is tissue-restricted by construction — the same construct driven ubiquitously shortened life — so any mammalian test must be a conditional, tissue-restricted one rather than systemic delivery. Cardiac overexpression in mice causes uncontrolled mitochondrial proliferation and cardiomyopathy (https://doi.org/10.1161/01.res.0000117088.36577.eb), which sets a hard ceiling on dose. The intestinal-stem-cell compartment that carries the fly effect is not the same tissue architecture as the mammalian crypt, and no one has tested crypt-restricted Ppargc1a overexpression on mouse lifespan. The protein is 798 residues and largely disordered, so it is a coactivator to be induced rather than a druggable enzyme.",Rera Cell Metabolism 2011 https://doi.org/10.1016/j.cmet.2011.09.013 | Lin Nature 2002 https://doi.org/10.1038/nature00904 | Russell Circulation Research 2004 https://doi.org/10.1161/01.res.0000117088.36577.eb | Retraction of Wenz 2009 https://doi.org/10.1073/pnas.1619713114,"IMPORTANT provenance note for future curators: the obvious mammalian citation for this gene, Wenz et al. 2009 PNAS 'Increased muscle PGC-1alpha expression protects from sarcopenia and metabolic disease during aging' (https://doi.org/10.1073/pnas.0911570106), carries an erratum in 2014 and a RETRACTION in 2016 (https://doi.org/10.1073/pnas.1619713114). Crossref returns its title prefixed 'RETRACTED:'. It must not be cited as evidence anywhere in this library. The OpenGenes rows for PPARGC1A are all from a single Drosophila study and all six are internally consistent with the published figures. Note the direction trap: two of the six rows are lifespan DECREASES from the same gain-of-function construct at high ubiquitous expression, so the gene is not simply 'more is better'. The human protein has 45 PDB entries but they are fragments and peptide complexes; there is no full-length structure, consistent with 34% annotated disorder.",,0
piezo2,PIEZO2,Overexpression,Perception,Ultrasensitive Touch,"You feel a feather brush against your skin because of PIEZO2 — a colossal ion channel shaped like a three-bladed propeller that converts mechanical force into electrical signals. Ardem Patapoutian won the 2021 Nobel Prize for discovering it. PIEZO2 sits in the tips of Merkel cell–neurite complexes in your skin and in proprioceptive neurons throughout your body. When tissue deforms, the channel opens and cations rush in, firing the sensory nerve. Humans with loss-of-function mutations in PIEZO2 lose the ability to feel light touch and proprioception — they cannot sense where their limbs are without looking. The protein is enormous: 2,752 amino acids forming a homotrimeric dome that curves the cell membrane and acts as its own force sensor. Woo and colleagues showed in 2014 that conditional knockout of Piezo2 in mouse Merkel cells completely abolished gentle-touch mechanosensitivity. The inverse experiment — overexpression to lower activation thresholds — has not been published, but the biophysics suggest that increasing PIEZO2 density could create tactile hypersensitivity comparable to the star-nosed mole. The main translational concern is that PIEZO2 gain-of-function mutations in humans cause distal arthrogryposis — excess mechanosensitivity can lock joints. A tissue-targeted overexpression strategy, restricted to skin Merkel cells, would be essential.","PIEZO2 is the giant propeller-shaped channel that turns skin deformation into the electrical language of touch and gives the brain a map of limb position. Removing it from mouse Merkel cells abolishes gentle-touch responses, while human genetics confirms its essential role in fine touch and proprioception. Greater activity could sharpen tactile sensitivity, but known gain-of-function variants can produce prenatal joint contractures, making tissue-specific control essential.","PIEZO2 forms a homotrimeric propeller-shaped mechanically-activated cation channel (~2,800 kDa complex). The curved transmembrane dome acts as an area spring that flattens under membrane tension, gating the central pore. Ca²⁺ and Na⁺ influx depolarizes Merkel cells and sensory neurons, initiating touch and proprioceptive signaling.",Woo 2014 Nature: conditional Piezo2 KO in mouse Merkel cells completely abolished gentle-touch mechanosensitivity. Delle Vedove 2016: human PIEZO2 LOF causes loss of proprioception and discriminative touch. Coste 2010 Science: identification of Piezo channels as first molecularly-defined mechanically-activated ion channels. 2021 Nobel Prize in Physiology or Medicine (Patapoutian).,"T5 (mouse conditional KO, multiple labs) + T7 (human genetic validation)",Gain-of-function overexpression not yet tested — only LOF phenotypes characterized. Need tissue-specific promoters restricting expression to Merkel cells to avoid systemic effects. No AAV/LNP delivery to cutaneous Merkel cells demonstrated.,Coste Science 2010 https://doi.org/10.1126/science.1193270 | Woo Nature 2014 https://doi.org/10.1038/nature13251 | Delle Vedove Am J Hum Genet 2016 https://doi.org/10.1016/j.ajhg.2016.09.019,"CAUTION: Human gain-of-function mutations in PIEZO2 (e.g., E2727del) cause Gordon syndrome / distal arthrogryposis type 5 — excess mechanosensitivity causing prenatal joint contractures. Any enhancement strategy must restrict expression to cutaneous mechanoreceptors, not muscle or joint proprioceptors. The therapeutic window between enhanced touch and pathological mechanosensitivity is unknown.",,1
pif,Pif,Transgenic knock-in,Expression,Biomineralization,"The iridescence of a pearl is a mechanical structure, not a pigment, and it is assembled under genetic control. Nacre consists of stacked aragonite tablets held in a biopolymer matrix, all with their crystallographic c-axes pointing the same way, and that geometry makes the composite roughly 3,000 times more fracture-resistant than the aragonite it is made of, because cracks are forced to deflect around thousands of tablet interfaces instead of running straight through the mineral. Pif is the protein that directs the assembly. The akoya pearl oyster Pinctada fucata secretes it as a 1,007-amino-acid precursor, which is then cleaved into two functional pieces: Pif97, which anchors to the chitin framework, and Pif80, which nucleates aragonite and sets its orientation. Suzuki and colleagues found the protein through a calcium carbonate-binding assay and established its necessity by knocking it down with RNA interference, which disrupted nacre formation (https://doi.org/10.1126/science.1173793); CRISPR-Cas9 work in molluscs subsequently confirmed that Pif plays a significant role in structured nacre crystal growth (https://doi.org/10.1111/brv.12640). The biomimetic appeal is obvious: nacre-like composites could reinforce bone, coat implants or armour a surface that heals its own microcracks. In a human osteoblast, Pif-directed mineralisation would in principle produce bone composite with nacre-like fracture resistance. What stands in the way is not delivery but chemistry and system complexity. Nacre is not a protein product; it is the output of a controlled crystallisation process needing a chitin scaffold, tightly held supersaturation, and dozens of matrix proteins acting together, and the mineral it deposits is not the one human bone uses.","Pif directs pearl-oyster cells to assemble nacre: one fragment anchors to chitin while another nucleates and aligns aragonite tablets into a crack-deflecting composite. Knocking it down disrupts nacre formation, and the finished material is estimated to be roughly 3,000 times more fracture-resistant than pure aragonite. Its strongest near-term promise is engineered materials, because vertebrate bone uses hydroxyapatite and lacks nacre's chitin scaffold and supporting protein network.","The Pif precursor, 1,007 amino acids in Pinctada fucata, is cleaved after translation into two proteins that remain functionally coupled. Pif97 carries a von Willebrand factor type A domain, a protein module used across biology for binding structural polymers, and here it binds the chitin framework of the shell's organic matrix; it is the anchor that fixes the complex to the scaffold. Pif80 is strongly acidic, and its dense negative charge binds calcium ions and the growing crystal face, which is how it both nucleates aragonite and constrains its orientation. Because one half is attached to the scaffold and the other half templates the mineral, the pair converts a scaffold geometry into a crystal geometry, which is what produces uniformly oriented aragonite tablets rather than randomly arranged crystals. Repeating that cycle layer by layer builds nacre's brick-and-mortar nanoarchitecture, with mineral bricks separated by organic mortar. The orientation control is the functionally critical part, since it is the alignment of the tablets and the compliant interfaces between them, rather than the mineral's own strength, that gives nacre its fracture toughness (https://doi.org/10.1126/science.1173793).","Suzuki and colleagues identified Pif in the pearl oyster Pinctada fucata using a calcium carbonate-binding assay that selected for proteins binding specifically to aragonite crystals, cloned the complementary DNA and showed that it encodes a precursor which is post-translationally cleaved into Pif97 and Pif80. Three independent lines of evidence then established the protein's role in nacre formation: immunolocalisation placing it at the mineralisation front, an RNA interference knockdown experiment that disrupted nacre deposition, and in-vitro calcium carbonate crystallisation studies (https://doi.org/10.1126/science.1173793). Clark and colleagues, reviewing the genetic basis of mollusc shell production, report that RNA interference and CRISPR-Cas9 experiments have provided proof of concept for functional investigation of mollusc gene sequences, showing specifically that the aragonite-binding Pif protein plays a significant role in structured nacre crystal growth (https://doi.org/10.1111/brv.12640). Mantle transcriptome work in the related pearl oyster Pinctada martensii has catalogued the wider set of biomineralisation genes that accompany Pif (https://doi.org/10.1007/s10126-012-9476-x). The mechanical prize the system delivers is a fracture toughness roughly 3,000 times that of pure aragonite.",T4 (pearl oyster in-vivo RNAi + CRISPR),"No vertebrate has been made to express Pif, and the obstacles are chemical rather than merely technical. Nacre formation requires the coordinated action of more than 30 matrix proteins, so Pif is necessary but nowhere near sufficient (https://doi.org/10.1111/brv.12640). The chitin scaffold that Pif97's von Willebrand A domain grips does not exist in vertebrate bone, which removes the anchor the mechanism depends on. Most fundamentally, the mineral is wrong: vertebrate bone mineralises with hydroxyapatite, a calcium phosphate, whereas Pif80 nucleates and orients aragonite, a calcium carbonate polymorph, and Pif-directed mineralisation has never been tested in a hydroxyapatite system, so it is unknown whether the acidic domain would nucleate anything useful there or simply bind calcium unproductively. There are no registered clinical trials.",Suzuki Science 2009 https://doi.org/10.1126/science.1173793 | Clark Biological Reviews 2020 https://doi.org/10.1111/brv.12640 | Shi Marine Biotechnology 2013 https://doi.org/10.1007/s10126-012-9476-x,"Nacre formation is a system-level phenomenon, and that is the central caveat rather than a hedge. Pif is necessary, demonstrated by knockdown, but more than 30 matrix proteins have been identified in the process, and the mineral architecture also depends on physical conditions such as controlled supersaturation that no gene supplies (https://doi.org/10.1126/science.1173793, https://doi.org/10.1111/brv.12640). The aragonite-versus-hydroxyapatite mismatch is a fundamental barrier rather than an engineering detail: human bone uses an entirely different mineral system, so a protein whose acidic domain evolved to template calcium carbonate has no established function in a calcium phosphate environment. Taken together, these constraints suggest that the realistic application of Pif is biomimetic materials engineering, where the chitin scaffold and crystallisation conditions can be supplied in a reactor, rather than genetic enhancement of a human skeleton. One bookkeeping note: the record's DOI https://doi.org/10.1007/s10126-012-9476-x resolves in Crossref to a paper published in 2013 by Shi and colleagues, not 2012 as the entry previously stated, and it concerns the Pinctada martensii mantle transcriptome rather than Pif specifically (https://doi.org/10.1007/s10126-012-9476-x).",,1
plaur_car_senolytic,PLAUR (uPAR) — anti-uPAR CAR construct,"CAR T cell therapy (anti-uPAR scFv-CD28-CD3z); targets the gene product, not overexpression",Longevity & Genome,Senescent Cell Clearance,"Senescent cells are the body's retired workforce that refuses to leave the building. They stop dividing but do not die, and they leak inflammatory signals that degrade the tissue around them. Clearing them rejuvenates old mice. The problem has always been how: small-molecule senolytics kill by nudging stressed cells over an apoptotic threshold, which means dosing again and again as new senescent cells accumulate.

Corina Amor, working in Scott Lowe's laboratory at Memorial Sloan Kettering with the CAR T pioneer Michel Sadelain, asked a different question: what if senescent cells have a surface marker, and the immune system could be taught to read it? They found one — the urokinase plasminogen activator surface receptor, a protein tethered to the outside of the membrane that turns up on senescent cells whatever pushed them into senescence. Then they built the standard oncology tool against it: a second-generation chimeric antigen receptor, an antibody fragment fused to signalling domains, installed in T cells that thereafter kill anything wearing the marker.

The first paper (Amor 2020, https://doi.org/10.1038/s41586-020-2403-9) showed this clears senescent cells from liver and reduces fibrosis. The follow-up (Amor 2024, https://doi.org/10.1038/s43587-023-00560-5) asked what happens in an animal that is simply old. Twenty-month-old mice got one infusion. Their fasting glucose fell, they handled a sugar bolus better than untreated controls for over two hours, and most of them ran longer on a treadmill than they had before treatment — two and a half months after the single dose. Young mice showed no glucose effect, which is the right control: the therapy removes an age-specific burden rather than improving metabolism generally. Because CAR T cells expand and persist — the authors report persistence beyond 15 months — one dose buys surveillance instead of a pulse. An independent group has since done the same thing with a different receptor in aged monkeys. The unsolved part is not biology. It is that manufacturing an autologous cell product, and preceding it with lymphodepleting chemotherapy, is a great deal to ask of someone whose only complaint is being old.","Anti-uPAR CAR T cells turn the immune system into long-lived surveillance against many senescent cells. One infusion in 20-month-old mice improved fasting glucose, glucose handling, and later treadmill performance, while uPAR marked 67–90% of senescent cells in aged liver and engineered cells can persist beyond 15 months. Translation must narrow the target and simplify treatment because uPAR is not senescence-exclusive and current protocols use lymphodepletion.","The urokinase plasminogen activator surface receptor (uPAR, encoded by PLAUR, 335 amino acids, anchored to the outer face of the plasma membrane by a glycosylphosphatidylinositol tail) is broadly upregulated on senescent cells regardless of what triggered the senescence, and Plaur is a component of the SenMayo senescence gene signature. The therapeutic agent is not the gene itself but a receptor aimed at it: a second-generation chimeric antigen receptor (CAR) built from an anti-uPAR single-chain variable fragment fused to a CD28 costimulatory domain and a CD3ζ signalling domain. Installed in T cells, it redirects them to lyse uPAR-positive cells through the perforin and granzyme pathway, with antigen-specific release of granzyme B and interferon gamma on engagement. The pharmacological distinction from small-molecule senolytics matters: because CAR T cells expand on antigen contact and persist afterwards, one infusion establishes durable immune surveillance of the senescent compartment rather than the transient kill-and-clear that repeated small-molecule dosing produces.","Single-cell RNA sequencing of uPAR-positive and uPAR-negative cells sorted from 20-month-old mice established that the marker actually covers the population it needs to: uPAR-positive cells constituted 67–90% of the senescent cell burden in liver, 92–66% in adipose tissue and 76–63% in pancreas (Amor 2024, https://doi.org/10.1038/s43587-023-00560-5). Treating aged mice with a single infusion of the anti-uPAR CAR, against both untransduced T cells and an irrelevant CAR as controls, significantly decreased fasting glucose, and after an intraperitoneal bolus of 2 g glucose per kg body weight the treated animals held significantly lower plasma glucose than controls for over 2 hours; most also showed improvements in exercise capacity 2.5 months after treatment compared with their own pretreatment levels (n = 7 untransduced, n = 8 irrelevant CAR, n = 8 anti-uPAR CAR for exercise testing), while young mice showed no such glucose effect (Amor 2024, https://doi.org/10.1038/s43587-023-00560-5). The original demonstration was in liver: in an NRAS-G12V oncogene-induced senescence model, livers of CAR-treated mice had significantly reduced numbers of NRAS-positive (p<0.01) and senescence-associated beta-galactosidase-positive cells (p<0.001) versus controls, and in established liver fibrosis the treated livers showed fewer senescent cells and less fibrosis by senescence-associated beta-galactosidase and Sirius red staining (p<0.001) at 20 days, with under 2% of the CAR T cells displaying a triple-marker exhaustion phenotype at day 15 (Amor 2020, https://doi.org/10.1038/s41586-020-2403-9).","T5 (mouse cell therapy across oncogene-induced, fibrotic, aged and high-fat-diet models in two papers from the same group, with independent confirmation of the approach using a different antigen; no human senolytic CAR trial)","No registered clinical trial of a senolytic CAR T cell exists. Searching the registry for uPAR CAR and for senolytic CAR T returns nothing; the only record that combines CAR engineering with senescence language is INT2104 from Kite/Gilead (https://clinicaltrials.gov/study/NCT06539338), an in vivo lentiviral CD20 CAR for B-cell malignancies, which targets a different antigen in an oncology indication and is noted here only to document that the direction check was run and came back negative. Two practical barriers stand in the way. Manufacturing an autologous cell product for each patient is expensive and slow, and it has so far only been justified for fatal cancers rather than for ageing. The protocol also requires cyclophosphamide preconditioning, so a recipient takes lymphodepleting chemotherapy before receiving the cells. The authors additionally state that it remains undetermined which uPAR-positive populations actually drive the metabolic benefit, which means a safer, narrower antigen cannot yet be substituted for the broad one (Amor 2024, https://doi.org/10.1038/s43587-023-00560-5).",Amor Nature 2020 https://doi.org/10.1038/s41586-020-2403-9 | Amor Nature Aging 2024 https://doi.org/10.1038/s43587-023-00560-5 | Yang Science Translational Medicine 2023 https://doi.org/10.1126/scitranslmed.add1951,"An independent group reached the same conclusion through a different antigen, which is the strongest available evidence that the approach and not the specific receptor is what works: NKG2D-targeting CAR T cells eliminated senescent cells in aged mice and in aged nonhuman primates without observed adverse effects (Yang 2023, https://doi.org/10.1126/scitranslmed.add1951). Durability is real — the 2024 paper reports CAR T cells persisting and expanding for over 15 months (https://doi.org/10.1038/s43587-023-00560-5). Two cautions belong on the record. uPAR is not senescence-exclusive: the same receptor sits on activated immune cells and on invasive tumour cells, and the 2020 paper had to establish specifically that anti-uPAR CAR T cells do not attack normal tissue (https://doi.org/10.1038/s41586-020-2403-9). And senescence is itself tumour-suppressive and promotes wound healing, so clearing it systemically removes a genuine brake on premalignant expansion. The 2020 Nature paper carries an author correction (https://doi.org/10.1038/s41586-024-07197-3). Commercially, nothing is available: the closest clinical senolytics are small molecules — dasatinib combined with quercetin, and fisetin — which kill by a different mechanism and must be dosed repeatedly.",,1
pot1_turritopsis,POT1 / SIRT3 / RTEL1,Jellyfish variant transfer,Regeneration,Telomere Protection,"Turritopsis dohrnii, a grape-sized jellyfish, can reverse its life cycle: a damaged adult collapses into a cyst and re-emerges as a juvenile polyp, resetting its biological age. It is the only animal known to do this reliably. In 2022, Carlos López-Otín's group sequenced its genome and identified a variant of POT1 — a human telomere-protection gene — predicted to release the brake on telomerase. When they put the G272N jellyfish mutation into the human POT1 protein, it bound telomeric DNA much less tightly in a test tube. That's the entire experimental result. No cell phenotype, no telomere-length measurement, no mammalian model. More worryingly, reduced POT1 binding in humans causes cancer — familial melanoma, leukemia, glioma. The paper has two formal Corrections and a published critique. Transdifferentiation is a whole-organism phenomenon; reducing it to a single shelterin variant is almost certainly too simple. The jellyfish is doing something astonishing, and nobody yet knows what.","Turritopsis jellyfish can reverse from an adult medusa into a juvenile polyp, and its altered telomere-maintenance network is one intriguing part of that reset. A jellyfish-style G272N change introduced into human POT1 weakened binding to telomeric DNA in a biochemical assay, showing that the variant changes shelterin behaviour. That is a precise molecular clue, not yet a rejuvenation mechanism, and reduced POT1 binding in people is associated with cancer predisposition.",POT1 shelterin variant (G272N) predicted to reduce telomerase inhibition; SIRT3 mitoprotection; RTEL1 telomere helicase; GAR1 duplicated.,"Pascual-Torner 2022 PNAS: whole-genome T. dohrnii vs mortal T. rubra; identified expansions/variants. ONLY WET RESULT: introduced jellyfish-style G272N into recombinant human POT1, EMSA with 3×TTAGGG oligo → reduced ssDNA binding. No cell phenotype, no telomerase activity measured. Matsumoto/Miglietta 2025 bioRxiv: life-cycle-reversal transcriptome — SIRT3 peaks in cyst; RTEL1/HSP70/90 dynamic; POU/Sox/Klf/Myc detected. No functional tests. No gene editing in T. dohrnii; no mammalian transfer.",T2–T3 for POT1 biochemistry on human-backbone protein; T1 for everything else,T. dohrnii POT1 in mammalian cells; telomere-length/cell phenotype; transdifferentiation never recapitulated in a mammal.,Pascual-Torner PNAS 2022 https://doi.org/10.1073/pnas.2118763119,"MAJOR CAVEAT: reduced POT1–ssDNA binding in humans = CANCER PREDISPOSITION. POT1 loss-of-function causes familial melanoma, CLL, glioma, pulmonary fibrosis (L259S, H266L). Pascual-Torner 2022 has TWO formal PNAS Corrections + a published critique by Miglietta 2023 PNAS. Annotation reliability for non-model organisms questioned. Binding ≠ function; 3×TTAGGG oligo is a minimal substrate.",,1
pparg_pro12ala,"PPARG (Pro12Ala, PPARγ2 variant)","Human common-variant knock-in (Pro12Ala, PPARγ2 isoform; homozygous Ala/Ala)",Longevity & Genome,Diabetes Resistance,"PPARγ is the master switch for fat-cell formation and the receptor the glitazone diabetes drugs bind. Pro12Ala is a common human coding variant in the γ2 isoform, carried by a substantial minority of people, and it has been argued about for two decades — small, inconsistent effects on diabetes risk across cohorts. Heikkinen et al. settled part of the argument by putting the human variant into the mouse genome. On ordinary chow, homozygous Ala/Ala mice were leaner, more insulin-sensitive, had better plasma lipids, and lived longer. Then they fed the same mice a high-fat diet and every benefit disappeared — adiposity, lipids and insulin sensitivity all reverted. The variant is not an upgrade; it is a conditional upgrade whose value is set entirely by what the animal eats. That is the honest card here, and it explains why the human association literature was so noisy: the effect exists only in one dietary context.","A single amino-acid swap in the fat-cell master regulator makes adipose tissue store less and respond to insulin better. Knock-in mice carrying the human variant gained 13.0% mean lifespan in males, leaner and more insulin-sensitive, and the allele occurs naturally in people whose PPARγ is already a licensed drug target. High-fat feeding erased every benefit in the mice, and no one has delivered this allele to a person.","PPARG encodes a nuclear receptor that heterodimerises with RXR to drive the adipogenic and insulin-sensitising transcriptional programme. The Pro12Ala substitution sits in the γ2-isoform-specific N-terminal extension and modestly reduces transactivation, shifting cofactor interactions and raising adiponectin signalling. In the knock-in mouse this produced lower adiposity, improved insulin sensitivity and a favourable plasma lipid profile on chow. Loss-of-function controls in the same gene run the other way: whole-gene reduction in white adipose tissue shortened median lifespan by 14.5% and Pparg2 isoform knockout by 9.0%, confirming that this is a fine-tuning variant on an essential gene rather than a hypomorph that happens to help.","Human common variant validated by knock-in: Ala/Ala mice leaner, more insulin-sensitive, better plasma lipids, and longer-lived (+13.0% mean, +12.5% median in males). Gene-environment interaction demonstrated directly — high-fat feeding eliminated the benefits on adiposity, lipids and insulin sensitivity. Mechanism traced to cofactor interaction and adiponectin signalling. Loss-of-function controls in the same gene shorten lifespan, bracketing the dose direction.","T6 (human common variant knocked into mice with lifespan, metabolic and mechanistic endpoints plus an explicit diet-interaction arm, single laboratory; the allele is naturally present in humans with a widely-studied but inconsistent metabolic phenotype, and no allele-delivery has been attempted in a person)","The mouse benefit is chow-only and vanishes on a high-fat diet — the diet most people in the relevant populations actually eat, which likely explains why human association studies disagree. No human lifespan data exist for carriers, and the human literature on Pro12Ala and type 2 diabetes risk is inconsistent across cohorts. Nobody has delivered this allele: it would be a base-editing target in adipose tissue, and adipose is not a solved editing target. The mouse experiment is a germline homozygous knock-in, whereas most human carriers are heterozygous.",Heikkinen S et al. Cell Metab 2009;9:88-98 (10.1016/j.cmet.2008.11.007); Argmann 2009 PLoS Genet (10.1371/journal.pgen.1000752),"DIET-CONDITIONAL: high-fat feeding eliminated the beneficial effects on adiposity, plasma lipids and insulin sensitivity. This is the defining caveat and must stay on the card, not just in the details panel. GENE IS ESSENTIAL AND DOSE-SENSITIVE DOWNWARD: reducing Pparg expression in white adipose tissue cost 14.5% of median lifespan and Pparg2 isoform knockout 9.0% — this is not a gene to knock down. DRUG-CLASS TRADEOFFS: pharmacological PPARγ agonism (rosiglitazone, pioglitazone) causes fluid retention, weight gain, heart-failure exacerbation and bone loss, and rosiglitazone carried a cardiovascular warning. A variant that mildly REDUCES transactivation is not the same intervention as an agonist, but it is the same receptor and the class history belongs in the record. ONCOLOGY LINK: the PAX8-PPARγ fusion drives a thyroid carcinoma subtype (its own Phase 2 trial, NCT01655719) — the locus is transformation-relevant. HETEROZYGOSITY: mouse data are homozygous Ala/Ala; most human carriers are heterozygous and the dose-response is unmapped.",,1
ppri_ppra,PprI / PprA,Heterologous co-expression,Stress Resistance,Radioresistance,"Deinococcus radiodurans survives 5,000 Gy, roughly 1000 times the lethal human dose for a whole organism. It does this not by preventing damage but by tolerating it: the genome shatters, and the cell stitches it back together within hours. The reassembly is coordinated by a single master-switch protein called PprI, also known as IrrE.

Shi and colleagues produced recombinant PprI in Pichia pastoris yeast and tested it on mammalian systems. Human umbilical vein endothelial cells given the protein before 4 Gy of gamma rays showed markedly fewer gamma-H2AX foci, the standard marker of double-strand breaks, at 1, 2, 4 and 8 hours after irradiation, along with higher survival, better antioxidant capacity and less apoptosis. In the same paper, BALB/c mice given PprI around a 6 Gy whole-body dose had their 30-day mortality fall from 50% to 20%, with improved white blood cell and platelet counts, better bone marrow colony formation and reduced pathological injury across several organs (2016, https://doi.org/10.1038/srep26664).

That is one of the cleanest demonstrations of bacterial radioresistance machinery working in a mammal. The cautions are substantial. The mammalian work comes essentially from one group and has not been independently replicated. The protein is bacterial and therefore likely immunogenic. And the full Deinococcus phenotype does not rest on any single gene: Daly and colleagues showed that the organism's resistance depends heavily on small-molecule manganese antioxidant complexes that shield the proteome from oxidative damage, so that the repair enzymes survive the dose and remain able to work (2010, https://doi.org/10.1371/journal.pone.0012570).","PprI recruits a coordinated stress response from one of nature's most radiation-resistant bacteria, helping damaged cells preserve DNA repair, antioxidant capacity, and blood-forming tissue. In cultured human endothelial cells it roughly halved radiation-damage foci, and after 6 Gy whole-body exposure mouse mortality fell from 50% to 20%. The mammalian target is still unknown and the main efficacy studies come from one group, making independent replication the key next test.","PprI, also called IrrE, is a manganese-dependent zinc metalloprotease that acts as the top of a regulatory cascade rather than as a repair enzyme itself. Under normal conditions the transcriptional repressor DdrO holds the radiation-response regulon shut. After irradiation, PprI cleaves DdrO, derepressing the regulon and driving expression of RecA, PprA and single-stranded DNA-binding protein, alongside induction of antioxidant defences including catalases. The result is that a single protease event converts radiation damage into a coordinated, genome-wide repair programme.

PprA is one of the downstream effectors and is specific to Deinococcus. It binds DNA ends and nicks, stimulates DNA ligase activity, and interacts with gyrase and topoisomerase IB, which is consistent with a role in holding shattered fragments in a ligatable configuration during reassembly.","Gao and colleagues expressed IrrE in Escherichia coli and obtained approximately 1.6-fold higher survival after gamma irradiation at 50 and 100 Gy, with upregulation of RecA and the catalase KatG (2003, https://doi.org/10.1016/j.dnarep.2003.08.012).

Pan and colleagues showed that IrrE, the global regulator of extreme radiation resistance in Deinococcus radiodurans, also confers salt, oxidative and thermal tolerance when transferred into Escherichia coli and Brassica napus (2009, https://doi.org/10.1371/journal.pone.0004422).

Shi and colleagues carried out the pivotal mammalian work. Human umbilical vein endothelial cells were pretreated with 4 micrograms per millilitre of Pichia-produced PprI six hours before irradiation. Clonogenic survival analysis gave a mean lethal dose D0 of 1.5837 Gy for the control group versus 1.6597 Gy with PprI, which the older record rounds to a shift from 1.58 to 1.66 Gy, and a quasi-threshold dose Dq of 0.9936 versus 1.5430, rounded to 0.99 rising to 1.54; the larger shoulder indicates an increased capacity to absorb sublethal damage. Treated cells showed markedly reduced gamma-H2AX foci at 1, 2, 4 and 8 hours after irradiation, roughly half the control level, reduced apoptosis and increased RAD51. In the same paper, male BALB/c mice, eight weeks old and ten per group, received intraperitoneal PprI at 100 micrograms per kilogram one hour before, one hour after and 24 hours after a 6 Gy dose from a cobalt-60 source. In the saline control group five of ten mice died within 15 days, a 50% mortality rate, while only two of ten died in the treated group, a 20% rate. Treated mice also showed improved white blood cell and platelet counts, better bone marrow clonogenic survival, and reduced lung fibrosis and hepatic and renal damage (2016, https://doi.org/10.1038/srep26664).

Chen and colleagues used in vivo electroporation of a pprI-carrying plasmid in mice before a 6 Gy dose and likewise reduced mortality, an improvement of around 30 percentage points (2016, https://doi.org/10.18632/oncotarget.13893). This record carries that paper under the surname Zhang and the year 2017. Crossref gives the first author as Chen and dates the online publication to 10 December of 2016, with the print issue following two months later in 2017, which is where the 2017 in the old record came from.","T5 (PprI mouse, single lab) + T6 (HUVECs)","Independent replication is the first requirement, because the mammalian efficacy data rest essentially on a single group. Long-term safety has not been examined at all, which matters for an agent whose mechanism includes suppressing apoptosis in irradiated cells, since apoptosis is also how a body disposes of cells carrying unrepairable damage. Delivery needs to move away from bolus injection of a bacterial protein toward a humanised or PEGylated construct, or messenger RNA delivery, before repeated dosing is plausible.",Gao DNA Repair 2003 https://doi.org/10.1016/j.dnarep.2003.08.012 | Pan PLoS ONE 2009 https://doi.org/10.1371/journal.pone.0004422 | Shi Scientific Reports 2016 https://doi.org/10.1038/srep26664 | Chen Oncotarget 2016 https://doi.org/10.18632/oncotarget.13893 | Daly PLoS ONE 2010 https://doi.org/10.1371/journal.pone.0012570 | Daly Science 2004 https://doi.org/10.1126/science.1103185,"The mechanistic story does not transfer cleanly. PprI's known substrate, the repressor DdrO, is absent in mammals, so whatever PprI does in a human cell it is not doing by cleaving DdrO and derepressing a Deinococcus regulon. The observed effects in human cells, increased antioxidant capacity and elevated RAD51, are therefore indirect and the actual mammalian target is unidentified. This is the central unresolved problem with the gene: it works, and nobody has shown how.

The magnitude of the transferable effect is also far smaller than the organism's reputation suggests. Deinococcus itself is roughly 1000 times more radiation-resistant than a human cell, but moving IrrE into Escherichia coli bought only about 1.6-fold (https://doi.org/10.1016/j.dnarep.2003.08.012), and the HUVEC D0 shifted from 1.5837 to 1.6597 Gy, that is from 1.58 to 1.66 Gy, a change of under 5%, while the Dq shoulder widened from 0.99 to 1.54. The larger Dq shoulder is the more meaningful cellular effect, and the mouse mortality change is the most impressive number in the record, but none of these approach the native phenotype.

Daly's work argues that Deinococcus resistance is primarily a matter of small-molecule manganese antioxidant complexes shielding the proteome, rather than of PprI or PprA acting alone (https://doi.org/10.1371/journal.pone.0012570; see also Daly 2004, https://doi.org/10.1126/science.1103185, on manganese accumulation facilitating gamma-radiation resistance). If the protective principle is manganese chemistry, then transferring the regulator without the manganese chemistry transfers the smaller half of the mechanism.

Bolus protein dosing is not translation-ready, and immunogenicity against a bacterial protein is a foreseeable obstacle to repeated administration. PprA, despite being included in this entry, has no robust standalone mammalian in vivo evidence at all; the mammalian case rests on PprI.",,1
pr_marine_photoheterotroph,PR (green-light-absorbing proteorhodopsin),heterologous expression (with all-trans-retinal supplementation),Environmental Adaptation,Light-Powered Metabolism,"Proteorhodopsin was found in the ocean before it was found in an organism. A shotgun-sequencing survey of surface seawater turned up a rhodopsin gene on a bacterial DNA fragment catalogued as EBAC31A08, belonging to the SAR86 clade — a group of gammaproteobacteria nobody had ever grown in culture. The gene existed as a database entry before anyone could hold the cell that carried it, and what it encodes is a light-driven proton pump that lets an ordinary heterotroph run part of its energy budget on sunlight without performing photosynthesis at all.

What the protein does is mechanically simple and biologically radical. A seven-helix opsin holds a molecule of vitamin A aldehyde, all-trans-retinal, buried in the middle of the membrane. A green photon bends the retinal, the protein flexes through a conformational cycle, and one proton is carried from the inside of the cell to the outside. Do that continuously and you have a proton gradient — the same electrochemical currency the respiratory chain builds, and one that can be spent directly on adenosine triphosphate synthesis or on spinning a flagellum.

The experiment that proved the point, done in the Liphardt laboratory at Berkeley, is memorable for its brutality. Escherichia coli carrying the gene were poisoned with sodium azide, which shuts down the respiratory chain, and then put in sunlight. Cells with the pump and its retinal cofactor kept swimming and kept forming colonies; cells with the pump but no retinal did worse than cells with nothing at all, because an opsin without its chromophore is a piece of membrane hardware that does nothing (https://doi.org/10.1073/pnas.0611035104). That control is the honest heart of this card. In the dark, or on a vitamin-A-poor diet, the enhancement is not neutral — it is a liability. And because the pump absorbs green light, which is among the worst wavelengths for getting through tissue, a body-scale version would need a light source inside it.","Proteorhodopsin is a compact green-light-driven proton pump that lets cells convert photons directly into membrane energy without photosynthesis. When respiration was poisoned, engineered E. coli with both the pump and retinal restored flagellar power and achieved 11% survival versus 1% in comparison cells. Animal energy support is conceivable with related pumps, but this protein needs retinal and illumination, and green light penetrates tissue poorly.","Proteorhodopsin is a 249-amino-acid, 27.3 kDa seven-transmembrane opsin. It binds all-trans-retinal, the aldehyde form of vitamin A, through a Schiff base to a lysine residue on its seventh helix, which buries the chromophore in the middle of the lipid bilayer. Absorption of a green photon isomerises that retinal to its 13-cis form, and the strained chromophore drives a cycle of conformational changes in the protein during which one proton is translocated vectorially across the membrane. The gradient this builds — the proton-motive force — is the identical currency produced by the respiratory electron transport chain, which is why it can power the flagellar motor and adenosine triphosphate (ATP) synthase directly, with no electron transport, no oxygen and no quinone pool. The variant on this card is the green-light-absorbing form; a blue-absorbing relative from deeper water differs at a small number of residues that retune its absorption maximum, so the family as a whole reads as a depth gauge for the sunlit ocean.","The decisive experiment poisoned respiration and asked whether light could replace it. Escherichia coli were exposed to 30 mM sodium azide for 30 minutes in sunlight under four conditions — with and without proteorhodopsin, with and without exogenous all-trans-retinal — and then plated for colony counts: “the cells lacking retinal were most sensitive to azide; no colonies were recovered after plating the azide exposed cells. The cells lacking PR but having retinal were slightly more azide resistant; 1% of cells survived. The cells with both PR and retinal were significantly more azide resistant than in all three other conditions (11% of cells survived; P < 0.005, Mann-Whitney U test)” (Walter 2007, https://doi.org/10.1073/pnas.0611035104). A single-cell version of the same logic measured proton-motive force directly, by watching one tethered bacterium's flagellum turn across an azide titration from 0 to 110 mM: “the pmf dropped to 50% of its original value at an azide concentration of 55 mM... When the cells were illuminated with intense green light, their rotation rate was restored to the speed of cells with an unimpaired respiratory system”, and the same work estimated the pump's Michaelis-Menten constant at 10^3 photons per second/nm2 (Walter 2007, https://doi.org/10.1073/pnas.0611035104).",T5 (heterologous gain-of-function in bacteria with single-cell biophysics and survival endpoints; related mitochondrially targeted proton pumps validated in Drosophila and C. elegans by independent laboratories),"In an animal this class of pump has only ever been used inside mitochondria, never at the plasma membrane, and never as proteorhodopsin itself. Imai and colleagues targeted delta-rhodopsin from the archaeon Haloterrigena turkmenica to Drosophila mitochondria and recovered mitochondrial membrane potential and motor behaviour in a CHCHD2 model of Parkinson's disease (https://doi.org/10.1038/s42003-019-0674-1). Berry and colleagues targeted a light-driven proton pump to the mitochondria of Caenorhabditis elegans and extended lifespan (https://doi.org/10.1038/s43587-022-00340-7). Both experiments depend on feeding the animal retinal, because neither the fly nor the worm can synthesise it, and neither used the marine proteorhodopsin of this card. No mammalian in vivo work exists at all. Nobody has measured whether a human cell tolerates a light-gated proton leak in its plasma membrane, and nobody has solved the optical problem: green light penetrates tissue poorly, so a body-scale version would need either an implanted illuminator or a red-shifted pump that has not been built.",Walter Proceedings of the National Academy of Sciences 2007 https://doi.org/10.1073/pnas.0611035104 | Imai Communications Biology 2019 https://doi.org/10.1038/s42003-019-0674-1 | Berry Nature Aging 2022 https://doi.org/10.1038/s43587-022-00340-7,"This gene is a good exhibit for how sequencing changed biology. It was found by environmental shotgun sequencing of seawater rather than by culturing an organism, so the sequence was in a database before anyone had the bacterium; the host is recorded simply as gamma-proteobacterium EBAC31A08 (https://www.uniprot.org/uniprotkb/Q9F7P4). Structures exist at three levels and can be shown side by side: a solution nuclear magnetic resonance structure of the green-absorbing pump (https://www.rcsb.org/structure/2L6X), a cryo-electron microscopy structure of the same protein (https://www.rcsb.org/structure/7B03), and crystal structures of the blue-absorbing variant that occupies a different depth in the water column (https://www.rcsb.org/structure/4KLY and https://www.rcsb.org/structure/4KNF), which lets the display show spectral tuning against ocean depth. There are no clinical trials and no commercial product for proteorhodopsin. The one clearly negative result in the record deserves to stay on the wall rather than be quietly dropped: cells expressing the opsin without retinal were the worst of the four conditions tested, not merely equivalent to untreated cells (https://doi.org/10.1073/pnas.0611035104). Finally, the mitochondrially targeted animal work uses different rhodopsins from different archaea and should not be read as validation of this particular gene (https://doi.org/10.1038/s42003-019-0674-1, https://doi.org/10.1038/s43587-022-00340-7).",,1
prestin_echo,Prestin,Overexpression,Perception,Echolocation Hearing,"Bats and dolphins both hear well into the ultrasonic range — frequencies far above anything a human or mouse can detect — and they evolved this ability independently. The molecular centerpiece is prestin, a motor protein in cochlear hair cells that physically contracts in response to voltage, amplifying faint sounds. Echolocating bats and dolphins carry the exact same amino-acid substitutions in prestin, a textbook example of convergent molecular evolution, and those substitutions change the protein's electrical properties when measured in human HEK293 cells. This is where the press ran ahead of the data. Yalin Li's lab showed in 2022 that prestin-knockout mice still hear above 40 kHz — prestin amplifies loudness but doesn't determine frequency range. Tian 2021 found that prestin's electrical parameters don't actually correlate with how high an animal can hear. Nobody has yet put bat prestin into a mouse and extended its hearing. The convergent evolution is beautiful; the functional story is shakier than it first looked.","Prestin is the voltage-driven motor in outer hair cells, physically amplifying faint cochlear vibrations before sensory cells report them to the brain. Echolocating dolphins and bats evolved convergent substitutions that shift its electrical behaviour, and dolphin prestin shows visible electromotility in cultured human cells. The protein clearly boosts sensitivity, but mice without it still detect frequencies above 40 kHz, so prestin alone does not set ultrasonic range.","Outer hair cell voltage-driven piezoelectric motor protein; non-linear capacitance (NLC) parameters Qmax/Clin, V½, 1/α.","Liu 2014 MBE: 7 species' prestins in HEK293, whole-cell NLC. 1/α significantly increased in all echolocators (N7T attributed); V½ depolarized in dolphin and Stoliczka's trident bat (I384T attributed). Bavi/Santos-Sacchi 2021–2023 dolphin prestin HEK293: V½ −61 mV, 1/α 37 mV; visible electromotility. No knock-in mouse carrying bat/dolphin prestin has been published. Prestin-KO mice: ~50 dB threshold elevation high-freq; Cheatham 2012 V499G/Y501H KI: ~34% residual charge, defective high-freq amplification.","T3 (HEK293 NLC, multiple labs)",No bat/dolphin prestin-KI mouse gain-of-function; mouse hearing range not extended.,Liu Curr Biol 2010 https://doi.org/10.1016/j.cub.2009.11.058 | Liu MBE 2014 https://doi.org/10.1093/molbev/msu194,"CONTRADICTIONS: (1) Li 2022 Neurosci Bull — prestin-KO mice RETAIN >40 kHz hearing — prestin amplifies amplitude, is NOT the ultrasonic selectivity determinant. (2) Tian 2021 Front Cell Dev Biol — NLC parameters DO NOT correlate with species Fmax — direct challenge to the ""prestin drives ultrasonic hearing"" narrative. (3) Shen 2012 — Pteronotus CF bat lacks rhinolophid adaptive signature — convergence incomplete. HEK293 ≠ cochlear micromechanics; Qmax depends on expression; site-direction on common backbone ≠ full-length.",,1
prkar2b_ko,PRKAR2B (PKA RII-beta),loss-of-function germline knockout of the RII-beta regulatory subunit (lowers PKA activity in brain and fat),Longevity & Genome,Metabolic Shield,"Reducing protein kinase A activity extends lifespan in yeast, and the mammalian test of that idea has an unusually specific handle. PKA is a holoenzyme of catalytic and regulatory subunits, and the RII-beta regulatory subunit is expressed mainly in brain and adipose tissue rather than everywhere - so deleting it lowers PKA activity in the two tissues that set energy balance while leaving the kinase intact elsewhere. Enns and colleagues had a strong prior: RII-beta-null mice were already known to be lean and insulin sensitive, protected on a high-fat high-carbohydrate diet against weight gain, hyperinsulinemia, fatty liver and insulin resistance. They ran 40 mutants against 40 wild-type littermates with equal numbers of each sex to lifespan. Male knockouts gained on both survival measures: median lifespan rose from 884 to 1005 days and the 80% lifespan from 941 to 1073 days. Females gained nothing on either. The healthspan data are where the interest is. Wild-type mice of both sexes became increasingly obese with age while mutants held their lean phenotype into old age; wild types lost 8% (males) and 15% (females) of body weight in their final month while mutant males kept lean mass to end of life. Old mutant males stayed insulin sensitive throughout, resisted age-induced fatty liver, and at necropsy showed lower tumour incidence, better renal lesion scores in three of ten graded categories, and a trend toward less cardiac pathology - splenic tumours appeared in all wild-type mice but only about 40% of mutants. The authors' own reading is that the lifespan effect tracks decreased body fat rather than insulin sensitivity.","Losing one regulatory subunit of protein kinase A leaves mice lean and insulin sensitive for life instead of fattening with age. Male knockouts reached a median lifespan of 1005 days against 884 for littermates (P=0.006), with fewer spleen tumours, less age-related fatty liver and better kidney scores. Females got nothing at all, and the entire cohort was 20 animals per sex in a single laboratory.","PRKAR2B encodes a 418-residue, 46.3 kDa regulatory subunit of cAMP-dependent protein kinase A. Two regulatory subunits bind two catalytic subunits to hold the kinase inactive until cAMP binds the regulatory pair and releases the catalytic subunits. RII-beta expression is concentrated in brain and adipose tissue, so its loss lowers PKA signalling selectively in those compartments, with compensatory subunit substitution altering rather than abolishing kinase output. The metabolic consequence is a lean phenotype resistant to diet-induced obesity, hyperinsulinemia, fatty liver and insulin resistance, with lower serum glucose and cholesterol and improved glucose dispersal - a profile the authors explicitly compare to caloric restriction. The survival correlation was with adiposity, not insulin sensitivity: 50% of male mice in the 30-35 g range (roughly 5% body fat) reached 1000 days regardless of genotype, and no male outside that weight range did.","Enns 2009 (PLoS ONE): in a cohort of 40 RII-beta-null mice against 40 wild-type littermates with equal numbers of each sex, male knockouts had median lifespan increased from 884 to 1005 days (+13.7%, log-rank P=0.006) and 80% lifespan from 941 to 1073 days (+14.0%, Wang-Allison P=0.004). OpenGenes records the male row as +7.9% median (+10.4% maximum) and the female row as -9.7% median. There was no difference in either median or 80% lifespan for females. Healthspan: wild-type mice of both sexes became increasingly obese with age while mutants stayed lean into old age; mutant males maintained lean body mass to end of life whereas wild types lost 8% (male) and 15% (female) of body weight in their final month; old mutant males were insulin sensitive throughout life; both sexes had modestly lower blood glucose; mutant males resisted age-induced fatty liver. End-of-life pathology in males: decreased tumour incidence with splenic tumours in 100% of wild-type versus roughly 40% of mutants, significantly better scores in 3 of 10 graded renal lesion categories including tubular degeneration and interstitial and pelvic inflammation, and a trend toward less age-related cardiac pathology.","T5 (mouse germline-knockout lifespan cohort with both sexes powered equally, two survival statistics, longitudinal body-composition and insulin-sensitivity phenotyping and systematic end-of-life pathology across kidney, liver, spleen and heart; one laboratory, 20 animals per sex per genotype, no human intervention)","The lifespan benefit is male-only and the female data are not merely null - the OpenGenes female row records -9.7% median, so this gene has an opposite-direction sex effect rather than a sex-limited one, and the paper confirms no difference in either female survival statistic. That is a harder constraint than the female-only pattern seen in the library's S6K1 card. Cohort size is 20 animals per sex per genotype from one laboratory, never replicated. The authors' own preliminary interpretation weakens the mechanism claim: they attribute the survival gain to decreased body fat rather than to insulin sensitivity or to PKA signalling as such, and the strongest single predictor in their data is body weight in the 30-35 g window irrespective of genotype - which means the intervention may be a route to leanness rather than an aging pathway. No human has had PKA RII-beta reduced. PRKAR2B has no solved PDB structure, and the clinically relevant PKA regulatory-subunit disease in humans is the opposite lesion: inactivating PRKAR1A mutations cause Carney complex with multiple tumours, so the PKA regulatory subunits are not a family where reduced function is assumed safe.",Enns PLoS ONE 2009 https://doi.org/10.1371/journal.pone.0005963,"STATISTIC: 884 -> 1005 days is MEDIAN lifespan in MALES and recomputes to +13.7%; the 941 -> 1073 day figure is the 80% lifespan (Wang-Allison), +14.0%. OpenGenes records +7.9% median for the male row - the pack quotes the paper's own day values and flags the discrepancy. The OpenGenes _min for the male row is -9.0%, i.e. NEGATIVE, which is another reason the minimum-lifespan column must never be used as an effect size. SEX EFFECT IS OPPOSITE-SIGNED, not just absent: female row is -9.7% median in OpenGenes and the paper reports no difference in either female survival measure. This must survive into card copy. MECHANISM CAVEAT FROM THE AUTHORS: they attribute the lifespan effect to decreased body fat, NOT to insulin sensitivity - do not write this card as an insulin-signalling story. NO STRUCTURE: PRKAR2B has zero PDB entries (verified this session); AlphaFold only. FAMILY CAUTION: inactivating PRKAR1A mutations cause Carney complex in humans - reduced PKA regulatory-subunit function is not a safe-by-default direction.",,0
pten_extra_copy,PTEN,"gain of function - one additional genomic copy of the gene (systemic, modest overexpression across all tissues)",Longevity & Genome,Metabolic Reset,"Almost every intervention in this pathway works by removing something: a receptor, a kinase, a protease. PTEN is the one that works by adding. It is the phosphatase that undoes PI3K's work, stripping the phosphate off PIP3 and shutting the AKT growth signal down - and it is one of the most frequently lost tumour suppressors in human cancer. Manuel Serrano's group at the Spanish National Cancer Research Centre built mice carrying additional genomic copies, so the whole animal expresses modestly more PTEN from the start. Those mice were protected from cancer, which was expected, and they lived longer - and the survival benefit held even after accounting for their lower cancer incidence, which was not. The mechanism turned out to be metabolic rather than purely anti-proliferative: the extra-PTEN mice had increased energy expenditure, carried less fat, and their brown adipose tissue was hyperactive with high levels of the uncoupling protein UCP1, which the group showed is a FOXO1 target. A synthetic PI3K inhibitor reproduced the raised energy expenditure and the brown-fat activation in ordinary mice, so the effect is pathway-level, not an artefact of the transgene. The direction of this card is the important part. PTEN is one of the very few nodes in the GH/IGF axis where more of the gene is the enhancement, which makes it deliverable in principle by the same overexpression toolkit the rest of the library uses. What kills the simple story is what happens with less: tissue-restricted Pten knockout in melanocytes cut median lifespan 92%, because losing PTEN is how melanoma starts.","An extra copy of the phosphatase that shuts off the PI3K growth signal makes brown fat burn harder and keeps the body leaner. Mice with additional copies lived 18% longer at the mean in males and were markedly protected from cancer, with raised energy expenditure rather than reduced food intake. PTEN loss drives many human tumours, so the dose window is bounded on one side by cancer and on the other by the fact that no delivery to a person exists.","PTEN encodes a 403-amino-acid lipid phosphatase that dephosphorylates PIP3 to PIP2, directly reversing class I PI3K and thereby lowering AKT activation. Reduced AKT signalling keeps FOXO transcription factors nuclear; the Serrano work identified UCP1 as a FOXO1 target, linking extra PTEN to uncoupled respiration in brown adipocytes and a genuinely raised metabolic rate rather than reduced intake. Extra PTEN also promotes oxidative phosphorylation and decreases glycolysis, opposing the metabolic reprogramming cancer cells depend on - one proposed reason the cancer protection and the longevity effect are partly separable. Dosage is the whole story for this gene: modest systemic elevation is protective, while loss of even one allele is tumour-permissive.","Ortega-Molina 2012 (Cell Metabolism): Pten transgenic mice carrying additional genomic copies of Pten were protected from cancer and presented a significant extension of lifespan that was independent of their lower cancer incidence, with increased energy expenditure and protection from metabolic pathologies. Brown adipose tissue was hyperactive with high UCP1, shown to be a FOXO1 target, and a synthetic PI3K inhibitor reproduced the increased energy expenditure and brown-fat hyperactivation in wild-type mice and in isolated brown adipocytes. OpenGenes records the lifespan cohorts as +18% mean / +11% median in males (n=21 vs 42 control) and +11% mean / +18% median in females (n=19 vs 52 control), both significant, with a documented 100% increase in target gene expression and improvements recorded in DNA metabolism, carcinogenesis, insulin sensitivity, lipid metabolism, body composition and INS/IGF pathway signalling. The same record contains the opposing direction: melanocyte- and Trp2-neuron-restricted Pten knockout decreased median lifespan 92% in homozygotes and 13% in heterozygotes.",T5 (mouse germline transgenic with lifespan endpoints in both sexes plus a small-molecule pathway phenocopy; no human genetic or therapeutic gain-of-function exists),"There is no way to give a human an extra PTEN copy. No PTEN gene therapy has entered human trials, and the human PTEN clinical literature runs the opposite direction - PTEN loss defines Cowden syndrome and PTEN hamartoma tumour syndrome, and PTEN status is used to select patients for PI3K/AKT inhibitors in oncology. The mouse lifespan data come from a single laboratory and have not been independently replicated with a survival endpoint. The dosage window has not been mapped: the transgenic mice carry roughly doubled expression, and no experiment defines how much extra PTEN becomes harmful, or what happens if expression is uneven across tissues after vector delivery.",Ortega-Molina Cell Metabolism 2012 https://doi.org/10.1016/j.cmet.2012.02.001 | Ortega-Molina Trends Endocrinol Metab 2013 https://doi.org/10.1016/j.tem.2012.11.002 | Inoue-Narita Cancer Research 2008 https://doi.org/10.1158/0008-5472.can-08-0889,"DIRECTION: this is the rare add-a-copy card in the GH/IGF axis - the enhancement is MORE PTEN. All clinical activity around the symbol concerns PTEN LOSS (Cowden syndrome, PTEN hamartoma tumour syndrome, PI3K-inhibitor patient selection in oncology), so any registry search on this symbol returns the opposite direction and must be filtered. CANCER: the negative rows are not hypothetical - melanocyte-restricted Pten knockout cut median lifespan 92% (https://doi.org/10.1158/0008-5472.can-08-0889). This asymmetry is the card's core fact: extra copies protect, missing copies kill. DOSAGE UNKNOWN: no experiment defines the upper safe bound of PTEN overexpression, and unlike the knockdown cards there is no partial-inhibition dial - vector-delivered overexpression would be uneven across tissues. SINGLE LAB: lifespan data are from the Serrano group only. TRAIT CHOICE: the brown-fat/UCP1 metabolic mechanism overlaps the existing fgf21_stgfbr2 'Metabolic Reset' card, which is why that existing trait was reused rather than minting a new one.",,0
ptugt1_indigo,PtUGT1 (indican synthase),overexpression of a stabilised decuple variant (PtUGT1stable),Expression,Indigo Dye Synthesis,"Indigo is the oldest blue humans have, and it has always been a chemically awkward one. The pigment is insoluble, so to get it into cloth you must first destroy it: a traditional vat reduces indigo to its soluble leuco form with harsh reducing agents in strongly alkaline water, soaks the yarn, then lets air oxidise the dye back to blue inside the fibre. Denim is dyed this way at a scale of tens of thousands of tonnes a year, and the reducing agents and alkali are the reason blue jeans have an environmental reputation.

The dyer's knotweed of Japan solves the same problem from the other direction. Rather than making indigo and then having to un-make it, the plant makes indoxyl, the reactive monomer, and immediately caps it with a sugar. The product, indican, is colourless, water-soluble and stable, and it stays that way until the cap comes off. Break the leaf, or add a beta-glucosidase, or simply shine light on it, and free indoxyl is released, dimerises, oxidises in air and becomes indigo. This is a pigment stored as a loaded spring, and it is the basis of fermentation indigo dyeing as practised for centuries.

The enzyme doing the capping, PtUGT1, is a perfectly good plant enzyme and a poor industrial one: at the indoxyl concentrations bulk production needs, it inactivates. A protein-engineering campaign fixed exactly that, combining ten stabilising substitutions into a single variant that melts 13.1 degrees Celsius higher without losing wild-type activity, and then ran the whole process through both a techno-economic model and a life-cycle assessment (Bidart 2024, https://doi.org/10.1038/s41467-024-45749-3). The result is honest in a way such papers often are not. Dyeing with indican is dramatically cleaner than the conventional vat, but producing indican is very slightly dirtier than producing indigo, and the whole case rests on a yield figure sitting one percentage point from break-even. For an enhancement library the interest is the chemistry itself: colour held in reserve, colourless until something opens it.","PtUGT1 stores blue as a molecular surprise: it caps reactive indoxyl with sugar to make colourless, water-soluble indican, which releases indigo when light or an enzyme removes the cap. A ten-mutation engineered enzyme kept full activity, gained 13.1 °C in thermal stability, and converted 65% of a 100 mM substrate batch. This cleaner dye route is demonstrated at laboratory scale, with large-scale cofactor recycling still to prove.","PtUGT1 is a uridine-diphosphate-dependent glucosyltransferase (UGT) that transfers glucose onto indoxyl to make indican, that is indoxyl-beta-glucoside, a stable, colourless, water-soluble storage form of the pigment precursor. Removing the glucose again, either enzymatically with a beta-glucosidase or photolytically under light, releases free indoxyl, which spontaneously dimerises and oxidises in air to indigo, the pigment itself. The plant uses this as a precursor-storage strategy, keeping the reactive indoxyl capped and inert until it is needed. Industrially the same chemistry replaces the conventional indigo vat, which needs harsh reducing agents and strongly alkaline conditions to solubilise pre-formed indigo, because with indican the dye is generated inside the yarn under mild conditions instead. The wild-type enzyme suffers severe substrate inactivation at the indoxyl titres bulk production requires, and it was this inactivation, rather than catalytic rate, that the stabilising engineering was designed to overcome.","The engineering result is a stability gain with no activity penalty. Mutations with a favourable effect on melting temperature were combined into a decatuple variant designated PtUGT1stable, which showed a Delta Tm of +13.1 degrees C (+13.8 kcal/mol) while retaining wildtype activity (Bidart 2024, https://doi.org/10.1038/s41467-024-45749-3). That stability translated into process performance: the variant achieved 65% conversion of 100 mM indoxyl in an inexpensive phosphate-citrate buffer, against a techno-economic viability threshold the authors had set at 60% conversion of at least 100 mM indoxyl with uridine-diphosphate-glucose recycling and replacement of the HEPES buffer by a pH stat (https://doi.org/10.1038/s41467-024-45749-3). A cradle-to-factory-gate life-cycle assessment then compared indican dyeing against the conventional indigo vat and found that photolytic, light-driven release would reduce the environmental impact of blue denim dyeing with 73%, compared to a 92% reduction offered by enzymatic dyeing, and that indican dyeing has the potential to reduce human lifetime loss, biodiversity loss and financial loss from resource depletion to 9, 10 and 6% respectively of conventional-dyeing losses (https://doi.org/10.1038/s41467-024-45749-3). The same assessment declines to overclaim: producing indican rather than conventional indigo at 65% yield carries a 1.2% increase, which can be monetarized to 21.0 USD/kg versus 20.7 USD/kg, and the authors note that raising the yield from 65 to 66% would make the two equal, while the dyeing step itself costs 1.5-fold conventional, or 0.08-0.14 USD per pair of jeans at scale (https://doi.org/10.1038/s41467-024-45749-3).","T4 (engineered enzyme characterised in vitro, demonstrated dyeing process, plus techno-economic and life-cycle assessment; not yet at industrial scale)","Everything demonstrated here happened in a test tube and a dye bath. The work established an in vitro enzymatic process and a laboratory-scale dyeing protocol, and nobody has expressed the engineered enzyme in a plant or an animal host or run the process at industrial scale, so the card's body framing is an extrapolation from plant chemistry rather than a reported phenotype. The techno-economic case also depends on recycling uridine-diphosphate-glucose efficiently at scale, and the authors model that recycling rather than demonstrating it in an industrial reactor. The life-cycle numbers carry a similar caveat: they were computed against the current European electricity grid mix, and the authors state that a fully renewable energy input would change them substantially. Because the margin is thin, small process losses matter more than they would in a mature route.",Bidart Nature Communications 2024 https://doi.org/10.1038/s41467-024-45749-3,"Two closely related UniProt accessions cover this enzyme family in Persicaria tinctoria and it is easy to cite the wrong one. A0A2Z5UHQ8 (https://www.uniprot.org/uniprotkb/A0A2Z5UHQ8) is annotated as indican synthase 2 at 497 amino acids, while A0A2R2JFJ4 (https://www.uniprot.org/uniprotkb/A0A2R2JFJ4) is 478 amino acids and is the accession cross-referenced by Protein Data Bank entry 5NLM (https://www.rcsb.org/structure/5NLM), a 2.14 angstrom structure titled as a complex between a UDP-glucosyltransferase from Polygonum tinctorium capable of glucosylating indoxyl; Polygonum tinctorium is the older synonym for Persicaria tinctoria, so the two species names in the literature refer to one plant. Both accessions have AlphaFold models. On availability, the engineered enzyme is not a product: plant-derived indican and indigo from Persicaria tinctoria and Isatis tinctoria are sold today as natural dyes, but the PtUGT1stable route remains pre-commercial and has no clinical dimension at all (https://doi.org/10.1038/s41467-024-45749-3). Two caveats on the environmental claim deserve recording rather than smoothing over. Marine eutrophication is reported as getting worse under the indican route, and human toxicity and mineral resource scarcity rise because of the sodium phosphate manufactured for the dyeing buffer, so the 73% and 92% headline reductions describe the dyeing step and not the whole supply chain. The authors also report a viability floor: below 53% conversion the process ceases to be economically viable, which sits uncomfortably close to the 65% achieved. This entry also fills the plant kingdom, previously absent from the database entirely.",,1
pvlea,PvLEA,Overexpression,Stress Resistance,Desiccation Shield,"The sleeping chironomid Polypedilum vanderplanki is the only insect that can dry out completely and come back to life — its larvae survive total water loss in African rock pools for years. A major part of its trick is a family of 27 Late Embryogenesis Abundant (LEA) proteins, intrinsically disordered molecules that form protective glass-like matrices as water leaves the cell. The 2014 genome project by Gusev and colleagues found these genes massively expanded and clustered on Chromosome 4 — an evolutionary hotspot for desiccation innovations. LEA proteins from anhydrobiotic organisms have been expressed in mammalian cells: independent groups showed LEA fusions localize to cytoplasm and mitochondria in HepG2 hepatoma cells and sheep fibroblasts, protecting against acute desiccation damage. Gusev's team confirmed PvLEA localization in mammalian and insect (Sf9) cells, though GFP-fusion localization varied between constructs and cell lines. The mechanism is distinct from tardigrade CAHS proteins: while CAHS D forms reversible gel-like fibers, LEA proteins act through vitrification — forming an amorphous solid that physically immobilizes biomolecules. The limitation is real: LEA glass formation requires very low water content, and human cells don't naturally dehydrate that far. Still, for biopreservation of cells, tissues, or organs, LEA engineering is one of the most-studied routes.","PvLEA proteins help the sleeping chironomid survive years of near-total drying by forming a glass-like matrix that immobilizes and shields membranes, proteins, and enzymes until water returns. Its genome carries 27 LEA copies, and related proteins have protected cultured mammalian cells and isolated biomolecules during dehydration. The strongest opportunity is preserving cells, tissues, and organs, where drying conditions can be engineered alongside trehalose.",Intrinsically disordered proteins that undergo vitrification (glass-state transition) at low water activity; physically immobilize and shield biomolecules and membranes during desiccation. Reinforced by trehalose-based glassy matrix. 27 paralogues in P. vanderplanki clustered on Chromosome 4.,"Gusev 2014 Nat Commun: genome revealed 27 PvLEA genes massively upregulated during anhydrobiosis. A group 3 LEA protein from Artemia has been reported to protect human HepG2 cells from desiccation and maintain membrane integrity; the primary source for this specific result could not be verified and the claim is retained without attribution pending confirmation. Marunde 2013: AfrLEA3m protected sheep fibroblasts during air-drying. Kondratyeva 2022: PvLEA-GFP fusions localized to cytoplasm/mitochondria in mammalian and Sf9 cells. In vitro: LEA proteins protect LDH, citrate synthase, and liposomes from dehydration-induced damage.","T4 (mammalian cell expression, localization confirmed) + T3 (cross-species functional protection)",No stable mammalian transgenic; no in-vivo drying survival demonstrated; vitrification requires near-complete dehydration beyond physiological range; GFP-fusion localization inconsistent between constructs.,Gusev Nat Commun 2014 https://doi.org/10.1038/ncomms5784 | Kondratyeva Biology 2022 https://doi.org/10.3390/biology11040487 | Yoshida NAR Genomics 2022 https://doi.org/10.1093/nargab/lqac029,"LEA vitrification requires very low water content — human cells do not naturally reach this state. GFP-fusion artifacts: localization differed between N-terminal and C-terminal fusions (Kondratyeva 2022). LEA proteins are highly redundant — 27 paralogues raises the question of which are essential vs. vestigial. Overlap with CAHS D: both protect against desiccation but through different physical mechanisms (glass vs. gel). Biopreservation is the realistic use case, not whole-organism desiccation tolerance.",,1
pvlil_rotifer,PvLiL,overexpression,Stress Resistance,Desiccation,"Bdelloid rotifers (Adineta vaga) survive complete desiccation for decades — losing virtually all body water and reviving when rehydrated. PvLiL (LEA-like protein from bdelloid rotifers) is a Late Embryogenesis Abundant protein that forms a protective glass-like matrix around cellular components during drying, preventing protein aggregation and membrane fusion. This molecular vitrification shield preserves life without water.","Bdelloid rotifers can dry almost completely, remain dormant for more than nine years, and revive when water returns. PvLiL is a LEA-like protein proposed to form a reversible glassy shield around membranes and proteins, limiting aggregation and tearing during water loss. In cultured mammalian cells it contributes to desiccation protection alongside other stress proteins, pointing toward preservation systems built from several cooperating safeguards.","PvLiL is an intrinsically disordered protein that transitions to an alpha-helical glass-like state upon dehydration. It coats membranes and proteins, preventing deleterious interactions during water loss. Upon rehydration, it dissolves back to its disordered state, releasing protected components intact.",Bdelloid rotifers survive complete desiccation for 9+ years. Heterologous LEA protein expression protects mammalian cells from desiccation damage. LEA proteins from related organisms stabilize enzymes and liposomes during drying.,T3,Bdelloid rotifer-specific LEA proteins are less characterized than Polypedilum vanderplanki PvLEA. Full desiccation tolerance likely requires multiple protective proteins working in concert.,,"Complements existing PvLEA (sleeping chironomid) and CAHS D (tardigrade) desiccation genes. Bdelloid rotifers represent a distinct evolutionary solution. SOURCING GAP flagged for review: this record previously carried a single reference, https://doi.org/10.1038/s41467-023-43075-8, which is Nicolas 2023 on horizontal acquisition of a DNA ligase improving DNA damage tolerance in eukaryotes and does not describe a rotifer desiccation protein. Searches of Crossref and PubMed found no publication describing a bdelloid rotifer gene named PvLiL; the Pv prefix belongs to Polypedilum vanderplanki, the sleeping chironomid behind the separate pvlea record. The gene identity here is unverified and the row should either be re-sourced to a specific Adineta vaga publication or withdrawn. The general claims about bdelloid rotifer desiccation survival and heterologous LEA protection are supported in the wider literature but are not attributable to this gene as named.",,0
pvpimt,PvPIMT,Overexpression,Longevity & Genome,Protein Repair,"Proteins accumulate damage over time — one of the most common lesions is the spontaneous conversion of aspartate and asparagine residues into isoaspartate, which kinks the backbone and kills function. Every organism has at least one enzyme to fix this: protein L-isoaspartate methyltransferase (PIMT). Humans have one copy. The sleeping chironomid has fourteen. Gusev's 2014 genome project revealed this dramatic gene expansion, and later work showed PIMTs are among the most overexpressed genes during both desiccation and ionizing radiation exposure — the molecular repair crew works overtime whenever proteins get beaten up. Deviatiiarov 2020 characterized the family in detail: only PIMT1 and PIMT2 retain classical enzymatic activity; the others appear to have acquired novel functions through subfunctionalization. Shaikhutdinov 2023 found that the closely related P. pembai (which is also desiccation-tolerant) independently amplified PIMTs to 6 copies with radical structural changes, suggesting strong positive selection on protein repair. The human orthologue PCMT1 is well studied — PCMT1-knockout mice die within 42 days of seizures and brain damage. Overexpression of PCMT1 in Drosophila extends lifespan under heat stress. The chironomid's solution is simple brute force: more copies, more repair, more survival.","PIMT repairs isoaspartate, a spontaneous backbone kink that accumulates in proteins during age, heat, radiation, and drying. The sleeping chironomid expanded this repair family to 14 copies, while flies with extra PIMT lived about 30% longer under heat stress and mice lacking their sole copy die young with seizures. The next question is which active chironomid paralogue adds useful repair, since only two retain the classical enzyme activity.",SAM-dependent methyltransferase that converts L-isoaspartate back to L-aspartate via a methyl ester intermediate. 14 paralogous copies in P. vanderplanki (vs. 1 in most insects/mammals). Subfunctionalized: only PIMT1/PIMT2 retain canonical enzymatic activity; others may have acquired novel repair or regulatory roles.,"Gusev 2014: 14 PIMT paralogues identified, among most upregulated genes during anhydrobiosis. Deviatiiarov 2020: expression profiling across 5 clusters; only PIMT1/2 enzymatically active. Shaikhutdinov 2023: P. pembai independently amplified PIMTs to 6 copies with radical structural changes under positive selection. Kim 2002: PCMT1-knockout mice die by day 42 (seizures). Chavous 2001: Drosophila PCMT overexpression extends lifespan ~30% under heat stress.",T4 (P. vanderplanki expression/functional data) + T3 (Drosophila/mouse orthologue studies),No mammalian PIMT overexpression study; unclear which of the 14 paralogues are most protective; subfunctionalized copies may not all transfer useful activity; human PCMT1 is essential but whether more is better is unknown.,Gusev Nat Commun 2014 https://doi.org/10.1038/ncomms5784 | Deviatiiarov Insects 2020 https://doi.org/10.3390/insects11090634 | Shaikhutdinov GBE 2023 https://doi.org/10.1093/gbe/evad169 | Chavous PNAS 2001 https://doi.org/10.1073/pnas.251446498,"Amplification strategy assumes more copies = more repair, but subfunctionalization means many paralogues have diverged in function. PCMT1-null mice die young — the enzyme is essential, but the dose-response curve for overexpression is unstudied in mammals. P. pembai shows a completely different PIMT architecture, suggesting there is no single optimal solution even among chironomids. No direct cross-species expression in mammalian cells yet.",Stress Resistance,1
rbm3,RBM3,Overexpression,Environmental Adaptation,Hypothermic Protection,"Hibernating ground squirrels cool their bodies to near freezing for months — yet their brains emerge unscathed. When a human brain drops below 33°C during cardiac arrest, neurons die from failed synapse regeneration. The difference comes down to RBM3, a cold-shock RNA-binding protein that orchestrates synapse rebuilding during rewarming. Peretti and colleagues published a landmark study in Nature in 2015 showing that RBM3 is the key mediator of cooling-induced neuroprotection. In both prion-infected and Alzheimer's (5XFAD) mouse models, the capacity to regenerate synapses after cooling declined in parallel with loss of RBM3 induction. When they overexpressed RBM3 via lentivirus in the hippocampus — without any cooling — the results were dramatic: restored synapse reassembly, prevented behavioral deficits, prevented neuronal loss, and significantly prolonged survival in both disease models. Follow-up work mapped the signaling pathway: TrkB-PLCγ1-pCREB activates RBM3 transcription, and RTN3 is the downstream effector promoting synapse formation. The human RBM3 gene exists and is functional — it's just not strongly cold-induced in adult humans the way it is in hibernators. Overexpression could bring the benefits of therapeutic hypothermia without the hypothermia.","RBM3 is a cold-shock RNA-binding protein that helps neurons rebuild synapses, offering part of therapeutic hypothermia's benefit without requiring cooling. Lentiviral expression in mouse hippocampus restored synapse reassembly, prevented neuronal loss and behavioural decline, and extended survival in both prion and Alzheimer's models. The survival evidence is strong but comes from one laboratory, and RBM3's broad control of messenger RNA calls for careful dosing.","RBM3 is a 157-aa RNA-binding protein with an N-terminal RNA recognition motif (RRM) and glycine-rich C-terminal domain. Upregulated during hypothermia via TrkB-PLCγ1-pCREB signaling. Promotes synapse reassembly through downstream effector RTN3, facilitating neurite outgrowth and synapse formation. Also broadly stabilizes mRNAs at low temperature.","Peretti 2015 Nature: lentiviral RBM3 overexpression in mouse hippocampus restored synapse reassembly, prevented behavioral deficits and neuronal loss, significantly extended survival in both prion (RML) and Alzheimer's (5XFAD) models — without cooling. Peretti 2021: TrkB agonism induces RBM3 without cooling. Bastide 2017: RTN3 identified as downstream neuroprotective effector.",T5 (mouse in-vivo overexpression with survival endpoint in two disease models),"Single laboratory (MRC Prion Unit) — not independently replicated. Effect demonstrated in disease rescue, not healthy brain enhancement. AAV delivery to human hippocampus is invasive. Long-term effects of constitutive overexpression unknown. RBM3 affects global mRNA stability — transcriptome-wide side effects possible.",Peretti Nature 2015 https://doi.org/10.1038/nature14142 | Peretti Life Sci Alliance 2021 https://doi.org/10.26508/lsa.202000884 | Bastide Curr Biol 2017 https://doi.org/10.1016/j.cub.2017.01.047,"Published in Nature with robust survival data, but all key experiments from one laboratory (the Mallucci group at the MRC Prion Unit; first author Peretti, senior author Giovanna R. Mallucci, https://doi.org/10.1038/nature14142). Independent replication critical. Effect is disease rescue, not enhancement above normal — the 'hibernation in a bottle' framing is attractive but unvalidated. RBM3 is a global RNA chaperone; constitutive overexpression may have unintended transcriptome effects. TrkB agonism (pharmacological RBM3 induction without cooling) may be more attractive than direct gene delivery.",Longevity & Genome,1
reflectin,Reflectin,Chromatophore system expression,Expression,Camouflage,"Cuttlefish and octopuses change color in milliseconds by telling reflectin proteins inside special skin cells to reorganize. Reflectin is weirdly rich in methionine and arginine and self-assembles into stacked layers that act as tunable mirrors. In 2020, Alon Gorodetsky's group at UC Irvine stably expressed squid reflectin in human HEK293T cells; the protein condensed into intracellular nanoparticles, and when researchers changed the salt concentration outside the cells, the reflectin condensates reversibly swelled and shrank, modulating how the cells scattered light. Media outlets called it 'invisible human cells,' which overstates a genuinely cool result: what changed was the cells' refractive index by a few percent, not their transparency to the naked eye. Cephalopod skin also needs chromatophore organs — pigmented sacs under fine neural control — that simply don't exist in mammals. Reflectin, by itself, is a promising biomaterial with medical-imaging potential; adaptive camouflage for humans is not in the cards.","Reflectin self-assembles into tunable optical particles, giving cephalopod skin its ability to change how strongly it scatters and reflects light. In stable human-cell cultures, reflectin condensates reversibly swelled and shrank with salt, moving their refractive index from about 1.4 toward the 1.33–1.38 range of cytoplasm. This proves controllable optics in mammalian cells, though organism-scale camouflage also needs layered tissues and neural control.",Reflectins (~20–60% Met/Tyr/Arg) self-assemble into membrane-bound lamellar Bragg stacks; phosphorylation-controlled hydration tunes reflectance.,"Kramer 2007 Nat Mater: recombinant squid reflectin in E. coli forms films/gratings/fibers; ammonia/acid triggers visible spectrum shifts. Chatterjee 2020 Nat Commun: stable HEK293T lines expressing D. opalescens reflectin A1 — condensed into intracellular nanoparticles; quantitative phase microscopy showed leucophore-like contrast; NaCl osmotic challenge REVERSIBLY modulated light scattering (refractive index n≈1.4 vs cytoplasm 1.33–1.38); tens of percent transmittance changes across visible/NIR. Gorodetsky lab reflectin-coated films: tens of percent reversible IR reflectance with stretch — MATERIALS, not tissue.",T6 (HEK293T in vitro) + T3 (E. coli films),No in-vivo mammal; no tissue-level camouflage; requires innervated chromatophores in native animal.,Kramer Nat Mater 2007 https://doi.org/10.1038/nmat1930 | Chatterjee Nat Commun 2020 https://doi.org/10.1038/s41467-020-16151-6,"Press framing (""invisible human cells"") OVERSTATES result: effect is refractive-index modulation only, not perceptible transparency. Structural biology of reflectin contested (IDP, no crystal structure). No mouse/zebrafish demonstration.",,1
resilin,Resilin,Transgenic knock-in,Expression,Elastic Resilience,"A flea jumps 150 times its own body length because its legs contain resilin — nature's most efficient rubber. This elastomeric protein stores and returns 92–97% of mechanical energy, outperforming any synthetic rubber. Insects use it for high-frequency wing hinges, jumping pads, and sound-producing tymbals. Resilin was first described by Torkel Weis-Fogh in 1960, and the gene was identified in Drosophila melanogaster as CG15920. The protein is largely intrinsically disordered (~94%), gaining its extraordinary elasticity from entropic recoil — stretched resilin spontaneously recoils because the disordered chains seek maximum entropy, like a rubber band. Cross-linking occurs in vivo via dityrosine bridges catalyzed by peroxidase. Qin and colleagues showed in 2011 that recombinant resilin from Drosophila exon 1, expressed in E. coli and photo-cross-linked, formed solid biomaterials with ~90% resilience and high extensibility. Resilin-like polypeptides are actively pursued for tissue engineering: cardiovascular grafts, cartilage repair, and vocal fold reconstruction. In human tissue, resilin expression in tendons, ligaments, or vocal cords could confer insect-level elastic energy storage and fatigue resistance — imagine tendons that never degrade from repetitive strain.","Resilin is nature's near-perfect biological spring, returning about 92–97% of stored mechanical energy in insect wing hinges, jumping pads, and sound organs. Recombinant Drosophila resilin formed cross-linked biomaterials with roughly 90% resilience and high extensibility, inspiring elastic grafts and tissue scaffolds. Building the same performance into living vertebrate tissue requires precise dityrosine cross-linking and integration with the local extracellular matrix.",Resilin is an intrinsically disordered protein that achieves near-perfect elasticity through entropic recoil. Predominantly glycine/proline-rich chains lack stable secondary structure and behave as freely-jointed polymer chains. Cross-linking via dityrosine bonds (catalyzed by peroxidase) creates a covalent elastomeric network with 92–97% energy return efficiency.,"Qin 2011: recombinant Drosophila resilin exon 1 formed biomaterial with ~90% resilience after photo-cross-linking. Qin 2009: full-length resilin expressed, chitin-binding domain characterized, cross-linked materials showed excellent elastomeric properties. Weis-Fogh 1960: measured 97% resilience in locust wing hinge.","T3 (recombinant expression in E. coli, biomaterial characterization) + T4 (insect in-vivo)",No mammalian tissue expression. Dityrosine cross-linking requires controlled enzyme activity — uncontrolled cross-linking could damage tissue. Integration into existing extracellular matrix unknown. Mechanical loading differs between insect cuticle and mammalian tendon.,Qin Biomaterials 2011 https://doi.org/10.1016/j.biomaterials.2011.06.010 | Qin Biomacromolecules 2009 https://doi.org/10.1021/bm900735g | van Eldijk Top Curr Chem 2012 https://doi.org/10.1007/128_2011_205,No study has expressed resilin in any vertebrate tissue. The 620-aa Drosophila pro-resilin includes a signal peptide (17 aa) and a chitin-binding domain (exon 2) not relevant for human expression — typically only exon 1 (elastic repeats) is used. The path from E. coli expression to in-vivo tendon enhancement is long. Resilin-like polypeptides (RLPs) are among the most promising protein biomaterials but remain pre-clinical.,,1
rgy_pyrococcus,Reverse gyrase (RGY / TopR),Heterologous overexpression (archaeal reverse gyrase transgene),Environmental Adaptation,Thermal Genome Stability,"Reverse gyrase is the closest thing molecular biology has to a diagnostic signature. It is the only protein found exclusively and universally in hyperthermophiles — the organisms that live above 80 C in hydrothermal vents and hot springs — and its presence in a genome is used as the definitive marker for that lifestyle. Structurally it is a fusion of two familiar parts: a topoisomerase IA domain welded to a helicase-like ATPase. Functionally it does something no other enzyme does, introducing positive supercoils into closed circular DNA, tightening the helix rather than relaxing it as bacterial gyrase does.

For years the supercoiling was assumed to be the point, on the reasonable theory that overwinding a helix would resist thermal melting. The more interesting answer turned out to be mechanical. Reverse gyrase recognises nicked DNA, recruits a cooperative coat of protein onto the lesion, and holds the strands in register so a single-strand nick cannot propagate into a double-strand break; it also keeps denatured regions from tangling and helps them re-anneal correctly. This chaperone-like protection needs neither ATP hydrolysis nor any supercoiling activity, which means the enzyme has a second job entirely separable from the one it was named for — it is a splint, not a winch (https://doi.org/10.1093/nar/gkh683).

The literature then produced a beautiful apparent contradiction. One paper is titled to say reverse gyrase is not a prerequisite for hyperthermophilic life; another says it is essential for microbial growth at 95 C. Both are right. Knock the gene out of Thermococcus kodakaraensis and the organism still grows at 90 C, merely more slowly as the temperature rises (https://doi.org/10.1128/jb.186.14.4829-4833.2004). Delete it from Pyrococcus furiosus, which prefers 100 C, and growth at 95 C and above stops outright (https://doi.org/10.1007/s00792-017-0929-z). Together the two papers bracket a threshold near 90 C, above which the splint becomes non-negotiable. That threshold is also this card's hardest limitation, because a human being does not live anywhere near it.","Reverse gyrase acts as a molecular splint for DNA at extreme heat, coating nicked strands so they stay aligned instead of breaking apart. Purified enzyme reduced double-strand breakage about eightfold at 90 °C, and Pyrococcus cannot grow at 95–100 °C without it. The capability is spectacular but temperature-gated: at body temperature its positive supercoiling could interfere with the DNA topology needed for transcription and replication.","Reverse gyrase is a topoisomerase IA domain fused to a helicase-like adenosine triphosphatase (ATPase) domain, 1,214 amino acids and about 140 kDa in Pyrococcus furiosus. Its namesake activity is the introduction of POSITIVE supercoils into closed circular DNA, the opposite of what bacterial gyrase does. The thermoprotective function, however, is separable from supercoiling. The enzyme recognises nicked DNA, recruits a cooperative coat of protein molecules onto the lesion, and then acts as a physical splint that stops a single-strand nick from propagating into a double-strand break; at the same time it prevents denatured stretches of DNA from aggregating inappropriately and promotes their correct re-annealing. This chaperone-like protection requires no ATP hydrolysis and is independent of the positive-supercoiling activity, so the two functions can be uncoupled experimentally. Nothing in this description is repair: no base is excised, no phosphodiester bond is remade to restore a lost nucleotide. The enzyme prevents damage from getting worse rather than reversing damage already done.","The mechanistic result is a straight in vitro measurement. Purified reverse gyrase incubated with DNA at 90 C “reduces the rate of double-stranded DNA breakage approximately 8-fold at 90 degrees C” relative to a protein-free control, and the authors report that this activity does not require ATP hydrolysis and is independent of the enzyme's positive-supercoiling activity (Kampmann 2004, https://doi.org/10.1093/nar/gkh683). Genetics in living archaea then bracketed when the protection actually matters. Deleting the gene from Pyrococcus furiosus, an organism whose optimal growth temperature is 100 C, showed that “the gene is required for growth at 95 degrees C, as well as at 100 degrees C”, leading the authors to conclude that a temperature threshold above 90 C exists above which reverse gyrase is absolutely necessary (Lipscomb 2017, https://doi.org/10.1007/s00792-017-0929-z). The boundary condition comes from a different genus: in Thermococcus kodakaraensis KOD1, whose optimum is 85 C, “the disruption of the reverse gyrase gene did not lead to a lethal phenotype at 90 degrees C”, although positive-supercoiling activity present in the host strain was absent from the disruptant and growth retardation became more striking as temperature rose (Atomi 2004, https://doi.org/10.1128/jb.186.14.4829-4833.2004). Opposite direction, for bounding only — a third laboratory, a third organism and a third method showed the enzyme is required under chemical DNA damage (this establishes necessity, not benefit from overexpression): knocking down topR1 by endogenous type III-B CRISPR-Cas messenger-RNA interference in the thermoacidophilic crenarchaeon Sulfolobus islandicus and challenging the cells with the alkylating agent methyl methanesulfonate showed that “the survival rate of pKD-topR1/E233S1 was about four times lower than pSeSD1/E233S1 during 1.3 and 2 mM MMS treatment and about 90 times lower during 2.6 mM MMS treatment” (Han 2017, https://doi.org/10.3390/ijms18071340).",T3 (in vitro biochemistry plus loss-of-function genetics in three archaeal species from independent laboratories; no heterologous gain-of-function in any eukaryote),"Every quantified result in this record is either purified-enzyme biochemistry or loss of function in an archaeon. Nobody has expressed reverse gyrase in a mesophilic eukaryote and then measured thermotolerance, so the gain-of-function direction this card frames has never been tested in the direction it is framed. Delivery is a second obstacle with a hard number attached: the protein is 1,214 amino acids in Pyrococcus furiosus and 1,711 in Thermococcus kodakarensis, which puts its coding sequence near the practical ceiling for packaging into a single adeno-associated viral vector. There is also a plausible mechanistic conflict that has not been experimentally examined: human topoisomerases maintain negative supercoiling to support transcription and replication, and an enzyme that adds positive supercoils would be working against them. Whether a human cell tolerates that has not been measured in any system.",Kampmann Nucleic Acids Research 2004 https://doi.org/10.1093/nar/gkh683 | Lipscomb Extremophiles 2017 https://doi.org/10.1007/s00792-017-0929-z | Atomi Journal of Bacteriology 2004 https://doi.org/10.1128/jb.186.14.4829-4833.2004 | Han International Journal of Molecular Sciences 2017 https://doi.org/10.3390/ijms18071340,"The apparent contradiction in the titles is real and worth putting on the wall rather than smoothing over. One paper is titled to say reverse gyrase is not a prerequisite for hyperthermophilic life (https://doi.org/10.1128/jb.186.14.4829-4833.2004) and another that it is essential for microbial growth at 95 C (https://doi.org/10.1007/s00792-017-0929-z). Both conclusions hold, because they were reached in different organisms at different temperatures, and read together they define a threshold near 90 C: disrupting the gene in Thermococcus kodakaraensis is survivable at 90 C, whereas the Pyrococcus furiosus gene is required at 95 C and 100 C. Structural depiction requires care. The deposited structures 4DDT (https://www.rcsb.org/structure/4DDT), 3P4X (https://www.rcsb.org/structure/3P4X) and 3OIY (https://www.rcsb.org/structure/3OIY) are all of the Thermotoga maritima homologue, UniProt O51934 (https://www.uniprot.org/uniprotkb/O51934); no experimental structure of the Pyrococcus enzyme (https://www.uniprot.org/uniprotkb/P95479) exists, so any image of it is an AlphaFold prediction and should be labelled as one. There are no clinical trials and no commercial product. The enzyme's practical uses today are as a research reagent and as the definitive phylogenetic marker for hyperthermophily. Supporting loss-of-function evidence now spans three archaeal genera and three independent methods — gene disruption in Thermococcus, deletion in Pyrococcus, and CRISPR interference in Sulfolobus (https://doi.org/10.3390/ijms18071340) — which is unusually broad for a gene with no eukaryotic data at all.",Stress Resistance,1
rh1_spinyfin,RH1 (Spinyfin),overexpression,Perception,Deep-sea Vision,"The silver spinyfin (Diretmus argenteus) has the most complex visual system of any vertebrate — 38 rod opsin genes where most fish have one. By expressing multiple tuned rhodopsins in its retina, each absorbing a slightly different wavelength, the spinyfin can distinguish colors in the near-total darkness of the deep ocean using only rod photoreceptors. This breaks the textbook rule that rod cells cannot do color vision.","A many-pigment rod system could add color discrimination to vision in deep-sea darkness, overturning the textbook idea that rods see only in monochrome. The silver spinyfin expresses 14 of its 38 RH1 copies in the adult retina, spanning roughly 444–519 nm; 444 nm is the most blue-shifted rod pigment known. Realizing the capability requires retinal circuitry able to keep those rod signals distinct.","Through tandem duplication of the RH1 (rhodopsin) gene, the spinyfin expresses 14+ rod opsins tuned to wavelengths from 444-519 nm. Key spectral tuning sites (including positions 83, 122, 261, 292) carry substitutions that shift absorption peaks. Co-expression of differently tuned opsins in separate rod populations enables wavelength discrimination without cone cells.","The most blue-shifted rod photopigment known (RH1-1, ~444 nm) was characterized from spinyfin. 14 of 38 RH1 genes are expressed in adult retina. Three independent deep-sea fish lineages evolved expanded RH1 repertoires convergently.",T3,"Rod opsin engineering for human therapy is speculative. Retinal gene therapy for single genes is feasible (Luxturna), but multi-opsin systems are far more complex. Basic science value is primary.",https://doi.org/10.1126/science.aav4632,Breaks the vertebrate 'one rod opsin' rule. Three independent evolutionary origins of multi-RH1 systems in deep-sea fish.,,0
rps6kb1_ko,RPS6KB1 (S6K1),loss-of-function knockout (whole-body germline; also liver-specific and myeloid-specific deletion in the inflammation work),Longevity & Genome,Nutrient-Sensing Brake,"Caloric restriction extends life in mice, and for decades the question was which molecular limb carries the signal. Dominic Withers and colleagues cut one specific limb: S6 kinase 1, the kinase mTORC1 phosphorylates to switch on ribosome biogenesis and protein synthesis. Deleting it in mice extended lifespan and, more usefully for anyone thinking about human enhancement, produced a healthspan signature rather than just a survival curve - resistance to age-related bone, immune and motor dysfunction, and protection from the loss of insulin sensitivity. The transcriptional profile of the knockouts resembled caloric restriction and pharmacological AMPK activation. The number that matters is female-specific: +20.4% mean and +18.5% median lifespan. Males got almost nothing, +5% mean and +0.6% median, and the median change in males was not significant. A 2024 follow-up from the same group found the mechanism is at least partly inflammatory rather than purely anabolic: S6K1 deletion does not reduce senescent-cell burden in aged liver, it dampens what those cells secrete, cutting IRF3 activation, IL-1-beta production and immune infiltration. That effect was hepatocyte-intrinsic and reproduced with liver-specific and myeloid-specific knockouts, which is what makes a tissue-restricted intervention imaginable instead of a whole-body kinase knockout.","Deleting the kinase mTOR uses to switch on protein synthesis reproduces much of what caloric restriction does to a mouse: better bone, immune and motor function into old age. Female knockouts gained 19% median lifespan with a gene-expression signature resembling restricted animals, and insulin sensitivity improved. Males got the healthspan without the lifespan, and no human has ever received an S6K1 intervention.","RPS6KB1 encodes a 525-amino-acid serine/threonine kinase, the principal effector of mTORC1's anabolic arm. mTORC1 phosphorylates S6K1 at Thr389; active S6K1 phosphorylates ribosomal protein S6 and eIF4B to drive ribosome biogenesis and cap-dependent translation, and phosphorylates IRS1 on inhibitory serines to close the insulin feedback loop. Deleting S6K1 therefore lowers translational output and simultaneously relieves that negative feedback, which is why the knockouts keep insulin sensitivity instead of losing it the way chronic mTORC1 inhibition can. The knockouts' expression profile overlaps caloric restriction and AMPK activation. A separate, tissue-autonomous arm runs through inflammation: in aged liver, S6K1 loss reduces IRF3 activation and IL-1-beta production, lowering immune infiltration without changing senescent-cell number.","Selman 2009 (Science): S6K1 deletion in mice increased lifespan and conferred resistance to age-related pathologies - bone, immune and motor dysfunction and loss of insulin sensitivity - with a gene-expression signature resembling caloric restriction or pharmacological AMPK activation. OpenGenes records the female cohort (n=29 vs 23 control) at +20.4% mean and +18.5% median lifespan, the pooled cohort (n=48 vs 49) at +1.4% mean and +9.3% median, and the male cohort (n=19 vs 26) at +5.0% mean and +0.6% median with the median change not significant. Barinda 2024 (Nature Aging): S6K1 deletion reduced inflammation in aged mouse liver without reducing senescent-cell burden, via reduced IRF3 activation, impaired IL-1-beta production and reduced immune infiltration; liver-specific and myeloid-specific knockouts showed the effect is hepatocyte-intrinsic. A German gene-based association study reports RPS6KB1 variants rs201316437 and rs1051424 associated with human longevity.","T5 (mouse germline knockout with lifespan and multi-organ healthspan endpoints, female-restricted effect) + T7 (single unreplicated human gene-based longevity association)","The lifespan benefit is essentially female-only: male mean lifespan rose 5% and male median 0.6%, which was not significant. No selective S6K1 inhibitor has reached human trials - the clinical assets touching this node are mTOR inhibitors (rapamycin, everolimus, RTB101) that hit the whole complex, not S6K1 alone, and their human results are evidence for MTOR rather than for this gene. The human genetics is one gene-based association study in a German cohort, not a replicated locus. Whole-body S6K1 loss reduces body size, so an adult tissue-restricted approach - liver or myeloid, as in the 2024 inflammation work - is the only version that avoids paying for the benefit with growth.",Selman Science 2009 https://doi.org/10.1126/science.1177221 | Barinda Nature Aging 2024 https://doi.org/10.1038/s43587-024-00695-z | Sanese J Gerontol A 2021 https://doi.org/10.1093/gerona/glab023,"DIRECTION: enhancement is loss of S6K1 activity; activating S6K1 is the pro-growth, pro-inflammatory direction. SEX EFFECT: this is the dominant caveat and must survive into any card copy - female +20.4% mean, male +5.0% mean with a non-significant median. Do not quote a single sex-averaged number as the headline; the pooled cohort was only +1.4% mean. GROWTH: whole-body S6K1 knockout mice are smaller and S6K1 is required for normal ribosome biogenesis, so systemic inhibition carries an anabolic-capacity cost - relevant to muscle maintenance in older adults, where this pathway is the one deliberately stimulated by resistance training and protein intake. IMMUNE: the mechanism runs partly through blunting IL-1-beta and immune infiltration, which helps inflammaging and does not help pathogen defence; the mTOR-inhibitor trial record shows this axis cuts both ways. NO DRUG: verified this session - there is no selective S6K1 inhibitor in human trials; card copy must not imply the rapamycin trials are evidence for this gene.",,0
s100a10_deer,S100A10 (Deer),overexpression,Regeneration,Rapid Bone Growth,"Deer antlers are the fastest-growing bone in the animal kingdom — up to 2 cm per day. S100A10 (annexin A2 ligand) is a calcium-binding protein highly enriched in the antler growth zone that accelerates osteoblast proliferation and bone mineralization. Stanford researchers showed that antler progenitor cells can stimulate bone repair in mice, with S100A10 as a key driver of this extraordinary growth rate.","S100A10 helps bone-forming cells coordinate calcium signaling, matrix deposition, and mineralization, making it an intriguing component of rapid skeletal repair. Deer antlers can grow up to 2 cm per day, and antler progenitor cells accelerated fracture healing after implantation in mice. The protein is one contributor within a larger regenerative niche rather than the whole antler-growth program.","S100A10 forms a complex with annexin A2 on osteoblast surfaces, enhancing calcium signaling and plasminogen activation. In antler periosteum, it is dramatically upregulated during the rapid growth phase, promoting progenitor cell proliferation, extracellular matrix deposition, and accelerated mineralization through enhanced calcium flux.",Antler-derived progenitor cells implanted in mice accelerated bone fracture healing. S100A10 is among the most differentially expressed genes in antler growth zones. Deer antlers regenerate 20+ kg of bone annually with zero cancer risk.,T4,"Antler growth involves a complex niche of progenitor cells, growth factors, and vascular networks. S100A10 alone may be insufficient. Cancer risk from stimulating rapid bone growth in humans needs evaluation.",https://doi.org/10.1126/science.add0488,Paired with UHRF1 (epigenetic regulator) from same Stanford deer antler study.,,0
scaldh21_moss,ScALDH21,Overexpression (moss ALDH21 transgene),Stress Resistance,Reactive Aldehyde Clearance,"Syntrichia caninervis is a desert moss and probably the toughest multicellular organism in this library. Li and colleagues reported in 2024 that it recovers photosynthetic and physiological activity within seconds of rehydration after losing more than 98% of its cellular water, regenerates after three or five years at -80 degrees C and after 15 or 30 days in liquid nitrogen, has an estimated gamma-radiation LD50/1h of about 5,000 Gy in the dry state against about 2,000 Gy when hydrated, and survives simulated Mars conditions with its capacity to regenerate intact (https://doi.org/10.1016/j.xinn.2024.100657). None of that is attributed to this gene, and the honest version of the story keeps the organism and the enzyme apart.

What the gene does is narrower and much better measured. Every one of those insults - drying, salinity, ionising radiation - peroxidises membrane lipids, and peroxidised lipids break down into reactive aldehydes such as malondialdehyde and 4-hydroxynonenal that then attack proteins and DNA. ScALDH21 is a single-copy aldehyde dehydrogenase from a family found only in mosses, and it oxidises those aldehydes to their corresponding acids. A group at the Xinjiang Institute of Ecology and Geography in Urumqi cloned it, put it into tobacco (https://doi.org/10.1016/j.plaphy.2015.07.001), then into upland cotton, and took the cotton all the way to a field trial under water withholding, where the transgenic plants outyielded controls without losing fibre quality (https://doi.org/10.1007/s11032-015-0422-2).

This is the least theatrical kind of stress resistance and possibly the most useful. It is not a shield and not a radical scavenger: it is a mop for the damage products that get past both, which is why it works on drought, salt and oxidative stress with the same chemistry. In a human body the same logic would apply to any tissue that peroxidises its own membranes under load - and so would the complication that the aldehyde being mopped up is also a messenger.","ScALDH21 acts as a chemical cleanup enzyme, oxidizing reactive aldehydes that continue damaging proteins and DNA after drought, salt, or oxidative stress injures membranes. Transgenic cotton retained photosynthesis, formed larger bolls, and produced more fiber under drought without reduced fiber quality; tobacco showed matching stress protection. Its broad value is damage-product clearance, though excessive clearance could also mute useful stress signals.","ScALDH21 is an aldehyde dehydrogenase of 483 amino acids and roughly 53 kDa that depends on the oxidised nicotinamide cofactor NAD(P)+, and it belongs to aldehyde dehydrogenase family 21 - a family unique to mosses and represented there by a single-copy gene. When drought, high salinity or ionising radiation peroxidise membrane lipids, the damaged lipids release reactive electrophilic aldehydes: malondialdehyde (MDA), 4-hydroxynonenal and related lipid-derived carbonyls, all of which form covalent adducts with proteins and with DNA. The enzyme oxidises these aldehydes to their corresponding carboxylic acids, removing the electrophile and regenerating the reduced cofactor NAD(P)H. That places it downstream of the antioxidant enzymes rather than alongside them: it is chemical detoxification of a damage product, not radical scavenging and not physical shielding, so it clears the damaging species that survive after superoxide dismutases, catalases and peroxidases have already acted.","Aldehyde dehydrogenase 21 from the desert moss Syntrichia caninervis was first moved into tobacco, where transgenic plants challenged with drought and salt stress displayed higher germination ratios, higher root lengths, greater fresh weight, higher proline accumulation, lower malondialdehyde (MDA) contents and stronger photosynthetic capacities, as well as higher activities of antioxidant enzymes, and detached leaves from those plants lost water more slowly than non-transgenic leaves (Yang 2015, https://doi.org/10.1016/j.plaphy.2015.07.001). In upland cotton the same transgene produced an agronomic result rather than a purely physiological one: transgenic cotton accumulated approximately 11.8-304% more proline than did non-transgenic cotton under drought stress, made a lower concentration of lipid-peroxidation-derived reactive aldehydes, kept higher peroxidase activity under oxidative stress and lost less of its net photosynthetic rate. Under field conditions the transgenic cotton showed greater plant height, larger bolls, and greater cotton fiber yield than non-transgenic cotton, but no significant difference in fiber quality, which led the authors to conclude that overexpression can greatly improve drought tolerance without costing yield or quality (Yang 2016, https://doi.org/10.1007/s11032-015-0422-2). A salt-stress time course on the transgenic line L96 confirmed the underlying chemistry, since hydrogen peroxide and MDA contents were decreased in the L96 line compared to non-transgenic cotton at all time points across 0, 2 and 5 days of 150 mM sodium chloride, while proline content and phenylalanine ammonia-lyase activity ran significantly higher (Yang 2023, https://doi.org/10.3390/ijms24065822).",T5 (transgenic gain-of-function in two crop species with field-scale agronomic endpoints; single primary lab lineage),"Every gain-of-function experiment is in a plant - tobacco and cotton - and no animal or mammalian cell has ever expressed this enzyme, so nothing is known about how a high-capacity moss aldehyde dehydrogenase behaves in a tissue that already runs a full complement of human aldehyde dehydrogenases. The primary work also comes from one laboratory lineage, so independent replication is still owed. A second gap is attributional rather than experimental: the source organism's spectacular tolerances, including the roughly 5,000 Gy dry-state gamma LD50/1h, the regeneration after five years at -80 degrees C and the survival of simulated Mars conditions, are properties of the whole moss and are not credited to this gene by the paper that reports them (Li 2024, https://doi.org/10.1016/j.xinn.2024.100657), so a visitor buying this card is buying the measured aldehyde-clearance phenotype and not the moss.",Yang Molecular Biology Reports 2012 https://doi.org/10.1007/s11033-011-1017-6 | Yang Plant Physiology and Biochemistry 2015 https://doi.org/10.1016/j.plaphy.2015.07.001 | Yang Molecular Breeding 2016 https://doi.org/10.1007/s11032-015-0422-2 | Yang International Journal of Molecular Sciences 2023 https://doi.org/10.3390/ijms24065822 | Li The Innovation 2024 https://doi.org/10.1016/j.xinn.2024.100657,"The sequence identifier needs a caveat: no UniProt entry maps cleanly onto ScALDH21, and the protein is deposited in GenBank instead, as ACT10822 and ACT10823 at 483 amino acids from Syntrichia caninervis (https://www.ncbi.nlm.nih.gov/protein/ACT10823), consistent with the 483-amino-acid, 53 kDa protein reported when the gene was cloned (Yang 2012, https://doi.org/10.1007/s11033-011-1017-6). No experimental structure exists. Commercially, transgenic ScALDH21 cotton has been through greenhouse and field trials in China as a drought-tolerance trait, but no commercial cultivar release has been reported, and there is no clinical relevance and no registered trial of any kind. The organism-level numbers reported by Li 2024 are verified in that paper's full text and belong to the moss rather than to the transgene (https://doi.org/10.1016/j.xinn.2024.100657); mixing the two would be the easiest way to overstate this card. Within this library the entry is deliberately distinct from the desiccation genes such as CAHS D, PvLEA and trehalose synthase, which work by physically vitrifying or gelling the cytoplasm - this one is an enzyme that destroys a chemical, with no shielding role at all.",,1
scn4aa,SCN4AA,Nav1.4a paralog expression,Environmental Adaptation,Bioelectrogenesis,"The electric eel generates 860 volts by stacking thousands of modified muscle cells — electrocytes — that discharge in unison. The molecular machinery is a teleost-specific duplicate of the muscle sodium channel, scn4aa, which lost its original job in muscle and was repurposed to fire on demand inside the electric organ. It's a beautiful case of evolutionary tinkering. In 2018, Harold Zakon's group took five amino-acid changes from an Apteronotus knifefish and engineered them into a human cardiac sodium channel expressed in frog eggs. The resulting human channel generated a large, physiologically relevant persistent sodium current without needing the usual accessory proteins. But the 860-volt discharge isn't a protein — it's an anatomical design, the electrical equivalent of batteries wired in series across five thousand cells. No mammalian cell or mouse makes its own electricity. The hydrogel 'artificial electric organs' that periodically make the press are pure materials science: zero genes, 110 volts, impressive engineering, no biology.","Repurposed sodium channels let electric-fish electrocytes fire powerful, synchronized currents instead of contracting as muscle. Five knifefish substitutions placed into a human sodium-channel backbone created a large persistent current in frog oocytes, demonstrating that the electrical gating changes are portable. The eel's spectacular discharge—more than 860 volts—also depends on thousands of electrocytes stacked like batteries.","Teleost-WGD Nav paralog; lost muscle expression, compartmentalized to electrocytes; positively selected substitutions in inactivation gate / S4–S5 linker; electric organ voltage arises from STACKED series of electrocytes firing via Nav channels.","Zakon 2006 PNAS: convergent muscle-expression loss + positive selection. Gallant 2014 Science: eel genome + muscle-vs-EO transcriptomics. Traeger 2015 BMC Genomics: Nav isoform quantification. Thompson 2018 PLoS Biol: Apteronotid 5-residue D4 S4–S5 linker substitutions engineered into HUMAN hNav1.5 backbone, expressed in Xenopus oocytes → large persistent Na+ current (INaP) gain-of-function, independent of auxiliary beta-subunits. Native eel protein was NOT expressed in mammalian cells. Whole-animal E. voltai >860 V is ANATOMICAL (stacked electrocytes). Schroeder 2017 Nature ""artificial electric organ"" is hydrogel (110 V, ~27 mW/m2), zero genetic content.",T2–T3 (Xenopus oocyte on human backbone),No mammalian cell/mouse bioelectrogenesis; electrocyte developmental program un-transferred.,Zakon PNAS 2006 https://doi.org/10.1073/pnas.0600160103 | Thompson PLoS Biol 2018 https://doi.org/10.1371/journal.pbio.2004892 | Schroeder Nature 2017 https://doi.org/10.1038/nature24670,"Voltage = MULTICELLULAR ARCHITECTURE, not single gene. Channel identity is actually scn4ab1 in Apteronotids (not scn4aa) — complicating ""universal electric-organ gene"" narrative. Apteronotids retain muscle scn4aa. Artificial organs (Schroeder 2017) sidestep biology entirely.",,1
sirt1_brasto,SIRT1 (brain-restricted overexpression),"Overexpression (brain-restricted transgene, PRNP promoter; DMH/LH-predominant activity)",Longevity & Genome,Hypothalamic Longevity Signal,"SIRT1 is the gene the resveratrol and NAD literature was built on, and the mouse data do not say what the popular story says. Two transgenic experiments matter. Satoh et al. built BRASTO mice — Sirt1 overexpressed under a prion-protein promoter, giving high levels in brain including the dorsomedial and lateral hypothalamus — and these mice lived significantly longer: ~16% median in females, ~9% in males, ~11% pooled, with maximal lifespan also extended. The mechanism is neural, not metabolic-cell-autonomous: Sirt1 partners with Nkx2-1 to raise orexin type 2 receptor expression in the DMH/LH, and knocking down Sirt1, Nkx2-1 or Ox2r in those nuclei removes the phenotype. Separately, Herranz et al. made whole-body Sirt1 transgenics and found NORMAL lifespan — survival curves indistinguishable from wild type in a cohort powered to detect >10% differences — with protection against metabolic-syndrome-associated cancer but no longevity. So the honest claim is narrow and tissue-specific: this is a hypothalamic circuit intervention that happens to use a deacetylase, not a systemic anti-aging gene.","A deacetylase dialled up in the hypothalamus keeps the orexin-receptor circuit that drives night-time activity and metabolic tone from fading with age. Brain-restricted overexpression gave female mice 16.4% more median lifespan and males 9%; whole-body overexpression, by contrast, did not extend life at all. The location is the entire finding, and no brain-targeted human delivery of this gene exists.","SIRT1 is an NAD+-dependent protein deacetylase. The lifespan-relevant activity localises to the DMH and LH, where SIRT1 complexes with the transcription factor Nkx2-1 at the Ox2r promoter and raises orexin type 2 receptor expression, enhancing neural activity in those nuclei. That signal maintains age-sensitive systemic outputs — skeletal muscle tone, nocturnal physical activity, body temperature, oxygen consumption. DMH/LH-restricted knockdown of Sirt1, Nkx2-1 or Ox2r abolishes the phenotype, and DMH-specific Sirt1 overexpression alone reproduces part of it. Because the dependency is on a hypothalamic circuit, raising SIRT1 in peripheral tissues does not deliver the lifespan effect.","Brain-restricted transgenics: median lifespan +16% (females), +9% (males), ~+11% pooled, with statistically significant maximal-lifespan extension. Delayed age-related decline in skeletal muscle and nocturnal activity. Mechanism mapped to a specific Sirt1/Nkx2-1/Ox2r axis in two hypothalamic nuclei with knockdown and region-specific rescue. Four independent human candidate-gene longevity associations (rs12778366 Dutch; rs7896005 American/Caucasian; rs4746720 Japanese).","T5 (two independent mouse transgenic lifespan cohorts with OPPOSING results — brain-restricted extends, whole-body does not — plus region-specific knockdown/rescue mechanism, and four human candidate-gene longevity associations; no human SIRT1 gene therapy, and the small-molecule 'SIRT1 activator' literature is contested on target)","The lifespan effect requires overexpression in specific hypothalamic nuclei; whole-body overexpression produced a normal lifespan curve, so a systemically delivered SIRT1 gene therapy would most likely reproduce the null result. No adult-onset or vector-delivered hypothalamic Sirt1 experiment has been reported. The human evidence is candidate-gene SNP association only — no human has received SIRT1 as a gene or protein, and resveratrol/NAD-precursor trials do not test SIRT1 dose. Whether SIRT1 is the direct target of the reported small-molecule activators remains disputed.",Satoh A et al. Cell Metab 2013;18:416-430 (10.1016/j.cmet.2013.07.013); Herranz D et al. Nat Commun 2010;1:3 (10.1038/ncomms1001); Kuningas 2013 PLoS ONE (10.1371/journal.pone.0058636); Kilpelainen 2011 Biogerontology (10.1007/s10522-011-9360-5); Kim 2018 J Gerontol A (10.1093/gerona/glx247),"DOSE IS NON-MONOTONIC: within the same brain-transgenic paper, the +14-copy line extended lifespan while the +16-copy line did not (females lost 7.9% median lifespan, males +2.1% mean/-0.3% median). More is not better. TISSUE SPECIFICITY IS THE WHOLE STORY: whole-body Sirt1-tg mice had indistinguishable survival curves from wild type in a cohort powered for >10% differences (Herranz 2010) — that paper's contribution is cancer protection, not longevity. POPULAR-CLAIM MISMATCH: resveratrol and NAD-precursor supplementation are widely sold on this gene's name; those compounds' human trials measure mitochondrial and vascular endpoints, not lifespan, and several do not establish SIRT1 as the mediated target. Do not let card copy inherit the supplement narrative. DELIVERY: the mouse route is a germline promoter, not an injectable; hypothalamic targeting in a human is a stereotaxic brain procedure. HUMAN GENETICS: all four association rows are candidate-gene studies, not GWAS — a weaker design, and they cap primary confidence rather than raising it.",Perception,0
sirt4_fatbody,"SIRT4 (mitochondrial sirtuin, fat-body/adipose overexpression)",Overexpression (fat body / adipose-restricted; ubiquitous is dose-sensitive and can reverse),Stress Resistance,Fasting Tolerance,"The seven mammalian sirtuins are usually described as deacetylases, but SIRT4 barely deacetylates anything. Its real catalytic activities are lipoamidase — stripping the lipoyl group off the E2 subunit of pyruvate dehydrogenase, which switches that complex off — plus ADP-ribosylation of glutamate dehydrogenase, which shuts down glutamine entry into the citric acid cycle. It sits in the mitochondrial matrix and its function is to say no: to stop a cell burning fuel it should be conserving.

Wood and colleagues asked what happens when you change the dose of the single fly Sirt4 in either direction. Knockouts were short-lived across seven independent cohorts, losing 19.0 to 33.3% of mean lifespan, and were sensitive to starvation, less fertile, less active, and unable to mobilise long-chain fatty acids from their energy stores. Overexpression went the other way: driven in the fat body with ppl-GAL4 the flies gained up to 22.8% of mean lifespan, and driven ubiquitously with da-GAL4 up to 20.7% (https://doi.org/10.1073/pnas.1720673115). The bidirectional design is what makes this record worth a card — most invertebrate longevity claims have only one arm.

The caution is in the same dataset. One Tubulin-GAL4 overexpression cohort lost 5.0% of mean lifespan while three others gained 3.0 to 14.0%, so the benefit is driver- and dose-dependent even inside a single paper.","A mitochondrial enzyme strips lipoyl and acyl groups off metabolic machinery, throttling how fast a cell burns pyruvate and glutamine when food runs short. Extra copies in fly fat body raised mean lifespan up to 22.8%, while deleting the gene cost 19.0 to 33.3% and left flies starvation-sensitive and less fertile. No mouse lifespan test exists, and in flies the gain is driver-dependent: one ubiquitous line lost 5% instead of gaining.","SIRT4 is a 314-residue NAD-dependent mitochondrial matrix enzyme with a mitochondrial targeting sequence and the canonical sirtuin Rossmann fold, but with a catalytic pocket that favours bulkier acyl groups over acetyl. Its established activities are lipoamidase — hydrolysing the lipoamide cofactor from the dihydrolipoyllysine residue of the pyruvate dehydrogenase E2 subunit, lowering PDH activity and therefore the flux of pyruvate into the citric acid cycle — and ADP-ribosylation of glutamate dehydrogenase, which blocks the glutamine-to-alpha-ketoglutarate anaplerotic route. Both actions restrain oxidative fuel consumption, which is why the knockout cannot handle fasting: without the brake the fly burns through stores and cannot switch to long-chain fatty acids. Raising it in the fat body, the fly's liver-and-adipose equivalent, imposes that restraint at the tissue that governs systemic nutrient partitioning. It has no reported PDB structure, and unlike SIRT1 or SIRT6 it has no chromatin role.","Thirty Drosophila rows, all from Wood 2018, and the record is bidirectional. Fat-body overexpression (ppl-GAL4) gave six rows spanning +6.4% to +22.8% mean lifespan with five of six significant, controls at 59.7 days rising to 67.5 days on average. Ubiquitous da-GAL4 overexpression gave four significant rows from +8.0% to +20.7% (58.7 to 68.3 days) and two rows of improved survival under stress at +13.0% and +20.9%. Tubulin-GAL4 overexpression was mixed: three rows +3.0% to +14.0% with two significant, and one significant row at -5.0% (77.6 to 73.4 days). The knockout arm is uniformly negative and strongly significant: seven homozygous-null rows from -19.0% to -33.3% mean lifespan (68.4 to 51.3 days average), one further null row at -19.5% (81.1 to 65.3 days), and two rows of decreased survival under stress at -16.6% and -22.6%. A separate knockout study contributed four rows with significance_mean = 0, i.e. not significant, and those are excluded from the headline. Knockout flies were starvation-sensitive, less fertile and less active, and could not use long-chain fatty acid stores (Wood 2018, https://doi.org/10.1073/pnas.1720673115).","T4 (invertebrate in-vivo lifespan, bidirectional with a strongly significant seven-cohort loss-of-function arm and a tissue-restricted gain-of-function arm, from one laboratory; no mammalian lifespan data for this sirtuin)","There is no mouse or human lifespan experiment for SIRT4 in either direction; the mammalian literature on this gene is dominated by cancer metabolism, where SIRT4 acts as a tumour suppressor by shutting down glutamine anaplerosis, an axis with its own risks when manipulated systemically. The fly gain is dose- and driver-dependent inside a single paper — the Tubulin-GAL4 cohort that lost 5% of mean lifespan came from the same experiment as the cohorts that gained — so a mammalian test has to be a titrated one, not a maximal-expression AAV. The knockout arm is much stronger than the overexpression arm, which means the safest reading of this record is that SIRT4 is required for normal lifespan rather than that extra SIRT4 is a general enhancer. SIRT4 has no solved structure in the PDB, so structure-guided activator design has no starting point, and sirtuin small-molecule activation has a long history of contested target engagement.",Wood PNAS 2018 https://doi.org/10.1073/pnas.1720673115 | Mathias Cell 2014 https://doi.org/10.1016/j.cell.2014.11.046,"Overlap check against the existing library: sirt1_brasto is a hypothalamic deacetylase card and sirt6_cent_variant is a chromatin/retrotransposon card. SIRT4 is neither — it is a mitochondrial-matrix lipoamidase controlling PDH and glutamine anaplerosis, with no chromatin role, so the mechanism is genuinely distinct rather than a third telling of 'sirtuins are good'. Placed in Stress Resistance because the verified phenotypes are fasting and starvation handling and because Longevity & Genome is out of balance budget. The trait is a NEW string, 'Fasting Tolerance': trait-to-category is strictly 1:1 across all 131 existing cards (no trait appears under two categories), and the closest existing string, 'Metabolic Shield', is bound to Longevity & Genome by glut5_khk_nmr and prkar2b_ko, so reusing it here would have been the library's first trait-category collision. No existing Stress Resistance trait covers a nutrient-restraint brake whose phenotypes are starvation sensitivity and stress survival. Significance discipline: the four knockout rows from https://doi.org/10.1007/s12038-018-9754-5 all carry significance_mean = 0 and contribute no numbers to this pack. The single -5.0% Tubulin-GAL4 overexpression row is significant and is recorded as a negative gene_testing row rather than dropped.",,1
sirt6_cent_variant,"SIRT6 (centSIRT6, N308K/A313S)","Human centenarian haplotype knock-in (two linked coding substitutions, N308K + A313S)",Longevity & Genome,Retrotransposon Silencing,"Nir Barzilai's Longevity Genes Project has spent years sequencing Ashkenazi Jewish centenarians, a population whose relative genetic homogeneity makes rare enrichments easier to spot. One of the things it turned up was a two-residue variant of SIRT6, a chromatin enzyme that sits at the centre of comparative-biology explanations for why some mammals live longer than others. Vera Gorbunova and Andrei Seluanov's laboratory at Rochester, who study exactly that question, took the allele into cells to find out what it actually does.

What it does is retune the enzyme. SIRT6 has two catalytic modes — it removes acetyl groups from histones, and it transfers ADP-ribose onto proteins. The centenarian version shifts the balance: nearly twice the maximal ADP-ribosylation activity, and weaker deacetylation. That shift lands on two specific partners. It ribosylates KAP1, the scaffold protein through which SIRT6 keeps LINE1 retrotransposons — the parasitic sequences that copy themselves around the genome and break loose as we age — packed away in heterochromatin. And it binds lamin A/C, the nuclear-envelope protein, more tightly and ribosylates it more. Cells carrying the variant sealed double-strand breaks faster by both major repair pathways and sat at half the baseline DNA-damage load. Cancer cell lines forced to express it survived worse and killed themselves more readily.

This card is the library's only human centenarian-derived allele, and it is honest about what that is worth. The population signal that led to it is genuinely underpowered — 1% of centenarians against 0.5% of controls, which is a doubling in frequency but nowhere near statistical significance in a cohort of a thousand people. Every functional result is in cultured human cells or purified protein. No mouse carries this allele, so no lifespan, healthspan or tumour-incidence number exists for it. It is a mechanistically legible story anchored to a statistically weak observation — which is the honest state of most human longevity genetics.","This rare human SIRT6 variant retunes a chromatin enzyme toward stronger DNA repair, LINE1 retrotransposon silencing, and elimination of damaged cancer cells. In cultured human cells it boosted non-homologous end joining 2.5-fold, homologous recombination 2-fold, and cut baseline DNA-damage foci by 50%. The gain in ADP-ribosylation comes with weaker deacetylase activity, so the catalytic trade remains important.","SIRT6 is a 355-amino-acid enzyme with two catalytic activities: it is a nicotinamide adenine dinucleotide (NAD+)-dependent deacylase, removing acetyl groups from histones, and a mono-ADP-ribosyltransferase, transferring ADP-ribose onto protein substrates. The centenarian allele carries two linked substitutions, N308K and A313S, in the flexible C-terminus, and it trades one activity for the other: weaker deacetylase activity but stronger mono-ADP-ribosyl (mADPr) activity across a range of NAD+ concentrations and substrates. The gain lands on two specific partners. Enhanced mADPr activity drives ribosylation of KAP1, the heterochromatin scaffold through which SIRT6 silences long interspersed nuclear element 1 (LINE1) retrotransposons, and it strengthens the physical interaction with lamin A/C (LMNA), which is itself ribosylated more heavily. The consequences are tighter LINE1 repression and faster repair of DNA double-strand breaks. Notably, none of this comes from a structural change: the variant protein shows no difference in folding or thermal stability, so the effect is a redistribution of catalytic preference rather than a stability or expression effect.","Expressing equivalent amounts of the centenarian allele against wild-type SIRT6 in reporter assays, centSIRT6 stimulated non-homologous end joining 2.5-fold and homologous recombination 2-fold more than the wild-type protein, and in cumate-inducible fibroblasts the basal level of γH2AX foci — the standard marker of unrepaired double-strand breaks — was reduced by 50% relative to either single-substitution allele or wild-type SIRT6 (Simon 2022, https://doi.org/10.15252/embj.2021110393). The variant also proved more hostile to transformed cells: two cancer cell lines expressing centSIRT6 yielded around 2-fold fewer adherent surviving cells than the same lines expressing wild-type SIRT6, and the centenarian allele triggered at least 2-fold higher levels of apoptosis in those lines (Simon 2022, https://doi.org/10.15252/embj.2021110393). The enzymology matches the phenotype: in a biotin-labelled NAD+ assay, centSIRT6 displayed almost 2-fold higher maximal mono-ADP-ribosylation activity, and the same trend of enhanced activity held as NAD+ was titrated (Simon 2022, https://doi.org/10.15252/embj.2021110393). The human anchor is the weakest link in the chain and should be read as such: targeted sequencing of the SIRT6 locus in 450 Ashkenazi Jewish centenarians and 550 Ashkenazi individuals without a family history of exceptional longevity found the missense variant at twice the allele frequency in centenarians (1%) compared with controls (0.5%), but the authors state plainly that they lacked the power to detect statistically significant differences (P = 0.3), while a follow-up GnomAD analysis placed the allele in the top 5th percentile of SNPs enriched in people over 75 (Simon 2022, https://doi.org/10.15252/embj.2021110393).","T4 (human cell functional characterisation across multiple orthogonal assays, anchored to an underpowered centenarian cohort enrichment; no in vivo mammalian test of this specific allele)","No animal has ever been made carrying centSIRT6, so no lifespan, healthspan or tumour-incidence endpoint has been measured for this allele in a living organism — every functional result comes from cultured human cells or purified protein. There is no clinical trial and no company developing it, which means there is also no delivery strategy: installing two linked coding substitutions across the tissues of an adult human would require precise editing at a scale nobody has attempted. Because the two substitutions travel together in the human haplotype and were tested together, the individual contribution of N308K and of A313S remains unresolved, so a designer cannot tell which one to install if only one is achievable. Finally, the trade in catalytic modes has not been characterised at the whole-organism level: nobody has measured what weaker deacetylase activity does to glycolytic and inflammatory gene expression in a living animal.",Simon The EMBO Journal 2022 https://doi.org/10.15252/embj.2021110393 | Simon The EMBO Journal 2023 https://doi.org/10.15252/embj.2022113326,"The 2022 EMBO Journal paper (https://doi.org/10.15252/embj.2021110393) is the primary record and the source of every number here; an erratum was published in 2023 (https://doi.org/10.15252/embj.2022113326), and the 2022 DOI is the one to cite for the effect sizes. Two pieces of the surrounding evidence are weaker than they look and are recorded here so nobody overstates them. The expression quantitative trait locus rs350845, which is linked to higher SIRT6 levels, was only nominally significant for longevity (P = 0.049). And SIRT6 overexpression does extend lifespan in Drosophila and in mouse according to the paper's own citations, but that is a dose-based intervention on a different axis — more enzyme — whereas this card is a coding variant that changes which reaction the same amount of enzyme prefers, so the overexpression lifespan data cannot be transferred to this allele. There is no commercial route to this variant: it is academic only, with no trial, no company and no consumer access. The tradeoff is intrinsic rather than incidental — the paper reports that centSIRT6 displayed weaker deacetylase activity while gaining mono-ADP-ribosylation activity, so the histone H3K9 and H3K56 acetylation marks through which SIRT6 governs glycolytic and inflammatory gene expression are served less well in exchange for the genome-maintenance gain (https://doi.org/10.15252/embj.2021110393).",,1
slc30a8_ko,SLC30A8,"Loss-of-function knockout (protein-truncating p.Arg138*, p.Lys34Serfs*50, p.Gln174Ter)",Longevity & Genome,Diabetes Resistance,"Insulin is stored as a zinc-stabilised crystal. Inside every secretory granule of a pancreatic beta cell, a transporter called ZnT8 pumps zinc ions in, and the zinc packs six insulin molecules into a compact hexamer ready for release. The obvious prediction is that breaking the pump would be bad for you. The field made that prediction, and human genetics contradicted it.

In 2014 a consortium sequenced or genotyped around 150,000 people across five ancestry groups, collected twelve rare variants that truncate the ZnT8 protein, and analysed them together. Carriers had 65% less type 2 diabetes. Non-diabetic Icelandic carriers of a frameshift allele ran lower glucose. Eleven years later a Pakistani biobank of 145,037 sequenced participants pushed the experiment to its limit: because a truncating variant is enriched in South Asian populations, the cohort contained eighteen people with two broken copies — complete human knockouts of the zinc pump, walking around. They were the most protected group of all, with a recessive odds ratio of 0.34, and when they were recalled for oral glucose tolerance tests the physiology was legible in a way epidemiology rarely is: glucose fell with gene dose while insulin rose, independent of body mass index.

Two things make this card unusual. The first is that it is a knockout you would want, discovered by looking at people instead of at mice — and mouse knockouts of the same gene gave heterogeneous results that did not agree with the human finding, so the model organism actively misled the field. The second is the corporate fingerprint on the author list: Novartis, AstraZeneca, Regeneron and Astellas are all on these papers, and the 2025 study concludes in as many words that inhibiting this transporter, up to and including complete knockout, may be a way to treat type 2 diabetes. Nobody has announced a drug. Somebody is almost certainly looking for one.","Loss of the ZnT8 transporter changes zinc-dependent insulin packaging and produces a gene-dose increase in insulin release during a glucose challenge. Across large human cohorts, loss-of-function carriers had substantially lower type 2 diabetes risk; 18 complete human knockouts showed a recessive odds ratio of 0.34. This is unusually direct human target validation, although systemic zinc handling beyond pancreatic beta cells deserves attention.","SLC30A8 encodes ZnT8, a 369-amino-acid proton-coupled zinc antiporter that concentrates Zn2+ ions into the insulin secretory granules of the pancreatic beta cell, where zinc crystallises insulin into hexamers. Protein-truncating alleles produce an unstable ZnT8 protein and therefore less granule zinc. This runs counter to the prior model, which held that reduced zinc transport should raise diabetes risk. Instead, human haploinsufficiency and complete knockout both raise glucose-stimulated insulin secretion: recall-by-genotype oral glucose tolerance tests (OGTTs) show a gene-dose-dependent fall in glucose alongside elevated insulin, with the corrected insulin response and the disposition index preserved and the effect independent of body mass index. The proposed explanation is that lower granule zinc reduces first-pass extraction of insulin by the liver, and/or alters the kinetics with which insulin crystallises and redissolves, so more of each secretory pulse reaches the periphery. That link between granule zinc and the secretory phenotype is still inferred from the human physiology rather than demonstrated mechanistically.","Sequencing or genotyping of roughly 150,000 individuals across five ancestry groups identified twelve rare protein-truncating variants in SLC30A8. Analysed collectively, carriers had a 65% reduced risk of type 2 diabetes (P = 1.7 × 10^-6), and non-diabetic Icelandic carriers of the p.Lys34Serfs*50 frameshift had reduced glucose levels (-0.17 standard deviations, P = 4.6 × 10^-4) (Flannick 2014, https://doi.org/10.1038/ng.2915). The result was then pushed to complete human knockout in the Pakistan Genome Resource biobank, where 145,037 whole-exome or whole-genome sequenced participants yielded 1,024 heterozygotes for loss-of-function variants and 18 people with no functional ZnT8 at all, including homozygotes for the South-Asian-enriched Gln174Ter allele. The additive odds ratio for type 2 diabetes was 0.62 (95% CI 0.53, 0.72; p = 1.1 × 10^-9) and the recessive odds ratio was 0.34 (95% CI 0.12, 0.93; p = 0.04). Recalling carriers by genotype for oral glucose tolerance testing showed a gene-dose-dependent reduction in glucose with elevated insulin, which is the physiological signature the genetics predicted (Lamarche 2025, https://doi.org/10.1007/s00125-025-06530-3).","T8 (human loss-of-function genetics at two independent scales — around 150,000 people across five ancestries in 2014, and 145,037 sequenced participants including 18 confirmed complete knockouts with recall-by-genotype physiology in 2025)","No ZnT8 inhibitor has entered the clinic, so there is currently no way to acquire this phenotype other than being born with it. The eighteen complete human knockouts are a small group, and they have not been followed in detail for effects on bone, retina and the other tissues where zinc handling matters, which is where a systemic inhibitor would most plausibly cause trouble. The mechanism that connects reduced granule zinc to higher insulin secretion is still inferred from human physiology rather than demonstrated, and until it is, a drug developer cannot say which step to hit or predict what happens outside the beta cell. The only registry records that mention this gene use it as a genotype covariate rather than administering anything, so no dose, schedule or safety window exists to reason from.",Go-T2D Consortium Nature Genetics 2014 https://doi.org/10.1038/ng.2915 | Lamarche Diabetologia 2025 https://doi.org/10.1007/s00125-025-06530-3,"This target reverses the direction the field originally predicted: earlier functional work suggested that reduced zinc transport should increase type 2 diabetes risk, and the human genetics contradicted it (https://doi.org/10.1038/ng.2915). The model organism disagrees too — mouse Slc30a8 knockouts showed phenotypic heterogeneity that did not match the human result, which is worth stating plainly because it means rodent work cannot be used to support or refute this card. Registry searches for SLC30A8 return type 1 diabetes autoantibody screening and antipsychotic-induced metabolic syndrome studies; the closest hit, a mechanistic study of TCF7L2 and SLC30A8 in antipsychotic-induced metabolic syndrome (https://clinicaltrials.gov/study/NCT02093858), runs in the opposite direction from this library's framing and merely measures the gene as a covariate, so it should not be read as clinical support. There is a real immunological caveat: ZnT8 is the autoantigen behind ZnT8 autoantibodies, which were detected in 66 of 156 (42.3%) newly diagnosed type 1 diabetic children in one Tunisian cohort, 6 of those (9%) positive for ZnT8 antibodies as their only humoral marker — and how a null allele interacts with type 1 diabetes autoimmunity has not been studied. Corresponding-author affiliations on the knockout paper span Novartis, AstraZeneca, Regeneron and Columbia, consistent with active industry interest but no disclosed clinical candidate (https://doi.org/10.1007/s00125-025-06530-3).",,1
smedwi,PIWI / SMEDWI,Planarian pathway transfer,Regeneration,Whole-Body Regrowth,"A planarian flatworm cut into 200 pieces will regenerate into 200 whole worms, each with a working brain. The engine of this feat is a population of adult stem cells called neoblasts, maintained by the smedwi genes, which are relatives of the germline PIWI family found across animals. Knocking down smedwi-2 or smedwi-3 with RNA interference causes complete regeneration failure, and the worm dissolves (Reddien 2005, https://doi.org/10.1126/science.1116110; Palakodeti 2008, https://doi.org/10.1261/rna.1085008).

In mammals the PIWI-family genes are confined to germ cells, and knocking out all of them leaves mice with no obvious defect in the rest of the body. When mammalian tumours accidentally switch PIWI on in their non-germline cells, the result is uniformly bad news: colorectal, gastric and pancreatic cancers all weaponise ectopic PIWI to drive proliferation and metastasis. Every time evolution or a laboratory has reached for this pathway outside the germline in a mammal, the outcome has been cancer rather than regeneration. The chasm between planarian pluripotency and human tissue repair is one of the deepest in enhancement biology.","SMEDWI proteins preserve the stem-cell engine behind planarians' extraordinary whole-body regeneration by using piRNAs to silence mobile DNA. Neoblasts comprise about 20% of the animal, and planarians can rebuild a complete body from less than 1% of their original tissue; silencing smedwi-2 makes regeneration collapse within about 12 days. Mammalian PIWI activation would need strict tissue control because ectopic activity is associated with cancers.","PIWI proteins bind a class of small non-coding RNAs called PIWI-interacting RNAs, or piRNAs, and use them as guides to silence transposable elements before those elements can insert themselves into the genome. In planarians this silencing is what keeps the neoblast population genomically stable and therefore pluripotent, so the PIWI-piRNA system is not merely a defence mechanism but the maintenance system for whole-body regenerative capacity.","Reddien and colleagues showed that RNA interference against smedwi-2 causes complete regeneration failure in the planarian Schmidtea mediterranea, with the animals lysing at approximately day 12 (Reddien 2005, https://doi.org/10.1126/science.1116110). Palakodeti and colleagues extended this to smedwi-3, where knockdown produced lysis at approximately day 22, and demonstrated that both genes are required for piRNA expression (Palakodeti 2008, https://doi.org/10.1261/rna.1085008). Neoblasts make up roughly 20% of the adult planarian's cells, and the animal can regenerate a complete body from less than 1% of its original tissue.

The mammalian picture is entirely different. The mammalian PIWI-like genes PIWIL1 through PIWIL4 are restricted to the germline, and mice in which all of them are knocked out show no somatic phenotype. Where ectopic somatic PIWIL1 has been documented, it has been in cancer. In colorectal cancer PIWIL1 is ectopically activated with accompanying promoter demethylation, and the protein assembles a functional piRNA-loaded complex in the perinuclear region of the cell (Sellitto 2019, https://doi.org/10.3390/cells8111390). In gastric cancer, knocking out PIWIL1 drastically reduces proliferation, migration, metastasis and tumorigenesis, and the effect survives abolition of piRNA binding, so it is piRNA-independent (Shi 2020, https://doi.org/10.1073/pnas.2008724117). In pancreatic ductal adenocarcinoma, PIWIL1 acts without piRNAs as a co-activator of the anaphase-promoting complex/cyclosome, which then degrades the cell-adhesion protein Pinin and thereby enhances metastasis (Li 2020, https://doi.org/10.1038/s41556-020-0486-z). In all three cancers the gain of function is oncogenic — increased proliferation, migration and metastasis — and it operates through a piRNA-independent co-activator role rather than through transposon silencing. No transfer of smedwi into mammalian cells for regenerative purposes has ever been published.",T1 (planarian LOF); T4–T6 for mammalian PIWIL ectopic expression but ONLY in oncogenic direction,"The whole-body regeneration gap has never been bridged in a mammal, and this gene does not obviously bridge it. Transferring a single gene cannot reconstitute the piRNA biogenesis apparatus that PIWI proteins depend on — the processing enzymes, the piRNA clusters and the nuage compartment would all have to be built alongside it. There is no animal model in which smedwi expression has produced regeneration, so there is no dose, route or tissue target to translate.",Reddien Science 2005 https://doi.org/10.1126/science.1116110 | Palakodeti RNA 2008 https://doi.org/10.1261/rna.1085008 | Sellitto Cells 2019 https://doi.org/10.3390/cells8111390 | Shi Proceedings of the National Academy of Sciences 2020 https://doi.org/10.1073/pnas.2008724117 | Li Nature Cell Biology 2020 https://doi.org/10.1038/s41556-020-0486-z,"The critical translation barrier here is not technical difficulty but direction of effect. Every mammalian somatic PIWIL gain-of-function published to date is oncogenic rather than regenerative, across colorectal, gastric and pancreatic cancer. That is not a gap in the evidence; it is evidence pointing the other way.

Mice lacking all three PIWI genes are normal, which tells us the pathway is not rate-limiting for anything the mammalian body does outside the germline. Read together with the cancer literature, the most parsimonious interpretation is that the mammalian soma deliberately excludes this pathway, and that the exclusion is itself a tumour-suppressive adaptation. There is no mammalian precedent for PIWI-driven regeneration to build on.",,1
sod2,SOD2,Overexpression,Stress Resistance,Mitochondrial Antioxidant,"For 20 years SOD2 was the poster child for the free-radical theory of ageing. The logic was clean: superoxide leaks from the respiratory chain, superoxide damages everything it touches, and manganese superoxide dismutase is the enzyme that removes it inside the mitochondrion. More of the enzyme should therefore mean less damage and a longer life. It did not work out that way. When several laboratories built mice that produced roughly twice the normal amount of the enzyme across their whole lives, the mice lived exactly as long as their controls. Oxidative damage did drop and paraquat tolerance did improve, but the ageing clock did not move (Jang 2009, https://doi.org/10.1093/gerona/glp100).

The results that followed were more awkward still. Deleting the equivalent gene in nematode worms extended their lifespan rather than shortening it (Van Raamsdonk 2009, https://doi.org/10.1371/journal.pgen.1000361). Naked mole-rats, held up for years as living proof that high antioxidant capacity buys longevity, turn out to carry substantial oxidative damage of their own (Andziak 2006, https://doi.org/10.1111/j.1474-9726.2006.00237.x). The honest conclusion from 20 years of mouse work is that topping up a single antioxidant enzyme does not move ageing, because the rest of the antioxidant network compensates for the change. SOD2 remains genuinely essential for survival — animals lacking it entirely do not live — but it is not a lever you can pull on lifespan.","SOD2 is the mitochondrion's first-line enzyme for converting respiration-derived superoxide into hydrogen peroxide that downstream defenses can clear. Roughly twofold expression in a 97-mouse lifespan study reduced lipid peroxidation and improved resistance to paraquat, demonstrating cleaner mitochondrial stress handling even though lifespan did not change. Its benefit depends on matching peroxide production with catalase and peroxidase capacity.","SOD2 encodes manganese superoxide dismutase, a matrix enzyme that catalyses the dismutation of the superoxide radical anion to hydrogen peroxide and molecular oxygen. Because superoxide is generated continuously by electron leak from the respiratory chain, the enzyme sits at the point where mitochondrial reactive oxygen species are first produced, and its product, hydrogen peroxide, is then cleared downstream by catalase and the glutathione and peroxiredoxin systems. The enzyme is therefore the first step in a network rather than a standalone defence, which is the central reason increasing it in isolation changes so little.","The definitive negative result comes from two coordinated mouse studies. Jang and colleagues overexpressed manganese superoxide dismutase roughly twofold in C57BL/6 mice across the whole lifespan and measured mitochondrial function, oxidative damage, lifespan and end-of-life pathology in a cohort of 97 animals. Lipid peroxidation fell and paraquat resistance improved, but there was no lifespan extension and no change in age-related pathology (Jang 2009, https://doi.org/10.1093/gerona/glp100). Pérez and colleagues extended the test across the whole family of major antioxidant enzymes, generating transgenic mice overexpressing copper-zinc superoxide dismutase, catalase, and combinations of copper-zinc superoxide dismutase with either catalase or manganese superoxide dismutase, and concluded that overexpressing these enzymes is insufficient to extend lifespan in mice (Pérez 2009, https://doi.org/10.1111/j.1474-9726.2008.00449.x).

One positive report exists and has not been replicated. Hu and colleagues, working in a smaller cohort of 54 animals, found that overexpressing the enzyme had no effect on hippocampal long-term potentiation or memory formation in young mice and did not rescue age-related impairment in old ones, but did reduce mitochondrial superoxide in hippocampal neurons and did extend lifespan; the record gives the effect as a 4 percent increase in mean and an 18 percent increase in maximum lifespan (Hu 2007, https://doi.org/10.1016/j.nlm.2006.10.003).

The loss-of-function side is equally instructive. Mice heterozygous for Sod2 carry 50 percent of normal enzyme activity in every tissue throughout life and accumulate significantly elevated 8-oxo-2-deoxyguanosine in nuclear DNA along with a higher incidence of cancer, yet their lifespan is unchanged (Van Remmen 2003, https://doi.org/10.1152/physiolgenomics.00122.2003). Halving the enzyme raises damage and tumour burden without accelerating ageing, which is hard to reconcile with the free-radical theory in its simple form.",T5 (multiple cohorts),"This is not a viable stand-alone longevity target and the mouse literature says so directly. Any credible attempt would have to be combinatorial — pairing SOD2 with a downstream peroxide sink such as catalase targeted to the mitochondrion, so that the hydrogen peroxide the enzyme produces is actually removed rather than handed to the existing network. The roughly twofold overexpression tested in mice may also sit below whatever threshold would matter, and no study has established what that threshold is or whether a higher one is tolerable.",Jang The Journals of Gerontology Series A 2009 https://doi.org/10.1093/gerona/glp100 | Pérez Aging Cell 2009 https://doi.org/10.1111/j.1474-9726.2008.00449.x | Andziak Aging Cell 2006 https://doi.org/10.1111/j.1474-9726.2006.00237.x | Van Raamsdonk PLoS Genetics 2009 https://doi.org/10.1371/journal.pgen.1000361 | Van Remmen Physiological Genomics 2003 https://doi.org/10.1152/physiolgenomics.00122.2003 | Hu Neurobiology of Learning and Memory 2007 https://doi.org/10.1016/j.nlm.2006.10.003 | Behrend Molecular and Cellular Biology 2005 https://doi.org/10.1128/MCB.25.17.7758-7769.2005,"This entry is included because it is strongly contradicted as a longevity target, and the contradictions are more valuable than the original hypothesis was.

The Van Remmen and Richardson consortium, which ran the largest coordinated test of the free-radical theory in mammals, concluded that the major antioxidant enzymes are insufficient to extend lifespan (Pérez 2009, https://doi.org/10.1111/j.1474-9726.2008.00449.x). That is a null result from the group best positioned to find a positive one.

Deleting sod-2 in Caenorhabditis elegans extends lifespan (Van Raamsdonk 2009, https://doi.org/10.1371/journal.pgen.1000361). This is not a weaker effect in the same direction, it is the opposite direction in a genetically tractable animal, and any model of how mitochondrial superoxide relates to ageing has to accommodate it.

The naked mole-rat argument fails on its own terms. The longest-living rodent known, at more than 28.3 years, carries high levels of accrued oxidative damage alongside its high manganese superoxide dismutase (Andziak 2006, https://doi.org/10.1111/j.1474-9726.2006.00237.x). High enzyme levels in a long-lived species therefore cannot be read as mechanistic evidence that the enzyme causes the longevity.

Overexpression carries an active risk rather than merely failing to help. Raising manganese superoxide dismutase in HCT116 human colorectal cancer cells slowed growth by inducing cellular senescence, upregulating p53 and its transcriptional target p21, and knocking down p53 by RNA interference rescued the phenotype (Behrend 2005, https://doi.org/10.1128/MCB.25.17.7758-7769.2005). A p53-dependent senescence programme is precisely what a longevity intervention is supposed to avoid triggering.

Two caveats cut the other way and should be kept. The roughly twofold overexpression used in the mouse studies may fall below the threshold at which anything happens, and the antioxidant network downstream of the enzyme compensates for changes in its activity, so a single-enzyme manipulation may be buffered before it reaches any phenotype.",,1
sor_pyrococcus,SOR (superoxide reductase),Heterologous overexpression (GFP-SOR fusion transgene),Stress Resistance,Superoxide Reduction,"Pyrococcus furiosus lives on hydrothermal vents at around 100 degrees C and is a strict anaerobe, which makes oxygen a chronic hazard rather than a resource. Whenever vent water mixes with the oxygenated ocean the archaeon meets the superoxide anion - the same radical aerobes generate as a by-product of breathing. Aerobes handle superoxide with superoxide dismutase, which turns two radicals into one molecule of oxygen and one of hydrogen peroxide. For an anaerobe that solution is absurd, because it manufactures the very gas the organism is trying to avoid. In 1999 Francis Jenney and Michael Adams at the University of Georgia described the alternative: a small iron enzyme that reduces superoxide to hydrogen peroxide using an electron pulled from NAD(P)H, releasing no oxygen at all (https://doi.org/10.1126/science.286.5438.306). They also found it working far outside its own thermal niche, active 80 degrees C below the archaeon's growth optimum - an enzyme from a boiling spring that still turns over at room temperature.

Amy Grunden's group at North Carolina State University then asked whether an enzyme from a vent archaeon could be handed to a plant. It could. Thale cress carrying the archaeal gene resisted heat, high light and chemically imposed oxidative stress (https://doi.org/10.1104/pp.109.145409), and a later experiment moved it into bunchberry dogwood, a woody perennial, where transgenic plants stayed green through a heat ramp that withered most of their non-transgenic siblings (https://doi.org/10.3389/fpls.2016.00026). For a visitor building a body, the interesting part is what this is not. It is not a better version of a human antioxidant enzyme; it is a different chemical answer to the same problem, invented by an organism that has never breathed. Installing it means taking the anaerobe's bargain - nothing is oxidised back into oxygen, but every radical you clear arrives downstream as peroxide for something else to finish.","This compact iron enzyme offers an alternative antioxidant chemistry: it reduces superoxide to hydrogen peroxide without regenerating oxygen. When transferred from a hydrothermal-vent archaeon into plants, it improved resistance to heat, intense light, and oxidative stress; after a ramp to 40 °C, all transgenic dogwoods recovered versus fewer than 20% of controls. Effective use also requires enough reducing power and peroxide-clearing capacity.","Superoxide reductase (SOR) is a small non-haem enzyme of 124 amino acids built around a single iron atom held in a square-pyramidal site by four histidines and one cysteine. It carries out a one-electron reduction of the superoxide anion to hydrogen peroxide, taking that electron from NAD(P)H - the cell's reduced nicotinamide cofactor - delivered through the small iron-containing carrier rubredoxin and an NAD(P)H:rubredoxin oxidoreductase. The chemistry is the mirror image of superoxide dismutase (SOD), which disproportionates two superoxide anions into molecular oxygen plus hydrogen peroxide. SOR instead consumes an external electron and never regenerates oxygen, and for a strict anaerobe that distinction is the entire point. Because SOR is a foreign protein, its expression is also not held down by the host's own regulatory ceiling on how much cytosolic superoxide dismutase it will tolerate, and it acts in the cytosol rather than the mitochondrial matrix.","Purified superoxide reductase from Pyrococcus furiosus, together with its rubredoxin and NAD(P)H:rubredoxin oxidoreductase partners, was shown to be catalytically active 80 degrees C below the 100 degrees C optimum growth temperature of the archaeon, which is what makes the enzyme usable in a mesophilic host at all (Jenney 1999, https://doi.org/10.1126/science.286.5438.306). When the gene was first moved into a plant, Arabidopsis thaliana lines producing SOR showed enhanced tolerance to heat, light and chemically induced reactive oxygen species, and that tolerance tracked with a delayed rise in reactive-oxygen-sensitive transcripts and a fall in ascorbate peroxidase activity (Im 2009, https://doi.org/10.1104/pp.109.145409). The enzyme was then carried into the woody perennial bunchberry dogwood, Cornus canadensis, as a green fluorescent protein (GFP) fusion. After a four-day heat ramp holding 24 hours each at 30, 35, 37 and 40 degrees C, all of the GFP-SOR transgenic plants quickly recovered, but fewer than 20% of the non-transgenic plants recovered. Chlorophyll fluorescence put a number on the protection: at 40 degrees C the maximum quantum yield of photosystem II (Fv/Fm) was 0.335 in wild-type plants against 0.590 in SOR plants, while the two lines were indistinguishable at the 22 degrees C control (0.802 and 0.805) (Geng 2016, https://doi.org/10.3389/fpls.2016.00026).","T4 (heterologous gain-of-function in two transgenic plant species plus independent enzyme characterisation; both plant studies from one lab lineage, no animal data)","Both gain-of-function studies are in plants, and both trace to the same laboratory lineage at North Carolina State University, so no independent group has reproduced the phenotype and nobody has expressed superoxide reductase in a mammalian cell or in an animal of any kind. Turnover also depends on partners the host does not have: the iron centre must be re-reduced by rubredoxin and an NAD(P)H:rubredoxin oxidoreductase, and the plant experiments relied on endogenous reductants standing in for the archaeal pair. Whether a mammalian cytosol can recycle that iron centre fast enough for the enzyme to matter has never been tested. Because the reaction product is hydrogen peroxide rather than water, a human application would additionally have to show that the receiving tissue's catalase and peroxidases can absorb the extra peroxide flux instead of simply relocating the oxidative burden.",Jenney Science 1999 https://doi.org/10.1126/science.286.5438.306 | Im Plant Physiology 2009 https://doi.org/10.1104/pp.109.145409 | Geng Frontiers in Plant Science 2016 https://doi.org/10.3389/fpls.2016.00026,"Three experimental structures of the Pyrococcus furiosus enzyme have been solved - Protein Data Bank entries 1DO6, 1DQI and 1DQK (https://www.rcsb.org/structure/1DO6) - and the mononuclear iron site coordinated by four histidines and one cysteine looks nothing like the copper-zinc or manganese sites of the superoxide dismutases, which makes this a clear contrast card in a 3D viewer; the sequence reference is UniProt P82385 (https://www.uniprot.org/uniprotkb/P82385). At 124 amino acids it is among the smallest functional units in the library and is trivially deliverable in any vector. There are no clinical trials and no registry records; the enzyme is being developed as an abiotic-stress trait for crops and no commercial line has been released. One finding cuts against a simple more-antioxidant-is-better reading: the transgenic dogwood plants blunted the normal proline stress response, so the host lost part of the reactive-oxygen signal it uses to mount its own defence (Geng 2016, https://doi.org/10.3389/fpls.2016.00026). This entry should not be confused with the library's SOD2 card, which is a manganese dismutase in the mitochondrial matrix that regenerates oxygen; SOR is a cytosolic iron reductase that consumes NAD(P)H and makes none.",,1
sostdc1_usag1_tooth,SOSTDC1 (USAG-1),"Knockout / antibody neutralisation (anti-USAG-1 monoclonal, humanised as TRG035) / local siRNA knockdown",Regeneration,Tooth Regeneration,"Most mammals get two sets of teeth and then stop, and the stopping is active rather than passive. Underneath the permanent dentition many species carry a rudimentary successional tooth germ — a third set that begins to form and is then deliberately killed off by apoptosis. Humans occasionally fail to kill it, which is where supernumerary teeth come from. In 2007 a Kyoto group found the brake: mice lacking USAG-1, a small secreted protein better known to the kidney literature, kept their rudimentary germ and erupted an extra tooth (https://doi.org/10.1016/j.bbrc.2007.05.148).

What makes this a candidate for a body rather than a curiosity is that the brake can be released with a drug. USAG-1 works outside the cell, mopping up bone morphogenetic proteins and blocking a Wnt co-receptor, which means an antibody can neutralise it without touching the genome. In 2021 the group screened a panel of monoclonals and found that the ones binding the BMP-facing surface reproduced the knockout phenotype outright: a single systemic dose generated whole teeth in wild-type mice, and in a strain engineered to have missing molars it reversed the agenesis dose-dependently (https://doi.org/10.1126/sciadv.abf1798). They then moved to the ferret, which unlike a mouse has two tooth generations and a human-like dental pattern, and grew an extra maxillary incisor sitting behind the permanent teeth.

The clinical stakes are real and narrow. Roughly the target population is children with severe congenital tooth agenesis, who currently face implants and prosthetics for life; Toregem BioPharma's humanised antibody TRG035 carries Japanese orphan designation for that indication and is in Phase 1 safety testing in healthy adults, with commercialisation targeted around 2030. What nobody can yet do is aim it. The antibody instructs a jaw to grow a tooth; it does not say where, and in the mouse maxilla the answer came back as fused enlarged molars. And because the same protein restrains BMP-7 in the kidney and closely resembles sclerostin, releasing it systemically pulls on bone mass and renal signalling at the same time as it pulls on teeth.","Neutralizing USAG-1 releases a dormant tooth-development program by restoring BMP signaling, offering a drug-like route to biological tooth replacement. A single antibody dose generated whole teeth in mice, and the approach produced a third-dentition incisor in ferrets; humanized antibody TRG035 is in Japanese safety testing for congenital tooth agenesis. The remaining engineering challenge is controlling exactly where each new tooth forms.","USAG-1 (uterine sensitization-associated gene-1, also called sclerostin domain-containing protein 1 and encoded by SOSTDC1) is a 206-amino-acid secreted antagonist of the DAN family. It binds bone morphogenetic proteins (BMPs) directly and also binds the Wnt co-receptor LRP5/6, so it suppresses both signalling arms in the dental epithelium and mesenchyme. In wild-type mammals that suppression drives apoptotic elimination of the rudimentary successional tooth germ, which is what caps tooth number at two generations. Deleting USAG-1 rescues the germ from apoptosis and it erupts as a supernumerary tooth. Antibodies that block the BMP-binding face specifically — clones #37 and #57 — reproduce the knockout phenotype, and epitope mapping placed #37 on the ten-residue segment VNDKTRTQRI within Q129-EWRCVNDKTRTQRIQLQCQ-148. Antibodies that block only the Wnt/LRP5/6 arm do not generate whole teeth, so BMP derepression is the operative mechanism. Cells positive for phosphorylated SMAD1/5/8 appear in the pulp of the induced tooth, confirming that BMP signalling is running inside the regenerated organ (https://doi.org/10.1126/sciadv.abf1798).","Crossing the USAG-1 knockout onto a mouse strain deficient in ectodysplasin A1 (EDA1), which causes congenital tooth agenesis, rescued the missing teeth: 75% of the female USAG-1+/+/EDA1−/− and male USAG-1+/+/EDA1+/− mice had molar hypodontia in the mandible, whereas the USAG-1/EDA1 double knockout mice had normal teeth, hyperdontia, or fused mandibular molars when scored in dry skulls at eight months (https://doi.org/10.1126/sciadv.abf1798). Pharmacology reproduced the genetics: a single systemic administration of a neutralizing antibody can generate a whole tooth, with antibody #37 reversing hypodontia at a high rate and in a dose-dependent manner and antibody #57 inducing supernumerary teeth in wild-type mice at a high rate and a dose-dependent manner (https://doi.org/10.1126/sciadv.abf1798). The effect crossed into a non-rodent with two tooth generations: in postnatal ferrets injected intraperitoneally with 16 or 80 µg/g of antibody #37 and imaged by three-dimensional micro-computed tomography at thirteen weeks, the authors report that we observed supernumerary tooth formation in maxillary incisor like the third dentition, although a five times higher concentration, three administrations of antibody #37, and immunosuppression were required, and the induced incisor sat lingual to the permanent teeth with a shorter root (https://doi.org/10.1126/sciadv.abf1798). A local nucleic-acid approach fell short of a whole tooth: Usag-1 mRNA levels were reduced by ~50% with Usag-1 Stealth siRNAs #304 and #903, and growing explants were observed (42.3%) following topical application of Usag-1 #304 siRNA, versus an incidence of no tooth formation of 66.7% following Runx2 siRNA treatment and 33.3% in the negative-control group (https://doi.org/10.1038/s41598-021-93256-y).","T7 (mouse genetic rescue + antibody pharmacology, replicated in a non-rodent diphyodont (ferret), humanised candidate TRG035 with Japanese orphan designation and a Phase 1 underway)","Nobody has grown a tooth in a person. The Japanese Phase 1 is a safety study in healthy adults, so no human efficacy data of any kind has been published, and the whole approach presumes that a patient actually still carries a dormant successional tooth bud for the antibody to act on. The authors infer that such buds exist from an analysis of 78 patients with supernumerary teeth rather than from imaging quiescent germs in the children they intend to treat, which is why the same group is now developing magnetic-resonance and computed-tomography biomarkers capable of finding pre-calcified tooth germs in two- to five-year-olds. Positional control is entirely absent: the antibody tells a jaw to grow a tooth but cannot tell it where, and in the mouse maxillary molar region the result was fused enlarged molars rather than separate teeth. Because the target restrains BMP-7 in the kidney and resembles sclerostin closely enough that one antibody cross-reacted with it, a systemic dose has to be shown not to move bone mass or renal BMP tone before it can be given to children.",Murashima-Suginami Science Advances 2021 https://doi.org/10.1126/sciadv.abf1798 | Mishima Scientific Reports 2021 https://doi.org/10.1038/s41598-021-93256-y | Murashima-Suginami Biochemical and Biophysical Research Communications 2007 https://doi.org/10.1016/j.bbrc.2007.05.148 | Takahashi Journal of Oral Biosciences 2024 https://doi.org/10.1016/j.job.2024.10.002,"The clinical candidate is TRG035, a humanised anti-USAG-1 antibody from Toregem BioPharma, a Kyoto University spin-out. There is no ClinicalTrials.gov record for it — the trial is registered in Japan through jRCT — so no NCT number should be attached to this gene. The 2024 Journal of Oral Biosciences paper states that the Phase 1 protocol framework has been finalised (https://doi.org/10.1016/j.job.2024.10.002), and the 2026 paper from the same group names TRG035 explicitly as the humanised anti-USAG-1 antibody in development; manufacturing is with WuXi Biologics per company communications, and the company's stated commercialisation target is around 2030 in the rare-disease indication (https://toregem.co.jp/en/). The safety picture in the mouse work is not uniformly clean: three of the five antibodies raised in that study, clones #12, #16 and #48, caused low offspring birth and survival rates, and antibody #57 cross-reacted with sclerostin (SOST) expressed in HEK293 cells (https://doi.org/10.1126/sciadv.abf1798). The phenotype is also not tidy even when it works, since the same paper reports fused mandibular molars alongside normal teeth and hyperdontia in the rescued double knockouts. The reference accession used here, A0A8U0MID0, is the reviewed ferret (Mustela putorius furo) SOSTDC1 entry, chosen to match the species in which third-dentition teeth were actually produced (https://www.uniprot.org/uniprotkb/A0A8U0MID0/entry); most of the other experiments in that paper were done in mouse, whose Sostdc1 is Q9CQN4. Nothing is on sale.",,1
sting_bat,STING,MdSTING S358 variant expression,Environmental Adaptation,Viral Tolerance,"Bats coexist with Ebola, SARS, and Nipah without dying of any of them — a trick that depends on running their immune systems differently. Every bat species examined has a single critical substitution in its STING protein (the S358 residue becomes something else), and this dulls the screaming cytokine response that kills humans infected with these viruses. When Lin-Fa Wang's group in 2018 reverted the bat residue back to human S358 in bat cells, the full interferon blowtorch switched back on. In 2024, Yu-Ping Xiao's team made the first knock-in mouse carrying the bat MdSTING variant; aged female mice (not males — nobody knows why yet) had less inflammation and less tissue damage than wild-type littermates. Lifespan wasn't measured, cohorts were small, and STING also helps suppress tumors, so dampening it has an obvious downside. But as a target for inflammaging — the chronic low-grade inflammation that drives aging — it's one of the cleanest leads in the field.","The bat version of STING softens the interferon surge that can turn infection control into damaging chronic inflammation. All 30 bat species examined lack the canonical S358 activation site, and knock-in mice carrying bat-like STING showed dampened cGAMP responses; aged females also had fewer inflammatory cytokines and less immunopathology. The appealing target is calibrated immune tolerance, while preserving enough STING activity for tumor surveillance.",Bat STING lacks canonical S358 TBK1-phosphorylation site (30/30 bat species tested); dampens IRF3 docking and type-I IFN induction.,"Xie 2018 Cell Host Microbe: R. sinicus STING X358S revertant in HEK293T → significantly restored IFN-β luciferase (multi-fold) and ISG/HSV-1 activity; human STING S358A reduces IFN-β. Consistent in PakiT03 bat cell line. Wang/Zhou 2024 Zool Res: FIRST MdSTING knock-in C57BL/6 mice; splenocytes dampened IFN to cGAMP; 3-year longitudinal blood transcriptomics: aged FEMALE (not male) MdSTING-KI mice had lower pro-inflammatory cytokines/chemokines, less immunopathology, less neutrophil recruitment vs WT; cohort small (n=5–9); no lifespan endpoint reported.","T5 (knock-in mouse, 2024) + T6 (HEK293 mutagenesis, 2018)",Survival data; primary human immune-cell studies; no human genetics linking hypomorphic STING to longevity (HAQ/AQ/R232H have complex context-dependent effects).,Xie Cell Host Microbe 2018 https://doi.org/10.1016/j.chom.2018.01.006 | Wang Zool Res 2024 https://doi.org/10.24272/j.issn.2095-8137.2024.030,"Sex-dependent effect unexplained; dampened ≠ abolished; STING has anti-tumor surveillance role — tradeoff untested. Constitutive IFN-α in P. alecto coexists with dampened STING (Zhou 2016) — rebalanced, not simply suppressed, system not recapitulable via S358 alone.",,1
suckerin_squid,Suckerin,overexpression,Expression,Biocomposite Armor,"Humboldt squid sucker ring teeth are among the hardest wholly organic structures in nature — rivaling the hardness of the strongest synthetic polymers without any mineral content. Suckerins are the modular proteins responsible, self-assembling into nanoconfined beta-sheet networks that create a material as hard as human tooth enamel from protein alone. This is nature's answer to engineering hard materials without metals or ceramics.","Suckerin proteins self-assemble into a mineral-free nanocomposite that approaches the hardness of demanding synthetic polymers and human tooth enamel. Recombinant films have reached about 5 GPa hardness and 8 GPa stiffness, while related proteins have already been formed into coatings and 3D-printable bioinks. Their modular, protein-only construction makes them exciting biomaterial building blocks, with durability in living tissue still to establish.",Suckerins contain repetitive glycine-rich and alanine-rich modular domains that self-assemble into nanoconfined beta-sheet structures within an amorphous matrix. This nanocomposite architecture achieves hardness of ~5 GPa and stiffness of ~8 GPa — matching synthetic engineering polymers — through purely protein-based hierarchical organization.,Recombinant suckerin-based films achieve hardness of 5 GPa. Suckerin-based 3D-printable bioinks and coatings have been demonstrated. Tandem Repeat Technologies commercializing squid-inspired protein materials.,T4,Scaling recombinant suckerin production beyond lab quantities. Long-term durability under physiological conditions for medical applications. Regulatory pathway for structural biomaterial implants.,https://doi.org/10.1021/nn502149u,Fully organic structural material with no mineral reinforcement. Tandem Repeat Technologies (Melik Demirel) developing commercial applications.,,0
sws1_bird,SWS1,"Base editing knock-in (sites 86, 90)",Perception,UV Vision,"Budgerigars and many birds see ultraviolet light that is completely invisible to humans — their world is painted with colors we cannot imagine. The molecular basis is strikingly simple: a single photoreceptor protein called SWS1 (short-wavelength sensitive opsin 1) that detects wavelengths around 365 nm, deep into the UV. Humans have a close ortholog, OPN1SW, which detects violet light at 420 nm — just 55 nm away. The difference comes down to just 2–3 amino acid positions near the retinal chromophore binding pocket: sites 86 and 90. Van Hazel and colleagues showed in 2013 that mutating C86F and S90C in the bowerbird SWS1 was sufficient to shift spectral sensitivity from UV to violet, or vice versa. The human blue cone pigment sits on the same protein scaffold. In principle, introducing the UVS-conferring residues (Cys86, paired with Ala or Cys90) into human OPN1SW could retune existing blue cones to detect UV light. No mammalian in-vivo test has been attempted, but the spectral tuning mechanism is thoroughly characterized through site-directed mutagenesis in multiple avian species. The catch: the human lens filters out most UV below 400 nm, so even with a retuned opsin, lens modification would also be needed. Aphakic humans (lens removed for cataracts) do perceive UV, confirming the retinal pathway works.","A precisely tuned SWS1 cone pigment could extend color vision from violet toward ultraviolet, revealing patterns and signals invisible to ordinary human sight. Changes at just two key positions shift peak sensitivity by roughly 55 nm, from about 420 to 365 nm, and the tuning rules have been reproduced across expressed bird opsins. Accessing that range also requires optical transmission that protects the retina from damaging UV exposure.",SWS1 is a 7-transmembrane G-protein coupled receptor in cone photoreceptors. Spectral tuning between violet-sensitive (~420 nm) and UV-sensitive (~365 nm) variants is controlled by residues 86 and 90 adjacent to the retinal Schiff base. Cys86 and Ala/Cys90 confer UV sensitivity; Phe86 and Ser90 confer violet sensitivity.,"van Hazel 2013: C86F and S90C mutations individually shift SWS1 λmax by ~55 nm between UV and violet in bowerbird. Wilkie 1998: first cloning and expression of budgerigar UVS opsin, λmax 365 nm. Hunt 2007: comprehensive spectral tuning rules established across avian species.",T3 (in-vitro expression systems + site-directed mutagenesis),No mammalian in-vivo test of UV-shifted opsin. Human lens blocks most UV below 400 nm — opsin retuning alone insufficient. Potential phototoxicity from UV exposure to retinal tissue. No data on integration with existing trichromatic color processing in visual cortex.,Wilkie Biochem J 1998 https://doi.org/10.1042/bj3300541 | van Hazel BMC Evol Biol 2013 https://doi.org/10.1186/1471-2148-13-250 | Hunt Photochem Photobiol 2007 https://doi.org/10.1562/2006-06-27-IR-952,"The human lens absorbs >99% of UV-B and most UV-A below 400 nm, so a retuned cone opsin would detect almost nothing without lens modification. Aphakic humans (lens removed) do perceive UV light, confirming the retinal pathway works. Chronic UV exposure to unprotected retina is a risk factor for age-related macular degeneration. The spectral shift is well-characterized in vitro but has never been tested in a living mammal's eye.",,1
t1r1_t1r3_hummingbird,TAS1R1 / TAS1R3 (T1R1-T1R3 heterodimer),Knock-in of the hummingbird T1R3 venus-flytrap variant (19 substitutions within residues 158-266) into the T1R1-T1R3 heterodimer,Perception,Sugar Taste Retuning,"Hummingbirds live on nectar, so their lives depend on telling sugar from water in a fraction of a second. That should be straightforward, except that birds cannot do it the way mammals do. The vertebrate sweet receptor is a pair, T1R2 together with T1R3, and the T1R2 gene is simply gone from bird genomes, missing even though the DNA on either side of where it belongs remains intact; non-avian reptiles including the Chinese alligator still carry it, which places the loss in the bird lineage. Baldwin and colleagues at Monell asked what hummingbirds use instead, and the answer was the receptor for savoury taste: the ancestral umami heterodimer, T1R1 with T1R3, had been retuned to recognise carbohydrates (https://doi.org/10.1126/science.1255097). They localised the change by building chimeras between hummingbird and chicken receptors. Swapping in the chicken clamshell domain turned the receptor back into an amino-acid detector; restoring a 109-residue stretch of hummingbird sequence brought sugar responses back; and within that stretch, 19 non-consecutive residues were collectively sufficient, while subsets of them were not. That pattern says the retuning was a coordinated rearrangement of the binding pocket rather than one lucky mutation. The behaviour matches the biochemistry. Filmed at high speed, captive hummingbirds terminated water trials within three or four licks of the tongue, about a quarter of a second, too fast for anything the gut could have reported. The identical heterodimer in chickens and in insect-eating swifts recognises alanine and serine and failed to detect carbohydrates at any concentration tested, which places the gain of function squarely in the hummingbird lineage, somewhere in the past 42 to 72 million years after they split from the swifts. For a human, this would mean sugar arriving through the umami channel, in taste cells the brain currently labels savoury.","Hummingbirds rewired the ancestral savory receptor so nectar sugar generates a fast taste signal, a striking example of sensory reassignment. Nineteen coordinated substitutions in the T1R3 binding domain confer sucrose and sucralose responses, and birds reject plain water within three or four licks—about 250 milliseconds. The receptor still integrates amino acids, so a translated version could create a novel blended taste rather than ordinary sweetness.","Vertebrate sweet taste normally runs on a heterodimer of taste receptor type 1 member 2 (T1R2) with member 3 (T1R3), both family C G-protein-coupled receptors. Birds have lost the T1R2 gene entirely, and it is absent from bird genomes even though the flanking loci are intact, while non-avian reptiles including the Chinese alligator retain it. Hummingbirds instead retuned the ancestral umami heterodimer, T1R1 with T1R3, to recognise carbohydrates. The responsible substitutions concentrate in the extracellular venus-flytrap domain of T1R3, the clamshell module that closes around its ligand between two lobes, with additional contributions from T1R1; three of the implicated residues, G165, I167 and N211, lie in the putative orthosteric ligand-binding site at the interface between the two lobes. The receptor functions only as an obligate heterodimer, and neither T1R1 nor T1R3 expressed alone gives any response.","Chimera mapping between hummingbird and chicken receptors located the sugar-sensing change inside a single domain. Replacing the hummingbird T1R3 venus-flytrap domain with the chicken version made the heterodimer amino-acid-responsive rather than sugar-responsive; reintroducing 109 amino acids of hummingbird sequence spanning residues 158 to 266 restored sucrose responses; and within that window, 19 nonconsecutive amino acids proved collectively sufficient to impart sucrose and sucralose sensitivity, while subsets of these 19 residues did not similarly support sugar binding (Baldwin 2014, https://doi.org/10.1126/science.1255097). Comparative analysis across 13 bird genomes plus the Chinese alligator dated the event: the receptor acquired a new function in the past 42 to 72 million years, after hummingbirds diverged from insectivorous swifts (https://doi.org/10.1126/science.1255097). Behaviour was measured with high-speed video in a brief-access two-choice gustatory preference paradigm run against sucrose at 333 mM with three or four birds per condition: water trials terminated within three or four tongue licks, about 250 milliseconds, which the authors read as sugar preference involving rapid processing of taste information rather than post-ingestive effects. A later study showed the rebuilt receptor is not a pure sugar sensor. Anna's hummingbird T1R1-T1R3 gave synergistic responses at concentrations of amino acids too low to activate the receptor alone, with 10 and 25 mM alanine or glycine combined with 100 mM sucrose exceeding the additive sum of the separate responses, and the strongest synergism appearing for 50 mM sucrose paired with alanine and glycine (Cockburn 2022, https://doi.org/10.1093/molbev/msab367).","T4 (heterologous functional assay with chimera mapping, plus captive and wild behavioural validation in two hummingbird species; independent convergent replication in songbirds by Toda 2021)","Every functional measurement of this receptor has been made in cultured cells reading calcium responses, and no transgenic animal expresses the hummingbird receptor in its own taste buds, so nobody has shown that the retuning survives the move into a working tongue. Human T1R1-T1R3 sits in taste cells whose output the brain already interprets as savoury, and swapping the receptor's ligand preference need not swap that perceptual label, so the sugar might well arrive tasting of broth. The edit is also large rather than surgical: the 19 residues act only as a set and subsets fail, which means a builder cannot reach the phenotype through one or two base edits and must rewrite a substantial stretch of the ligand-binding domain instead.",Baldwin Science 2014 https://doi.org/10.1126/science.1255097 | Cockburn Molecular Biology and Evolution 2022 https://doi.org/10.1093/molbev/msab367 | Toda Science 2021 https://doi.org/10.1126/science.abf6505,"There is no hummingbird T1R structure of any kind. PDB entry 5X2O (https://www.rcsb.org/structure/5X2O) is the medaka fish T1r2a-T1r3 ligand-binding domain crystallised with L-arginine, a homolog of the venus-flytrap module being edited rather than the receptor itself, and it should not be read as a model of the hummingbird protein. AlphaFold models are available for both hummingbird subunits, T1R1 as UniProt A0A088DBT6 (https://www.uniprot.org/uniprotkb/A0A088DBT6) and T1R3 as A0A088DCH0 (https://www.uniprot.org/uniprotkb/A0A088DCH0). The finding has independent convergent support from a separate bird radiation, since Toda and colleagues report an early origin of sweet perception in songbirds by the same T1R1-T1R3 route (Toda 2021, https://doi.org/10.1126/science.abf6505). The 2022 follow-up (Cockburn 2022, https://doi.org/10.1093/molbev/msab367) frames the retuning explicitly as a gradual sensory trade-off and finds that amino-acid responsiveness varies substantially across the hummingbird radiation rather than being uniformly abolished. No clinical trial administers this receptor. Registry searches on TAS1R3 and sweet taste return human psychophysics and sweetener studies in which the gene is measured or pharmacologically probed but never given, for example NCT06291337, 'Ibuprofen Inhibits Human Sweet Taste' at Rutgers, now completed (https://clinicaltrials.gov/study/NCT06291337); that record is listed to document the direction check and not as evidence for the enhancement.",,1
tapetum,Tapetum lucidum,Structural protein expression,Perception,Night Vision,"Cats see in near-darkness because they have a biological mirror — the tapetum lucidum — behind their retina. Unabsorbed photons bounce back through the photoreceptor layer for a second chance at being detected, roughly doubling light capture. It's also why cat eyes glow in headlights. The structure is made of riboflavin and zinc-cysteine crystals stacked at nanometer precision to act as a Bragg reflector. Cat psychophysics puts the sensitivity gain at about six-fold. Now the bad news for enhancement biology: the tapetum is not a gene. It's a multicellular, multilayer tissue that requires specialized choroidal cells, coordinated vitamin-B2 and zinc metabolism, and crystalline spacing below the wavelength of light. No one has ever engineered a transgenic mammal with a functional tapetum, and the roadmap for doing so doesn't meaningfully exist. Primates lost tapeta long ago in favor of deep retinal pigment. Cat-vision for humans is a category error, not a missing gene.","A tapetum gives incoming light a second pass through the retina, creating the bright eye-shine and exceptional dim-light sensitivity of cats. Psychophysical measurements place the improvement in absolute visual threshold at about sixfold, achieved with precisely layered riboflavin and zinc-cysteine reflectors behind the photoreceptors. It is a multicellular optical structure rather than a single gene, and its extra scattering trades some daytime sharpness for night sensitivity.",Cellular choroidal retroreflector of riboflavin + Zn-Cys crystalline rodlets in multilayer stacks; Bragg-reflector optics; NOT a single gene.,"Cat psychophysics: tapetum lowers absolute visual threshold ~6×. Diagnostic reflectivity marker for retinal thinning in feline PRA (rdAc/CEP290, Rdy/CRX). Artificial vision system inspired by cat tapetum (Gur 2024 ACS Nano): slit-like elliptical apertures + metal reflectors to filter redundant information, detect camouflaged objects in dim environments. NO transgenic mammal has ever been engineered to express a functional tapetum.",T1 only (source-organism descriptive anatomy/optics),Gene-level target not defined; no organoid/reconstitution; primates lack tapetum entirely (deep RPE pigment instead).,Ollivier Vet Ophthalmol 2004 https://doi.org/10.1111/j.1463-5224.2004.00318.x,"Engineering is a CATEGORY ERROR: structural, not biochemical, problem. Multicellular, multilayer, requires specialized choroidal cell lineage, coordinated riboflavin/Zn/Cys metabolism, nanoscale spacing; tradeoff: reduced acuity.",,0
tcf3_e2a_knockdown,TCF3 / E2A (HLH-2 in nematodes; knockdown),"Post-developmental knockdown (RNAi in adults; the enhancement is reduction, not addition)",Longevity & Genome,Stress-Response Transcription,"E-proteins are the general-purpose partners of the basic helix-loop-helix world. TCF3 makes two of them, E12 and E47, by alternative splicing, and they dimerise with tissue-specific bHLH factors to drive differentiation programmes across immune, neural and muscle lineages. They are also, it turns out, a brake on lifespan.

Rozanov and colleagues in Michael Ristow's group at ETH Zurich screened sixteen transcription factors conserved between nematode, zebrafish, mouse and human by knocking each one down in young adult worms. Nine extended mean lifespan and five shortened it; hlh-2, the worm orthologue of Tcf3/E2A, produced the strongest effect of all sixteen (https://doi.org/10.1016/j.redox.2020.101448). Across replicate experiments the mean lifespan gain ran from about 12% to 49%, with the largest clean values 30.2%, 33.4%, 48.7% and 31.8% against N2 controls living a normal 21 to 24 days.

The mechanism is the interesting part, and it is not a generic stress response. HLH-2 transcriptionally controls arginine kinases, the invertebrate counterparts of mammalian creatine kinases, and knocking down the arginine kinase argk-1 reproduces the effect. Both effects run through reactive oxygen signalling: co-treating worms with N-acetylcysteine strongly reduced the lifespan extension, and butylated hydroxyanisole reduced it too. This is mitohormesis, not antioxidant protection. In the same paper, four single-nucleotide polymorphisms in human Tcf3/E2A were found enriched in a cohort of Ashkenazi-Jewish centenarians, two of them in coding exons.","A transcription factor at the head of the E-protein family holds cells in a growth-and-differentiation programme and tunes their energy metabolism to match it. Turning it down by RNAi in adult worms raised mean lifespan 30.2 to 48.7% across replicates, acting through arginine kinases and a reactive-oxygen signal antioxidants abolish. No mammal has been tested, mice lacking the counterpart gene develop spontaneous thymic lymphoma, and treated worms produced far fewer live progeny.","TCF3 encodes a 654-residue class I bHLH transcription factor, 56% of it intrinsically disordered, alternatively spliced into E12 and E47. The two share an N-terminal pair of transactivation domains and differ in the bHLH region, where a basic segment contacts the E-box (CANNTG) and the helix-loop-helix mediates dimerisation with class II bHLH partners or with itself. ID proteins sequester E-proteins by dimerising without a basic region, so the pathway is normally tuned by ID:E ratio rather than by E-protein abundance alone. In C. elegans, reducing HLH-2 lowers transcription of arginine kinases; arginine kinase is the invertebrate phosphagen kinase equivalent to vertebrate creatine kinase, buffering cellular ATP. Lowering that buffer shifts the cell toward a mild, chronic increase in mitochondrial reactive oxygen species, which acts as a hormetic signal. The lifespan gain is abolished by N-acetylcysteine and reduced by butylated hydroxyanisole, and epistasis places the effect alongside AAK-2/AMPK, LET-363/mTOR, SKN-1/Nrf2 and HSF-1.","OpenGenes records eleven C. elegans lifespan rows for this gene, all from Rozanov 2020 and all RNAi knockdown. In wild-type N2 the significant mean-lifespan gains are +30.2% (23.89 to 31.11 days), +33.4% (21.68 to 28.92), +48.7% (21.36 to 31.76), +31.8% (21.20 to 27.94), +23.9% (21.54 to 26.69), +28.6% (22.20 to 28.56), +19.3% (21.28 to 25.38), +19.8% (20.61 to 24.70) and +12.7% (21.54 to 24.27), each carrying significance_mean = 1. Control absolute lifespans of 20 to 24 days are normal for N2 at 20 degrees C, so these are not gains over a sick control. The gene gave the strongest lifespan effect of the sixteen conserved transcription factors screened. Two disease-model strains behaved differently: CL802 gave a smaller +12.4% and CL4176 gave +2.5% with significance_mean = 0, i.e. not significant. Knockdown of the downstream arginine kinase argk-1 reproduced the lifespan extension, and NAC or BHA co-treatment blocked it (Rozanov 2020, https://doi.org/10.1016/j.redox.2020.101448).","T4 (invertebrate in-vivo lifespan, nine independent significant replicates from one laboratory with mechanism, epistasis and a pharmacological block; plus T7 for four SNPs enriched in an Ashkenazi-Jewish centenarian cohort. No mammalian intervention)","No mammal has been tested at all — there is no mouse Tcf3 knockdown lifespan cohort, and the human evidence is four SNPs in a single centenarian cohort whose functional consequence was explicitly not characterised. The direction is the hard part: this is a loss-of-function enhancement, so a mammalian test means lowering an E-protein, and mice with null E2A alleles are highly susceptible to spontaneous thymic lymphoma (https://doi.org/10.1073/pnas.96.3.996). Any mammalian attempt therefore has to be a partial, adult-onset, non-lymphoid knockdown rather than a germline deletion. In the worm the intervention also cost reproduction: knockdown greatly decreased the number of live progeny and increased unhatched eggs. The mechanism is mitohormetic, which means the benefit is destroyed by antioxidant supplementation — a real interaction to design around, not a hypothetical one.",Rozanov Redox Biology 2020 https://doi.org/10.1016/j.redox.2020.101448 | Engel PNAS 1999 https://doi.org/10.1073/pnas.96.3.996,"Direction check: every one of the eleven OpenGenes rows is 'RNA interferention', main_effect 'loss of function'. This is a knockdown card and the library already carries knockout cards (apoc3_lof, cetp_lof, mstn_ko, pappa_ko, rps6kb1_ko), so the framing is house-consistent — but it is NOT evidence that adding TCF3 helps, and the card must not be written that way. Significance trap: two of the eleven rows carry significance_mean = 0 (CL4176, +2.5%) and one is a smaller effect in the CL802 background; the headline should come from the nine significant N2 rows. The control lifespans (20 to 24 days) are normal for N2, so the percentages are honest. Human TCF3 loss-of-function also causes agammaglobulinaemia in people, which is an independent reason to treat systemic reduction as risky. The 56% disorder figure is from UniProt P15923 MobiDB-lite annotations.",,0
tdr1,TDR1,Overexpression,Stress Resistance,DNA Damage Response,"Dsup was the first tardigrade protein shown to protect human DNA, but it works by shielding — draping over chromatin to block hydroxyl radicals. TDR1 (Tardigrade DNA damage Response 1) takes a different approach: it helps fix the damage after it happens. Discovered by Anoud and colleagues in 2024, TDR1 is a tardigrade-specific nuclear protein with no homologues in any other animal lineage. When expressed in human U2OS cells, TDR1 localized to the nucleus and improved survival after treatment with phleomycin (a radiomimetic drug that causes double-strand DNA breaks), though it did not protect against UV or hydrogen peroxide. The protein contains a zinc-finger-like domain and interacts with DNA, but the exact repair pathway it activates is still unknown. Importantly, TDR1 is upregulated in tardigrades after ionizing radiation, making it a genuine damage-response gene rather than a constitutive shield. The catch: the effect in human cells was statistically significant but modest, and only one radiomimetic agent was tested. Combined with Dsup, TDR1 hints at a layered tardigrade radioprotection system — one protein prevents damage, the other helps repair what gets through.","TDR1 is a tardigrade-specific nuclear protein that appears to help cells survive DNA double-strand breaks after they occur, complementing shielding proteins such as Dsup. Expressed in human U2OS cells, it localized to the nucleus and significantly improved survival after phleomycin, a radiomimetic break-inducing drug; tardigrades also upregulate it after 4 kGy irradiation. The reported protection is specific to this damage class, making the next step mechanistic replication.",Tardigrade-specific nuclear protein with zinc-finger-like DNA-binding domain; upregulated after ionizing radiation; enhances survival against double-strand break-inducing agents (phleomycin). Exact repair pathway unknown — distinct from Dsup nucleosome-shielding mechanism.,"Anoud 2024 eLife: TDR1 expressed in human U2OS cells localized to nucleus, improved survival after phleomycin treatment (P<0.05). TDR1 upregulated in R. varieornatus after 4 kGy gamma radiation. No protection against UV or H2O2 (DSB-specific). Identified through systematic screen of tardigrade-specific proteins.",T4 (human U2OS cell expression + functional assay),"Only one radiomimetic tested; modest effect size; repair mechanism unknown; no mouse data; no combination with Dsup tested; single study, not independently replicated.",Anoud eLife 2024 https://doi.org/10.7554/eLife.92621 | Hashimoto Nat Commun 2016 https://doi.org/10.1038/ncomms12808,"Single-lab, single-study finding — not yet replicated. Effect was specific to phleomycin (radiomimetic DSBs); no protection against UV or oxidative stress, so this is not a general radioprotector. Mechanism remains unknown — the zinc-finger domain suggests DNA binding but could also be regulatory. Modest effect size in human cells. No in-vivo data. Complementarity with Dsup is hypothetical.",Longevity & Genome,1
tert,TERT,Overexpression,Regeneration,Telomerase,"Every time a cell divides, the protective caps on its chromosomes — the telomeres — get a little shorter. TERT is the catalytic enzyme that rebuilds them, and most adult human cells switch it off, which is the reason our cells cannot keep dividing forever. In 2012 María Blasco's laboratory delivered TERT to one- and two-year-old mice inside an adeno-associated virus vector: median lifespan rose by 24 per cent in the younger cohort and 13 per cent in the older one, with no increase in cancer incidence (Bernardes de Jesus 2012, https://doi.org/10.1002/emmm.201200245). Earlier work from the same group had shown that combining a TERT transgene with extra copies of tumour suppressors pushed median lifespan up by 40 per cent (Tomás-Loba 2008, https://doi.org/10.1016/j.cell.2008.09.034). The cancer caveat is unavoidable and it is not a footnote: TERT is the most frequently reactivated gene in human tumours, and its promoter is among the most commonly mutated regions in melanoma and brain cancer. The mouse results are real, but mouse telomeres begin roughly five times longer than human ones, so the extrapolation is not straightforward. And the lobster-immortality story that the popular press loves is folklore rather than data — what was actually measured in lobsters was high telomerase activity, not an absence of ageing (Klapper 1998, https://doi.org/10.1016/S0014-5793(98)01357-X).","TERT rebuilds telomeres, restoring chromosome-end protection and extending the healthy replicative capacity of dividing cells. One AAV dose raised median lifespan by 24% in one-year-old mice and 13% in two-year-old mice, alongside better insulin sensitivity, bone health, and neuromuscular coordination without more cancer in that study. Because telomerase is reactivated in most human cancers, durable benefit depends on delivery and tumor suppression being designed together.","TERT is the catalytic protein subunit of telomerase, the reverse transcriptase that adds TTAGGG repeats back onto the ends of chromosomes using an RNA template as its guide. By re-extending telomeres it postpones the point at which a shortened cap is read as a DNA break, which is what triggers replicative senescence or apoptosis. The enzyme also carries out non-canonical functions that do not involve telomeres at all: a fraction of TERT localises to mitochondria, where it exerts anti-apoptotic effects independent of its telomere-lengthening activity. That the lifespan benefit depends on the enzymatic activity rather than on some incidental property of the protein was established by the catalytic-dead control, which produced no effect (Bernardes de Jesus 2012, https://doi.org/10.1002/emmm.201200245).","The central mammalian result comes from adeno-associated virus serotype 9 carrying mouse TERT, injected into C57BL/6 mice. One-year-old animals gained 24 per cent in median lifespan and two-year-old animals gained 13 per cent, with no increase in cancer incidence in either group; the treated mice also showed improved insulin sensitivity, reduced osteoporosis and better neuromuscular coordination, and a catalytically dead version of the enzyme produced none of these benefits (Bernardes de Jesus 2012, https://doi.org/10.1002/emmm.201200245). When a TERT transgene was instead placed on a tumour-suppressor-enhanced background carrying extra copies of Sp53, Sp16 and SARF, median lifespan rose by 40 per cent (Tomás-Loba 2008, https://doi.org/10.1016/j.cell.2008.09.034). Reactivating TERT in telomerase-deficient Terc-null mice reversed tissue degeneration that had already occurred, showing the effect is not purely preventive (Jaskelioff 2010, https://doi.org/10.1038/nature09603). In cell culture the result is older and completely standard: introducing human TERT immortalises normal human cells and extends their replicative lifespan, a finding so well replicated that hTERT immortalisation is now routine laboratory practice (Bodnar 1998, https://doi.org/10.1126/science.279.5349.349). In the source organism, lobsters show high telomerase activity together with TTAGG repeats in all major organs throughout life, which is the entire empirical basis of the lobster story and applies to the lobster only (Klapper 1998, https://doi.org/10.1016/S0014-5793(98)01357-X).","T5 (replicated across labs, multiple mouse modalities) + T6 (hTERT immortalization universal)","No randomised controlled trial in humans has been run, so every efficacy number in this record comes from a mouse. Durable delivery to somatic tissue remains unsolved: a single adeno-associated virus dose works in a mouse that then lives two more years, but a human would need expression maintained across decades. Any human protocol would have to be paired with cancer surveillance intensive enough to catch a tumour that the therapy itself might have enabled, and nobody has defined what that surveillance looks like. The most plausible route forward is the combinatorial one already demonstrated in mice — telomerase delivered alongside enhanced tumour suppression — but building that as a human platform means engineering several genes at once rather than one.",Bernardes de Jesus EMBO Molecular Medicine 2012 https://doi.org/10.1002/emmm.201200245 | Tomás-Loba Cell 2008 https://doi.org/10.1016/j.cell.2008.09.034 | Jaskelioff Nature 2010 https://doi.org/10.1038/nature09603 | Bodnar Science 1998 https://doi.org/10.1126/science.279.5349.349 | Artandi Proceedings of the National Academy of Sciences 2002 https://doi.org/10.1073/pnas.112515399 | González-Suárez The EMBO Journal 2001 https://doi.org/10.1093/emboj/20.11.2619 | Klapper FEBS Letters 1998 https://doi.org/10.1016/S0014-5793(98)01357-X | Jaijyan Proceedings of the National Academy of Sciences 2022 https://doi.org/10.1073/pnas.2121499119 (retracted),"The cancer risk is the dominant caveat and it has direct experimental support. A germline TERT transgene is tumorigenic on its own, without co-enhanced tumour suppression: constitutive telomerase expression promoted mammary carcinomas in ageing mice (Artandi 2002, https://doi.org/10.1073/pnas.112515399), and mice overexpressing mouse TERT in basal keratinocytes developed more epidermal tumours, alongside faster wound healing (González-Suárez 2001, https://doi.org/10.1093/emboj/20.11.2619). This matters because it separates the two published outcomes cleanly: adeno-associated virus delivery to an adult mouse produced no excess cancer, whereas germline overexpression did. Roughly 85 to 90 per cent of human cancers reactivate TERT, and mutations in its promoter are among the most common somatic mutations found in melanoma, glioblastoma and bladder cancer, which means the enhancement and the disease share a mechanism. The species gap is quantitative: mouse telomeres run around 50 kilobases against roughly 10 kilobases in humans, so a mouse has reserve that a human does not, and extrapolating the lifespan percentages across that gap is fraught. The Liz Parrish and BioViva self-experiment, in which one person received adeno-associated virus carrying human TERT together with follistatin, is an uncontrolled, unpublished sample of one whose readout was quantitative PCR; it is not valid evidence in either direction. One further caution belongs on the record: a 2022 paper in the Proceedings of the National Academy of Sciences reporting intranasal and injectable telomerase gene therapy for healthy life extension has since been retracted (Jaijyan 2022, https://doi.org/10.1073/pnas.2121499119), so it should not be counted as support. Finally, lobster immortality is folk science — the demonstrated finding is ubiquitous telomerase expression, nothing more (Klapper 1998, https://doi.org/10.1016/S0014-5793(98)01357-X).",,1
tka_tkg_hagfish,TKalpha / TKgamma (thread biopolymer filament subunits alpha and gamma),heterologous co-expression of the two-subunit intermediate-filament pair,Expression,Instant Fiber Defense,"A shark bites a hagfish, and within a fraction of a second its gill chamber is full of a material that did not exist a moment earlier. The shark lets go. This is one of the fastest deployments of a structural biomaterial in the animal kingdom, and the trick is that the material is pre-manufactured and stored dry, then assembled by water rather than by the animal.

Inside each gland thread cell, a single continuous protein fibre roughly 15 centimetres long is wound into a skein about 150 micrometres across, like a fishing line spooled inside one cell. The fibre itself is built from two intermediate-filament proteins, thread keratin alpha and thread keratin gamma, which pair up and pack into tightly aligned parallel bundles. Ejected into seawater the skein unravels, mucin vesicles burst, and the resulting network does something counterintuitive: rather than absorbing water like a gel, it entrains bulk seawater in a mesh of mucin-coated threads, which is why so little protein produces so much slime (Zeng 2023, https://doi.org/10.7554/eLife.81405).

The threads are also a serious engineering material. Pulled in tension they start soft, yield, and then convert their alpha-helical coiled coils irreversibly into beta sheets, dissipating an enormous amount of energy on the way to failure. That places native hagfish thread in the same conversation as spider silk, which is why materials labs have chased it: a tough protein fibre that needs no organic solvent, no slow drawing and no spider farm. So far the chase has come up short. Recombinant thread proteins express well and can be spun into fibres, but the resulting material is thousands of times weaker, because what makes the native thread strong is not the sequence alone but the alignment and winding done inside a living cell before the fibre is ever used (Bell 2026, https://doi.org/10.1021/acsomega.5c13031). The hagfish builds its fibre once, stores it, and spends it in a single irreversible shot.","Hagfish thread keratins assemble into prewound fibers that deploy almost instantly in seawater, turning tiny stores of protein into a vast, energy-absorbing mesh. Native hydrated thread reaches about 180 MPa tensile strength and 130 MJ/m³ toughness, while a single adult released 0.9 liters of slime. Recombinant fibers can already be spun; reproducing the native cell's precise alignment and winding is the key to matching its performance.","Thread keratin alpha (TKalpha), a type II keratin-like protein, and thread keratin gamma (TKgamma), a type III-like protein, heterodimerise into intermediate filaments, and those filaments pack into tightly aligned parallel bundles inside specialised gland thread cells. Each such cell winds one continuous thread into a coiled skein and then stops dividing, so the fibre is manufactured and stored long before it is used. On ejection into seawater the skein unravels while mucin vesicles rupture around it, and the resulting thread network entrains bulk seawater rather than hydrating it, so the product behaves as a fine sieve of mucin-coated fibres rather than as a coherent mucus. The mechanical behaviour comes from a conformational change: loading the thread in tension past its yield point drives an irreversible transition of the filament proteins from alpha-helical coiled coil to beta sheet, and that transition is what produces the plastic deformation and the very high toughness. Because the transition is irreversible, the thread is a single-use energy absorber rather than an elastic spring.","The mechanical case rests on tensile testing of hydrated native thread. Fudge and colleagues measured high tensile strength (180 MPa) and toughness (130 MJ/m(3)) in hydrated slime-thread intermediate-filament bundles, and in the same study recorded a low initial stiffness of 6.4 MPa with elastic behaviour extending to strains of 0.34, which is the signature of a fibre that is soft until it yields and then absorbs enormous energy (Fudge 2003, https://doi.org/10.1016/S0006-3495(03)74629-3). The deployment numbers are just as striking. Gland exudate meeting seawater expands up to 10 000 times its original volume, unravelling threads 15 cm long built from filaments 1-3 um in diameter out of skeins roughly 150 um across (Hossain 2025, https://doi.org/10.1002/advs.202512414). At whole-animal scale, a single pinch on the tail of an adult Pacific hagfish about 45 cm long released 0.9 l of slime, which is ~7 times the volume of the animal (~0.14 l), drawn in part from skin in which each square millimetre stores ~96 cm of epidermal thread (Zeng 2023, https://doi.org/10.7554/eLife.81405). Against all of that, the engineered material is far behind: hydrogel fibres wet-spun from recombinant hagfish intermediate filament proteins rHIF-alpha and rHIF-gamma(C387S), solubilised at 10-25% w/v in formic acid, reached elastic moduli ranging from ~10(2) to ~10(3) kPa with beta-sheet content of 45.9-59.2% by infrared spectroscopy (Bell 2026, https://doi.org/10.1021/acsomega.5c13031).","T4 (native-material biophysics plus recombinant expression and fibre spinning, multiple labs; no transgenic animal)","No animal has been engineered to make hagfish threads, so the whole trait exists as native-material biophysics plus recombinant protein chemistry and nothing in between. The recombinant fibres fall far short of native thread because the native properties arise from filament alignment and skein winding performed inside the gland thread cell, and wet spinning does not reproduce that architecture; closing the gap therefore requires reconstructing a specialised secretory cell, not simply expressing two genes. Anyone quoting this card should keep the two datasets separate: the 180 MPa strength and 130 MJ/m(3) toughness belong to native thread and must not be attributed to engineered material. A further obstacle is that the thread-keratin gene family appears to be absent from amniote genomes altogether, so a mammalian host has no endogenous partner filaments or assembly machinery to build on.",Fudge Biophysical Journal 2003 https://doi.org/10.1016/S0006-3495(03)74629-3 | Zeng eLife 2023 https://doi.org/10.7554/eLife.81405 | Hossain Advanced Science 2025 https://doi.org/10.1002/advs.202512414 | Bell ACS Omega 2026 https://doi.org/10.1021/acsomega.5c13031,"The two subunits are UniProt Q90501 (TKalpha, https://www.uniprot.org/uniprotkb/Q90501) and Q90502 (TKgamma, https://www.uniprot.org/uniprotkb/Q90502), both from Eptatretus stoutii, and both have AlphaFold models but no experimental Protein Data Bank entry, so every structural statement about the filament is a model or an inference from fibre diffraction rather than a solved structure. The species behind the tensile measurements was confirmed as Eptatretus stoutii from text-mined organism annotations on the full text of the 2003 study, which matters because hagfish slime literature spans several genera and mechanical values are sometimes pooled across them (https://doi.org/10.1016/S0006-3495(03)74629-3). On phylogeny, homologous thread-keratin genes are found in lamprey, teleost fishes and amphibians but appear absent from all amniote genomes (Schaffeld & Schultess 2006, https://doi.org/10.1016/j.yexcr.2006.01.005), which makes this a trait with no latent mammalian substrate to reawaken. There is no commercial product and no supplier of the material: recombinant hagfish intermediate filament proteins have been expressed at high yield and spun into fibres in academic laboratories only (https://doi.org/10.1021/acsomega.5c13031). Note also that this is not a second spider-silk card: spider silk is drawn slowly from concentrated dope into a beta-sheet-nanocrystal fibre and is a static structure, whereas the hagfish thread is an alpha-helical coiled-coil bundle pre-wound in one cell, deployed ballistically, and toughened by an irreversible alpha-to-beta transition under load.",,1
tmat_tmm_myroides,TMAT/TMM,overexpression,Environmental Adaptation,Trimethylamine Detox,"The deep-sea bacterium Myroides profundi produces trimethylamine N-oxide (TMAO) as an osmolyte to survive crushing pressures. TMAT and TMM encode trimethylamine monooxygenase components that convert toxic trimethylamine (TMA) to the beneficial osmolyte TMAO. In humans, gut microbe-derived TMA is oxidized to TMAO by liver FMO3, but the bacterial pathway offers a more efficient, self-contained detoxification system that could be engineered for cardiovascular protection.","The TMAT/TMM enzyme pair converts pungent trimethylamine into TMAO, combining odor-precursor detoxification with a protein-stabilizing osmolyte used under crushing deep-sea pressure. Myroides profundi accumulates more than 200 mM TMAO, and the bacterial monooxygenase system is structurally and biochemically characterized. Because circulating TMAO tracks cardiovascular risk in humans, the most promising use would keep production localized rather than systemic.","TMM (trimethylamine monooxygenase) and its reductase TMAT form a two-component system that oxidizes TMA to TMAO using NADPH and FAD. The bacterial enzyme has broader substrate range and higher catalytic efficiency than mammalian FMO3, and operates as a self-contained module independent of host liver metabolism.",Myroides profundi accumulates TMAO to 200+ mM as a piezolyte at depth. Bacterial TMA monooxygenase has been structurally characterized. TMA/TMAO axis is a validated cardiovascular risk biomarker in humans.,T3,Engineering gut bacteria to express TMA monooxygenase is feasible but regulatory pathway unclear. Host immune response to modified microbiome. TMAO paradox: protective as piezolyte but elevated plasma TMAO correlates with cardiovascular risk in some human studies.,Qin Science Advances 2021 https://doi.org/10.1126/sciadv.abf9941 | Li Molecular Microbiology 2017 https://doi.org/10.1111/mmi.13605,TMAO paradox complicates direct translation. The TMA→TMAO conversion itself is well-characterized but clinical implications are debated.,,0
tmc1,TMC1,AAV gene therapy overexpression,Perception,Enhanced Hearing,"Every sound you hear is converted into an electrical signal at the tips of microscopic hair bundles in your inner ear — and TMC1 is the molecule that makes the conversion. It forms the pore of the mechanotransduction channel at stereocilia tips, the last molecular step before sound becomes nerve signal. When sound vibrations deflect the hair bundle, tip links pull open TMC1 channels and potassium ions flood in. Mutations in TMC1 are among the most common causes of hereditary deafness in humans. In 2015, Askew and colleagues at Harvard demonstrated that a single injection of AAV carrying the Tmc1 gene into the inner ears of completely deaf Tmc1-knockout mice restored auditory brainstem responses, acoustic startle reflexes, and detectable hearing across multiple frequencies. Wu and colleagues optimized this in 2020 with AAV9-PHP.B, recovering hearing thresholds equivalent to wild-type mice across all frequencies tested. Marcovich and colleagues further demonstrated this in a humanized mouse model carrying the human TMC1 p.N199I mutation. Clinical trials for TMC1-based gene therapy are now in the pipeline. The enhancement angle is speculative but grounded: overexpression beyond normal levels could lower the mechanical activation threshold of hair cell transduction channels, potentially extending hearing sensitivity.","TMC1 is the pore that converts microscopic movement of inner-ear hair bundles into the electrical signals we hear as sound. A single inner-ear AAV treatment restored auditory brainstem responses, startle behavior, and wild-type-equivalent thresholds across tested frequencies in deaf mice, with rescue also shown in a humanized mutation model. The evidence strongly supports hearing restoration; sensitivity beyond normal hearing would require a distinct gain-of-function design.","TMC1 forms the ion-conducting pore of the mechanoelectrical transduction (MET) complex at stereocilia tips in cochlear hair cells. Sound-induced stereocilia deflection opens the TMC1 channel via tip-link tension, allowing K⁺ and Ca²⁺ influx that depolarizes the hair cell and triggers neurotransmitter release to spiral ganglion neurons.","Askew 2015: AAV-Tmc1 in deaf Tmc1-KO mice restored ABR thresholds, acoustic startle, and frequency-specific hearing. Wu 2020: AAV9-PHP.B-TMC1 achieved wild-type-equivalent hearing thresholds across all frequencies. Marcovich 2022: humanized mouse model with TMC1 p.N199I mutation rescued by AAV.","T5 (mouse gene therapy, multiple studies) + T6 (≥4 independent labs working on TMC1/2)",Human inner ear AAV delivery optimization. Long-term durability of hearing rescue. No gain-of-function/overexpression studies beyond normal levels — enhancement effect hypothetical. Human cochlea much larger than mouse — dose scaling unknown.,Askew Sci Transl Med 2015 https://doi.org/10.1126/scitranslmed.aab1996 | Wu Mol Ther 2020 https://doi.org/10.1016/j.ymthe.2020.11.016 | Marcovich Biomolecules 2022 https://doi.org/10.3390/biom12070914,"Gene therapy restoration is well-validated for treating deafness (LOF rescue), but no study has tested whether overexpression beyond wild-type levels enhances hearing acuity. The enhancement hypothesis is extrapolated from biology. Inner ear gene therapy is essentially irreversible once administered.",,1
tp53_elephant,TP53 (elephant),Multi-copy expansion,Longevity & Genome,Tumor Suppression,"Elephants answer Peto's paradox — the question of why a whale is not a walking tumour — with brute-force redundancy. Where a human carries a single copy of the tumour-suppressor gene TP53, African elephants carry roughly 20, and 19 of those are retrogenes: reverse-transcribed DNA photocopies that were re-inserted elsewhere in the genome and that show measurable transcriptional activity (Abegglen 2015, https://doi.org/10.1001/jama.2015.13134). The functional consequence is a cellular hair-trigger for self-destruction. When Abegglen and colleagues irradiated peripheral blood lymphocytes, 14.64 percent of the elephant cells committed suicide, against 7.17 percent of cells from healthy human controls and 2.71 percent of cells from patients with Li-Fraumeni syndrome, who carry only one working TP53 copy and develop cancer relentlessly. Adjusted for life expectancy, elephant cancer mortality runs at about 4.81 percent, which the card copy rounds to 4.8 percent, while the human figure is 11 to 25 percent.

The story is not fully clean, and the exhibit would be lying if it pretended otherwise. A much broader zoo survey found that elephants get somewhat more cancer than the 2015 paper suggested, though still far less than their size predicts (Vincze 2022, https://doi.org/10.1038/s41586-021-04224-5). A 2023 follow-up from the same laboratory that produced the original finding could not reproduce the key experiment showing elephant p53 binding the MDM2 degradation adaptor (Preston 2023, https://doi.org/10.1038/s41420-023-01348-7). What has held up across every attempt is the roughly twofold apoptosis difference itself.","Elephants amplify the p53 damage alarm with roughly 20 TP53 copies, helping compromised cells self-destruct before mutations become tumors. After 2 Gy irradiation, 14.6% of elephant lymphocytes entered apoptosis versus 7.2% of healthy human cells, and elephant cancer mortality remains remarkably low for such a large, long-lived animal. The central design challenge is reproducing this sensitivity without the premature-aging cost seen with some hyperactive p53 mouse alleles.","African elephants carry about 20 copies of TP53: one canonical, full-length gene plus roughly 19 retrogenes, which are truncated reverse-transcribed copies scattered through the genome. Several of those retrogenes are transcribed and probably translated, and although they do not appear to act as transcription factors themselves, they raise the sensitivity of elephant cells to genotoxic stress and push the TP53 signalling pathway into a hyperactive state (Sulak 2016, https://doi.org/10.7554/eLife.11994). Three mechanisms have been proposed for how the extra copies produce that effect. The retrogene products may act as decoys that soak up MDM2, the E3 ubiquitin ligase that normally marks p53 for destruction, leaving more full-length p53 intact. The added p53 dosage may simply lower the apoptotic threshold, so that a smaller amount of DNA damage is enough to commit a cell to death. And elephant p53 reactivates LIF6, a leukaemia inhibitory factor pseudogene that proboscideans refunctionalised into a pro-apoptotic effector, which translocates to the mitochondria and induces cell death after DNA damage (Vazquez 2018, https://doi.org/10.1016/j.celrep.2018.07.042).","The founding result is a comparison of DNA-damage responses across species. Abegglen and colleagues surveyed necropsy records from 36 mammalian species, including 644 elephants, and found no increase in cancer mortality with body size or maximum lifespan; elephant cancer mortality came out at 4.81 percent (95 percent confidence interval 3.14 to 6.49) against 11 to 25 percent in humans. They then exposed peripheral blood lymphocytes to 2 Gy of ionising radiation and scored apoptosis by Annexin-V and propidium iodide staining. Elephant lymphocytes died at 14.64 percent, human control lymphocytes at 7.17 percent, and lymphocytes from Li-Fraumeni syndrome patients at 2.71 percent, with the effect scaling in proportion to TP53 allele number (P less than .001). The same experiment run with doxorubicin instead of radiation gave 24.77 percent apoptosis in elephant cells against 8.10 percent in human controls. The study used eight African and Asian elephants, ten patients with Li-Fraumeni syndrome and eleven age-matched human controls (Abegglen 2015, https://doi.org/10.1001/jama.2015.13134).

Individual retrogenes have since been tested in isolation. Expressing TP53RTG12 in mouse 3T3-L1 cells augmented the apoptotic response, though the effect was modest (Sulak 2016, https://doi.org/10.7554/eLife.11994). The LIF6 retrogene proved to be 14.3-fold inducible by p53 in elephant fibroblasts, confirming that it sits downstream of the p53 network rather than acting independently (Vazquez 2018, https://doi.org/10.1016/j.celrep.2018.07.042).

The only whole-animal transfer so far is a mouse experiment reported at the 2023 AACR annual meeting. Abegglen and colleagues built elephant-p53 knock-in mice and a Tet-inducible elephant p53 retrogene 9 construct targeted to a genomic safe harbour, and reported improved survival after a 3-methylcholanthrene carcinogen challenge (Abegglen 2023, https://doi.org/10.1158/1538-7445.am2023-45). That work exists only as a conference abstract and has not been peer reviewed.",T5 (abstract-only Tg mouse) + T4 (published 3T3-L1) + T6 (see TP53-RTG9),"Three things stand between this record and a human. First, the transgenic mouse work needs to appear in a peer-reviewed paper rather than a conference abstract, with the survival curves and the carcinogen dosing open to inspection. Second, nobody has yet shown that elephant p53 rescues cells from Li-Fraumeni syndrome patients, which is the obvious first patient population and the one where a single restored copy would have the clearest benefit. Third, the translational route being pursued commercially is not gene transfer at all but delivery of elephant p53 protein or peptide mimetics in lipid nanoparticles, which Peel Therapeutics is developing preclinically for paediatric osteosarcoma (https://peeltx.com/). No elephant-p53 construct or protein has entered a human trial.",Abegglen JAMA 2015 https://doi.org/10.1001/jama.2015.13134 | Sulak eLife 2016 https://doi.org/10.7554/eLife.11994 | Vazquez Cell Reports 2018 https://doi.org/10.1016/j.celrep.2018.07.042 | Vincze Nature 2022 https://doi.org/10.1038/s41586-021-04224-5 | Preston Cell Death Discovery 2023 https://doi.org/10.1038/s41420-023-01348-7 | Abegglen Cancer Research 2023 https://doi.org/10.1158/1538-7445.am2023-45 | Vollrath Trends in Ecology & Evolution 2023 https://doi.org/10.1016/j.tree.2023.05.011 | Tyner Nature 2002 https://doi.org/10.1038/415045a | García-Cao The EMBO Journal 2002 https://doi.org/10.1093/emboj/cdf595,"Four separate results complicate the picture, and each one matters for a different reason.

The first is a scope problem. A broader survey of cancer-related mortality across zoo mammals found that elephants develop more cancer than the 2015 paper implied, although their rate is still low for their body size (Vincze 2022, https://doi.org/10.1038/s41586-021-04224-5). This does not overturn the apoptosis measurement, but it does mean the headline framing of elephants as nearly cancer-free is too strong.

The second is a failed replication of a mechanism, and it comes from inside the original group. The 2015 paper proposed that elephant p53 binds MDM2 (Abegglen 2015, https://doi.org/10.1001/jama.2015.13134); the 2023 follow-up could not pull MDM2 down with the elephant retrogene product, and attributed the failure to a tryptophan-to-glycine substitution at position 23 that disrupts the binding interface (Preston 2023, https://doi.org/10.1038/s41420-023-01348-7). The decoy model is therefore unsupported for that retrogene, even though the increased apoptosis is real.

The third is a challenge to the framing itself. Elephant testicles do not descend, which means sperm production runs hot enough to threaten germline DNA replication and repair, and on that reading the TP53 expansion may have evolved to protect the germline rather than to fight somatic cancer (Vollrath 2023, https://doi.org/10.1016/j.tree.2023.05.011). If that is right, cancer resistance is a side effect rather than the selected function.

The fourth is the cost question, and it is the one that should worry anyone thinking about a human. Mice carrying a truncated, hyperactive p53 allele resisted spontaneous tumours but showed early ageing phenotypes and reduced longevity (Tyner 2002, https://doi.org/10.1038/415045a). The current record attributes accelerated ageing jointly to Tyner and to García-Cao, but the two experiments went in opposite directions: the García-Cao ""super p53"" mice, which carry supernumerary copies of the intact p53 gene on large genomic transgenes rather than a hyperactive mutant allele, showed an enhanced DNA damage response, resisted tumours and aged normally (García-Cao 2002, https://doi.org/10.1093/emboj/cdf595). The unresolved question stands either way: extra p53 activity can cost lifespan in a mouse, and why elephants escape that tradeoff has never been explained.

Two limits on the primary evidence are worth stating plainly. The apoptosis comparison rests on eight elephants, and there are no immortalised elephant cell lines, so every experiment depends on primary material drawn from a small number of animals.",,1
tp53_rtg9,TP53-RTG9,Returnase p53-R9 variant knock-in,Longevity & Genome,Apoptosis Control,"Elephants do not merely carry extra copies of the tumour-suppressor gene TP53. Roughly twenty of those copies are retrogenes, and many are truncated in ways that would normally be written off as genomic debris. Retrogene 9 is the most interesting of them. Its protein product, p53-R9, is cut off in the middle of the canonical DNA-binding domain and therefore lacks both the nuclear localisation signals and the oligomerisation domain that full-length p53 needs to work as a transcription factor. It cannot go to the nucleus and it cannot regulate genes. Instead it binds Tid1, the chaperone that normally ferries human p53 to the mitochondrion under stress, lodges on the outer mitochondrial membrane, and directly engages Bax to trigger death from the outside in (Preston 2023, https://doi.org/10.1038/s41420-023-01348-7).

In 2023 the Abegglen laboratory put p53-R9 into human cancer cell lines, including lines with no working p53 of their own, and watched them die by a mechanism that required no transcription at all (https://doi.org/10.1038/s41420-023-01348-7). The useful image is an ejector seat wired directly to the airframe, bypassing the cockpit controls entirely — which is exactly what you want against a tumour that has already destroyed its own p53. The limits are equally plain. Everything was done in transformed cancer cell lines rather than normal primary cells, and the same paper failed to reproduce the 2015 claim that elephant p53 binds the MDM2 degradation adaptor (Abegglen 2015, https://doi.org/10.1001/jama.2015.13134).","Elephant p53 retrogene 9 acts like a direct mitochondrial ejector seat, bypassing nuclear transcription to engage Bax, release cytochrome c, and activate caspases. It triggered cell death across human cancer lines with mutant or missing TP53, and the effect vanished when Bax and Bak were removed, giving the mechanism a clear dependency. Its attraction is a route around broken tumor p53; selective delivery to malignant cells is the essential next step.","TP53 retrogene 9 encodes a 180-amino-acid p53 protein truncated in the middle of the DNA-binding domain, so the resulting protein carries neither the nuclear localisation signals nor the tetramerisation domain of its full-length counterpart. It binds the chaperone Tid1, which is the protein responsible for trafficking human p53 to the mitochondrion in response to cellular stress, and Tid1 expression is required for the retrogene product to kill. At the mitochondrion it binds Bax, a pro-apoptotic member of the BCL-2 family, and the consequence is caspase activation, cytochrome c release into the cytosol and cell death. The whole sequence runs independently of transcription (Preston 2023, https://doi.org/10.1038/s41420-023-01348-7).","Preston and colleagues expressed p53-R9 in human cancer cell lines carrying TP53-null or TP53-mutant backgrounds — U2OS osteosarcoma, HCT116 and DLD1 colorectal, SAOS-2 osteosarcoma and T98G glioblastoma — and measured caspase-3 and caspase-7 activation by Caspase-Glo assay and Incucyte live-cell imaging, obtaining p values between 0.01 and 0.0001. The pan-caspase inhibitor Z-VAD-FMK abolished the effect, and Annexin-V staining confirmed that the death was caspase-dependent. Colocalisation with MitoTracker established mitochondrial targeting at p less than 0.0001, and small interfering RNA against Tid1 abolished that localisation, confirming the chaperone as the trafficking route. In DLD1 cells engineered to lack both Bax and Bak the phenotype disappeared entirely, which places Bax at the centre of the mechanism rather than at its periphery. Cytosolic cytochrome c release was confirmed directly, and the authors ruled out an unfolded protein response artefact. In magnitude the effect is equivalent to that of the human and elephant p53 truncation mutants V197 and V194, and weaker than that of full-length p53 (Preston 2023, https://doi.org/10.1038/s41420-023-01348-7).

The genomic context for this result was established earlier: the elephant genome encodes twenty copies of TP53, several of the retrogenes are transcribed and probably translated, and although they do not appear to act directly as transcription factors they contribute to the heightened sensitivity of elephant cells to DNA damage (Sulak 2016, https://doi.org/10.7554/eLife.11994).",T6 (4 independent human cancer cell lines),"The gap here is unusually wide because the evidence base is a single paper in cell culture. Nothing has been tested in primary, non-transformed human cells, so there is no evidence about whether p53-R9 spares healthy tissue or kills it as readily as it kills tumour cells. There is no xenograft efficacy data, which is the minimum standard before a cancer mechanism is taken seriously. There is no delivery vehicle: the protein was expressed from a construct inside the cell, not delivered to one. There is no toxicity data in normal tissue. And the retrogene has never been tested in an elephant cell, because the reagents and cell lines to do that do not exist.",Preston Cell Death Discovery 2023 https://doi.org/10.1038/s41420-023-01348-7 | Sulak eLife 2016 https://doi.org/10.7554/eLife.11994 | Abegglen JAMA 2015 https://doi.org/10.1001/jama.2015.13134 | Raffo Oncogene 2000 https://doi.org/10.1038/sj.onc.1203995 | Mihara Molecular Cell 2003 https://doi.org/10.1016/s1097-2765(03)00050-9,"The most important caveat is that this paper contradicts the founding paper of the elephant p53 story, and does so from inside the same research group. The 2015 study by Abegglen and colleagues reported that elephant p53 co-immunoprecipitates with MDM2 (https://doi.org/10.1001/jama.2015.13134); the 2023 paper by Preston and colleagues could not pull MDM2 down with p53-R9, and attributed the failure to a tryptophan-to-glycine substitution at residue 23 that disrupts the binding interface (https://doi.org/10.1038/s41420-023-01348-7). The MDM2-decoy model for this retrogene is therefore unsupported, and any account of elephant cancer resistance that leans on it needs rebuilding.

The Bax interaction at the centre of the mechanism has its own contested history. Raffo and colleagues reported nuclear Bax-p53 complexes associated with chemotherapy-induced apoptosis (Raffo 2000, https://doi.org/10.1038/sj.onc.1203995), while Mihara and colleagues located the interaction at the mitochondria and argued for a direct apoptogenic role there (Mihara 2003, https://doi.org/10.1016/s1097-2765(03)00050-9). The two placements are not trivially reconcilable, and the retrogene result inherits that ambiguity.

The remaining limits are limits of scope. The finding has not been independently replicated at the time of writing. All the work sits in cancer lines with TP53 null or mutant, so nothing is known about behaviour in a cell with intact p53 signalling. No fold-increase in apoptosis is reported systematically across the panel, which makes the effect size difficult to compare against other pro-apoptotic constructs. The retrogene product kills less efficiently than full-length p53. And it has never been tested in a cell from the animal it came from.",,1
tps_pv,TPS,Trehalose synthase overexpression,Environmental Adaptation,Vitrification,"Trehalose is nature's favorite preservative — a disaccharide that forms a protective glass when water disappears. Tardigrades, resurrection plants, brine shrimp, and the sleeping chironomid all accumulate massive amounts of it before drying out. P. vanderplanki larvae ramp up trehalose to ~20% of dry weight before entering anhydrobiosis, using trehalose-6-phosphate synthase (TPS) and trehalose-6-phosphate phosphatase (TPP). Ryabova et al. (2020 PNAS) showed that trehalose serves triple duty: classical vitrification (glass-state stabilization of membranes and proteins), principal energy source for rehydration via the pentose phosphate pathway, and restoration of antioxidant potential. The problem for human enhancement is fundamental: mammalian cells do not make trehalose. There is no TPS gene in the human genome. Engineering trehalose synthesis into human cells has been attempted — Guo 2000 showed E. coli TPS/TPP expressed in human fibroblasts produced trehalose and improved desiccation survival, and several groups have used it for dry biopreservation of platelets, stem cells, and red blood cells. But intracellular trehalose alone is not enough — you also need to suppress trehalase (the enzyme that breaks it down, which mammals do express) and solve the extracellular protection problem. It is a real pathway to organ-level biopreservation, not a one-gene fix.","Trehalose synthesis can turn a drying cell's interior into a protective glass that stabilizes membranes and proteins, then supplies energy during rehydration. Sleeping-chironomid larvae accumulate trehalose to about 20% of dry weight, and engineered human cells producing it survived desiccation about five times better; trehalose also preserves platelets and other cells. Stronger preservation will require pairing synthesis with extracellular protection and control of human trehalase.",Trehalose-6-phosphate synthase (TPS) + trehalose-6-phosphate phosphatase (TPP) catalyze UDP-glucose + glucose-6-phosphate → trehalose. Trehalose forms a vitreous (glassy) matrix that immobilizes biomolecules and replaces water at membrane surfaces. Also serves as energy reserve and antioxidant restorer during rehydration.,"Ryabova 2020 PNAS: trehalose reaches ~20% dry weight in P. vanderplanki; serves vitrification + energy + antioxidant restoration. Guo 2000 Nature Biotech: E. coli otsA/otsB (TPS/TPP) expressed in human HEK293/fibroblasts produced trehalose and improved desiccation survival ~5-fold. Eroglu 2000: trehalose-loaded human platelets retained function after freeze-drying. Multiple groups: trehalose loading or synthesis improves dry preservation of RBCs, stem cells, and oocytes.",T5 (human cell expression + functional desiccation protection) + T4 (P. vanderplanki metabolomics),Mammalian cells express trehalase which degrades trehalose — co-engineering or trehalase inhibition needed; intracellular trehalose alone insufficient without extracellular protection; no whole-organ drying demonstrated; regulatory pathway integration (HSF1-dependent) not reconstituted in mammalian context.,Ryabova PNAS 2020 https://doi.org/10.1073/pnas.2003650117 | Guo Nature Biotech 2000 https://doi.org/10.1038/72616 | Gusev Nat Commun 2014 https://doi.org/10.1038/ncomms5784 | Eroglu Nature Med 2000 https://doi.org/10.1038/72608,"Not a one-gene solution: trehalose synthesis must be paired with trehalase suppression (mammals have active TREH), extracellular trehalose delivery, and ideally LEA co-expression for full desiccation protection. In the chironomid, trehalose works within a HSF1-coordinated program involving dozens of genes — isolating TPS alone captures only part of the benefit. Most mammalian trehalose work targets biopreservation (organ banking), not whole-organism desiccation tolerance.",Stress Resistance,1
trpa1_viper,TRPA1,Pit viper IR-variant expression,Perception,Infrared Sensing,"Pit vipers carry a pair of pits on their snouts that work as biological infrared cameras, letting them find warm prey in total darkness. Gracheva and colleagues used unbiased transcriptional profiling of the nerve fibres innervating the pit organ to identify the molecular sensor as TRPA1, the same ion channel that in humans makes wasabi and mustard oil feel hot, and showed that pit-bearing snakes detect infrared by radiant heating of the organ rather than by any photochemical process (2010, https://doi.org/10.1038/nature08943).

Expressed in HEK293 cells or in frog oocytes, viper TRPA1 opens at around 28 degrees C with an extraordinarily steep response, a Q10 of 13.7 that makes it among the most heat-sensitive vertebrate ion channels identified. The heat-detection machinery turns out to be portable. Cordero-Morales and colleagues compared human and rattlesnake TRPA1 and located two transferable heat-sensitive modules within the ankyrin-repeat-rich amino-terminal cytoplasmic domain; swapping that region between orthologues moves the thermal threshold with it (2011, https://doi.org/10.1073/pnas.1114124108).

Here is the oddity. Fifteen years after all of this was known, nobody has made an infrared-sensing mouse. The channel works in isolation, but a pit organ is an elaborate piece of anatomy, thermally isolated from the rest of the head and precisely innervated so that a small radiant flux produces a large local temperature step. Dropping the gene into a mammal does not buy thermal vision; in a body already sitting at 37 degrees C, a channel that opens at 28 degrees C is simply open. Vampire bats, incidentally, solved the same problem with different hardware: Gracheva and colleagues showed they use a ganglion-specific splice variant of TRPV1, not TRPA1, which makes infrared detection a convergent invention rather than a single evolutionary trick (2011, https://doi.org/10.1038/nature10245).","Viper TRPA1 converts tiny warming events into nerve signals, forming the molecular sensor behind biological infrared detection of warm prey in darkness. Rattlesnake channels activate near 28 °C with a steep Q10 of 13.7, and transferable regions in the channel's amino terminus carry much of that heat sensitivity. To become directional thermal vision rather than constant warmth, the channel needs a thermally isolated, precisely innervated sensor surface like the snake pit organ.","TRPA1 is a non-selective cation channel. In pit-bearing snakes its transcript is massively enriched, roughly 400-fold, in the trigeminal ganglion neurons that innervate the pit organ relative to dorsal root ganglia, which is what allowed the receptor to be identified by transcriptional profiling in the first place (https://doi.org/10.1038/nature08943). Opening the channel depolarises the sensory terminal and generates action potentials, so a temperature step at the pit membrane is converted directly into spike trains in the trigeminal nerve.

The functional inversion relative to humans is the interesting part. Mammalian TRPA1 is activated by chemically reactive irritants such as allyl isothiocyanate, the pungent compound in mustard oil, and behaves as a cold and chemical sensor. Snake TRPA1 is preferentially activated by heat, opening at around 28 degrees C. Cordero-Morales and colleagues mapped this difference to the ankyrin-repeat-rich amino-terminal cytoplasmic domain and showed that the same region also carries sensitivity to chemical stimuli and modulation by intracellular calcium, identifying it as an integrator of several physiological signals that set sensory neuron excitability (https://doi.org/10.1073/pnas.1114124108). Calcium is not incidental to the steepness: Du and Kang found that snake TRPA1 orthologues differentially require calcium for their hyper-thermosensitivity, that extracellularly applied calcium raises the Q10 of both rattlesnake and boa channels, and that the rattlesnake channel specifically requires cytosolic calcium, with a single natural variation at a conserved cytosolic site determining the difference (https://doi.org/10.14348/molcells.2020.0036).","Gracheva and colleagues expressed rattlesnake TRPA1 in HEK293 cells and Xenopus oocytes and measured thermal thresholds across species: approximately 27.6-28 degrees C for rattlesnake, approximately 29.6 degrees C for boa, approximately 32.7 degrees C for python, and approximately 37-38 degrees C for a non-pit-bearing rat snake. The rattlesnake channel showed a Q10 of 13.7, an extreme temperature coefficient, and the pit-snake orthologues showed reduced sensitivity to allyl isothiocyanate compared with the mammalian channel. The paper concluded that TRPA1 orthologues from pit-bearing snakes, that is vipers, pythons and boas, are the most heat-sensitive vertebrate ion channels identified to that point (2010, https://doi.org/10.1038/nature08943).

Cordero-Morales and colleagues identified two portable heat-sensitive modules in the amino-terminal ankyrin-repeat-rich cytoplasmic domain by building chimeras between human and rattlesnake TRPA1, and showed that chemical sensitivity and intracellular calcium modulation localise to the same region (2011, https://doi.org/10.1073/pnas.1114124108).

Du and Kang showed that a single natural sequence variation determines cytosolic-calcium-mediated hyperthermosensitivity in snake TRPA1, that predisposition to potentiation by cytosolic calcium correlates with superior thermosensitivity, and that chelating intracellular calcium or mutating the conserved cytosolic site removes the rattlesnake channel's advantage over the boa channel (2020, https://doi.org/10.14348/molcells.2020.0036). This record attributes the finding to an eLife paper by Geng; that attribution does not resolve to any real publication, while the result itself is solid and belongs to Du and Kang in Molecules and Cells.

Gracheva and colleagues separately showed that vampire bats achieve infrared detection through a ganglion-specific splice variant of TRPV1 rather than TRPA1, establishing convergent evolution of infrared sensing on two different channel families (2011, https://doi.org/10.1038/nature10245).",T3 (HEK293 + Xenopus oocytes),"No infrared-sensing mouse has ever been created, despite more than fifteen years of complete molecular information about the channel. The missing piece is anatomical rather than genetic: the pit organ is a thermally isolated membrane suspended in an air-filled chamber, and without that thermal isolation a heat-activated channel cannot resolve a distant warm body against the animal's own 37 degrees C background. There is also no published gain-of-function demonstration of the native snake protein in mammalian neurons, so every functional measurement to date comes from heterologous expression in HEK293 cells or Xenopus oocytes rather than from a mammalian sensory circuit.",Gracheva Nature 2010 https://doi.org/10.1038/nature08943 | Cordero-Morales Proceedings of the National Academy of Sciences 2011 https://doi.org/10.1073/pnas.1114124108 | Gracheva Nature 2011 https://doi.org/10.1038/nature10245 (vampire bat TRPV1) | Du Molecules and Cells 2020 https://doi.org/10.14348/molcells.2020.0036 | Kang Biochimica et Biophysica Acta Biomembranes 2016 https://doi.org/10.1016/j.bbamem.2015.12.011 | Pappas American Journal of Physiology Cell Physiology 2004 https://doi.org/10.1152/ajpcell.00040.2004,"Reported thresholds depend on the assay. Kang measured rattlesnake TRPA1 in Xenopus oocytes and found that the Q10 is not a fixed property of the channel at all: it increases in proportion to current amplitude, whether assessed by canonical Arrhenius plot analysis or by a Q10-scanning method that assigns a coefficient to each recorded temperature point, and for larger currents the rise in Q10 was steeper, yielding maximal values up to approximately 100,000 (2016, https://doi.org/10.1016/j.bbamem.2015.12.011). This record also carries activation temperatures of 26.3 and 23.3 degrees C, both lower than the 27.6-28 degrees C of the original Gracheva measurement (https://doi.org/10.1038/nature08943). Those two values do not appear in the Kang abstract, and I could not trace them to that paper or to another source, so they are preserved here as the record's own figures rather than attributed to Kang. The Kang result matters because it means the headline Q10 of 13.7 is an assay-specific number rather than a constant, and any engineering target built on it inherits that dependence on expression level.

The isolated channel also does not account for the full behaviour of the native neuron. Pappas and colleagues dissociated trigeminal ganglion neurons innervating the pit organs of the Western diamondback rattlesnake and the copperhead and found a unique temperature-activated inward current in 75% of Crotalus atrox neurons and 74% of Agkistrodon contortrix neurons. This record carries the observation that rattlesnake trigeminal cell bodies respond across 15 to 40 degrees C, a span considerably broader than the isolated channel's threshold behaviour predicts; the Pappas abstract reports a steep rise in the current-temperature relationship beginning just below 18 degrees C and an outward current on cooling from 20 degrees C, so the 15 to 40 degrees C range is the record's own summary rather than a figure I could confirm in that paper. Notably, they also found a similar current in 15% of trigeminal neurons from the common garter snake, a species with no specialised heat-sensing organ (2004, https://doi.org/10.1152/ajpcell.00040.2004). The presence of the current in a pit-less snake weakens any simple claim that this conductance is sufficient for infrared sensing.

Drosophila TRPA1 is also heat-activated, which raises the possibility that the mammalian cold-and-chemical state is the derived condition and heat activation is ancestral. That inverts the intuitive framing of this gene as an exotic snake invention.

The nine clinical trial records associated with TRPA1 in this database all measure or manipulate the human channel pharmacologically rather than testing the snake orthologue, and none involve infrared sensing. They cover cough hypersensitivity mechanisms (https://clinicaltrials.gov/study/NCT02039999, https://clinicaltrials.gov/study/NCT02591550, https://clinicaltrials.gov/study/NCT04923412), intestinal permeability after capsaicin and cinnamaldehyde (https://clinicaltrials.gov/study/NCT01667523), chemotherapy-induced abnormal thermal sensation and neuropathy (https://clinicaltrials.gov/study/NCT03252834, terminated, and https://clinicaltrials.gov/study/NCT03329131), pharyngeal sensory stimulation with TRPV1 and TRPA1 agonists in elderly patients (https://clinicaltrials.gov/study/NCT04741620, https://clinicaltrials.gov/study/NCT05958173), and methylation patterns and pain sensation in children with intellectual disability (https://clinicaltrials.gov/study/NCT06317506). This is the gene being measured, not the gene being administered.",,1
trpv1s_vampire_bat,TRPV1s (Vampire bat),modification,Perception,Infrared Sensing,"The common vampire bat (Desmodus rotundus) can detect body heat from prey at a distance using pit organs on its nose. This infrared sensing comes from a spliced variant of TRPV1, the capsaicin/heat receptor. Alternative splicing produces a truncated channel (TRPV1-S) with a dramatically lowered activation threshold (~30°C vs ~43°C), converting a pain receptor into a precision thermal camera. Evolution achieved what engineering struggles with: a biological infrared sensor.","A tissue-specific splice form of TRPV1 turns a high-temperature pain receptor into a precision sensor for warm blood beneath skin. Truncating the channel's tail lowers its activation threshold from about 43 °C to 30 °C, and vampire bats use the resulting nose-pit circuit to locate blood vessels from up to 20 cm away. Restricting the low-threshold isoform to dedicated sensory neurons is what separates useful thermal perception from widespread heat sensitivity.","Alternative splicing of TRPV1 in trigeminal ganglia neurons innervating the nose pit produces TRPV1-S, missing a portion of the C-terminal domain. This truncation lowers the thermal activation threshold from ~43°C to ~30°C, enabling detection of warm-blooded prey body heat at distance. The short isoform is expressed only in pit organ neurons, not in other sensory neurons.",TRPV1-S activation threshold confirmed at ~30°C in heterologous expression. Vampire bats can detect blood vessels under skin from 20 cm distance. David Julius (Nobel 2021) co-discovered the mechanism. Grunenthal TRPV1 antagonist reached Phase 3 for pain.,T4,TRPV1 splicing is tissue-specific and would require targeted expression in desired sensory neurons. Lowering TRPV1 threshold systemically would cause chronic heat hypersensitivity. Potential applications in neuroprosthetics rather than gene therapy.,https://doi.org/10.1038/nature10245,David Julius (Nobel Prize 2021 for TRPV1) was co-author. TRPV1 antagonists are a major pharma target.,,0
ucp1,UCP1,Overexpression (skeletal-muscle-restricted transgene; ACTA1/HSA or MYL2 promoter),Environmental Adaptation,Nonshivering Thermogenesis,"Brown fat is the only mammalian tissue that deliberately wastes energy. Its mitochondria carry UCP1, a proton channel that short-circuits the inner membrane so the proton gradient built by respiration is discharged as heat instead of being cashed in as ATP. It is how a newborn or a hibernator warms itself without shivering, and it is why cold exposure raises metabolic rate.

Two groups asked what happens if you install that channel in skeletal muscle instead — a tissue with far more mass than brown fat, and one you can reach with a muscle-specific promoter. Gates and colleagues put UCP1 behind a myosin light chain promoter and followed the mice for life: median survival rose, lymphoma turned up less often in females, diet-induced atherosclerosis fell in an apoE-null background, and in genetically obese agouti mice both diabetes and hypertension were reversed. Their reading was careful and worth keeping: accelerating metabolism in muscle did not look like it changed aging itself, but it delayed the diseases of aging (Gates 2007, https://doi.org/10.1016/j.cmet.2007.10.010).

Keipert and colleagues then ran the experiment that separates the two readings. They took HSA-mUCP1 mice and fed wild-type and transgenic animals three diets for life. On plain low-fat chow the survival curves of transgenic and wild-type mice were statistically indistinguishable; only maximum lifespan differed, 1094 against 992 days. On a high-carbohydrate high-fat diet, which cut wild-type median lifespan by a third, the transgenic median was 42% higher than wild type (785.5 against 548 days). The uncoupling did not make mice live longer than a well-fed mouse already lives — it made them almost immune to what the bad diet did (Keipert 2011, https://doi.org/10.1111/j.1474-9726.2010.00648.x).

That is the honest shape of the result, and it is a more interesting one than a lifespan number. Muscle uncoupling buys metabolic headroom: the animals ate the same and stored less, gained fat later, and stayed insulin-sensitive. The price shows up on the scale.","Working muscle banks the energy it extracts as ATP; a proton-leak channel in its mitochondria dumps that energy as heat instead, raising body temperature and metabolic rate. Mice carrying it under a skeletal-muscle promoter reached a median lifespan 42% above wild type on a high-fat diet, but it has only ever been done in mice. Those mice weighed 19 g against 27 g: the heat is paid for out of muscle.","UCP1 is a 307-residue inner-mitochondrial-membrane carrier of the SLC25 family that provides a regulated proton conductance across the membrane, dissipating the electrochemical gradient generated by the respiratory chain as heat rather than allowing ATP synthase to capture it. Because substrate oxidation is no longer restrained by a high membrane potential, respiration accelerates and flux through fatty-acid oxidation and glycolysis rises. In brown adipose tissue the protein is activated by noradrenaline via lipolysis-derived free fatty acids and inhibited by purine nucleotides. Expressing it ectopically in skeletal muscle exploits that tissue's mass and mitochondrial density to raise whole-body energy expenditure; the downstream signature in muscle includes elevated SIRT1 and AMP-activated protein kinase activity, with lowered circulating IGF-1 and fibrinogen and raised adiponectin.","Gates and colleagues expressed UCP1 in skeletal muscle of C57BL/6 x CBA mice under a myosin light chain (MYL2) promoter and tested three separate disease models. In the lifespan arm median survival was increased (OpenGenes records +11.6% median in males and +17.8% median in females for this cohort) and lymphoma was less frequent in transgenic females; in apoE-null mice diet-induced atherosclerosis decreased; in agouti yellow obese mice diabetes and hypertension were reversed. The mice ran hotter, with decreased adiposity, higher metabolic rate, elevated muscle SIRT and AMP kinase, higher adiponectin and lower IGF-1 and fibrinogen (Gates 2007, https://doi.org/10.1016/j.cmet.2007.10.010).

Keipert and colleagues followed HSA-mUCP1 mice and wild-type littermates from 12 weeks of age to death on three defined diets, 37-50 animals per group. Survival characteristics, both sexes combined (Table 1): on the high-carbohydrate/low-fat control diet, wild-type median 814 d and mean 807 +/- 27 d against transgenic median 849 d and mean 857 +/- 26 d, a difference that was not statistically significant. On the low-carbohydrate/high-fat diet, wild-type median 754 d against transgenic 852 d (+13% median, +22% mean, P < 0.01). On the high-carbohydrate/high-fat diet, wild-type median 548 d against transgenic 785.5 d (+42% median, +34% mean, P < 0.0001). Across all diets the oldest surviving 10% reached 1094 +/- 22 d in transgenics against 992 +/- 20 d in wild type (P = 0.002, about +10%), and the youngest 10% reached 411 +/- 27 d against 335 +/- 12 d (P < 0.05). Longevity correlated negatively with insulin resistance and positively with weight-specific energy expenditure (Keipert 2011, https://doi.org/10.1111/j.1474-9726.2010.00648.x).",T5 (two independent mammalian in-vivo lifespan cohorts with survival endpoints and defined tissue-specific promoters) + T7 for endogenous human brown-fat UCP1 physiology; no human gain-of-function exposure,"No human has ever received UCP1. The entire human literature measures endogenous UCP1 — in brown fat biopsies, by 18F-FDG PET during cold exposure, or as a serum marker after exercise — and several registered trials do exactly that (NCT04039685, NCT03541096, NCT04156113, NCT06878989). Getting from mouse to human requires a muscle-directed vector at a dose that raises uncoupling enough to matter without the growth penalty seen in the germline transgenics, and nobody has established that such a window exists. The chow-fed comparison in Keipert 2011 also means the intervention has no demonstrated lifespan benefit in a lean, well-fed animal; its benefit was measured against dietary injury. A pharmacological precedent exists and it is a warning: 2,4-dinitrophenol uncouples mitochondria chemically, was sold for weight loss in the 1930s, and killed people by hyperthermia because the leak could not be turned off.",Gates Cell Metabolism 2007 https://doi.org/10.1016/j.cmet.2007.10.010 | Keipert Aging Cell 2011 https://doi.org/10.1111/j.1474-9726.2010.00648.x | Rose Experimental Gerontology 2011 https://doi.org/10.1016/j.exger.2011.07.011,"EFFECT-SIZE CORRECTION, IMPORTANT. The +40.7% mean lifespan figure circulating for UCP1 in the OpenGenes-derived brief is a per-sex, per-diet subgroup contrast (transgenic vs wild-type females on the high-carbohydrate/high-fat diet), not a chow lifespan extension. The sex-combined values from Table 1 of the source paper are used here instead. On the control low-fat diet there was NO significant survival difference between transgenic and wild-type mice; the large percentages all come from high-fat-diet arms where the wild-type comparator was itself dying early (its median fell 33% on that diet). Any card or claim that reads UCP1 as a 40% lifespan extender is wrong.

GROWTH AND MUSCLE TRADEOFF. HSA-mUCP1 males weighed 19.4 +/- 0.6 g at week 12 against 27.1 +/- 0.7 g for wild type, with lean body mass 17.1 +/- 0.6 g against 24.1 +/- 0.6 g (Keipert 2011, Table 2). This is a substantial reduction in muscle mass in the very tissue being manipulated, and it is the direct cost of running the leak in a contractile tissue. Any strength- or performance-framed sell for UCP1 is contradicted by its own source data.

CANCER. Direction is favourable but thin: lymphoma was detected less frequently in transgenic females (Gates 2007). No systematic tumour survey was run.

THERMOREGULATION. Uncoupling in a large tissue mass raises core temperature and heat production, which is an asset in the cold and a liability in heat; the transgenics were not tested under heat stress. Uncontrolled chemical uncoupling by dinitrophenol is lethal by hyperthermia, which is the relevant safety analogue for an unregulated leak.

TISSUE SPECIFICITY IS LOAD-BEARING. Both lifespan studies used skeletal-muscle-restricted promoters (MYL2 in Gates 2007, ACTA1/human skeletal actin in Keipert 2011). There is no whole-body UCP1 overexpression lifespan result, and the brown-fat-native protein at native site does not reproduce this experiment.

HUMAN GENETICS. An Italian candidate-gene study reports a UCP1 haplotype associated with longevity (Rose 2011, https://doi.org/10.1016/j.exger.2011.07.011); this is a single-population association, not a functional human result.",Longevity & Genome,0
uhrf1_deer,UHRF1 (Deer),overexpression,Regeneration,Rapid Bone Growth,"UHRF1 (Ubiquitin-like with PHD and RING Finger Domains 1) is an epigenetic regulator dramatically upregulated in deer antler progenitor cells. It maintains DNA methylation patterns during rapid cell division, ensuring that daughter cells retain their osteogenic identity even during the explosive 2 cm/day growth rate. This epigenetic guardian allows deer to grow bone faster than any tumor — without ever becoming cancerous.","UHRF1 helps rapidly dividing cells preserve their epigenetic identity by copying DNA-methylation patterns and coordinating them with chromatin marks. It is strongly upregulated in the antler blastema, where deer build bone at up to 2 cm per day, while antler progenitors stay epigenetically stable at division rates exceeding many cancers. No animal has yet been given extra UHRF1, so the antler link is a clue to controlled rapid growth rather than a demonstrated enhancement.","UHRF1 recruits DNMT1 to hemimethylated DNA during S-phase, faithfully copying methylation patterns to daughter strands. In antler progenitor cells, this ensures maintenance of lineage-specific gene expression during rapid proliferation. It also interacts with histone modifications (H3K9me3) to coordinate chromatin state inheritance.","UHRF1 is among the top upregulated genes in antler blastema. Antler progenitor cells show maintained epigenetic stability despite division rates exceeding many cancers. Opposite direction, for bounding only: knockout studies show UHRF1 is essential for normal bone development in mice, which establishes necessity, not benefit from overexpression.",T4,UHRF1 is also overexpressed in many human cancers; context-dependent effects complicate therapeutic use. Delivery timing and tissue targeting are critical to avoid oncogenic risk.,https://doi.org/10.1126/science.add0488,UHRF1 overexpression is seen in human cancers — the deer antler context may provide insights into safe rapid proliferation.,Longevity & Genome,0
v2r_snake_vno,V2R vomeronasal receptor family (snake-specific expansion),Multi-gene receptor-family expansion (defined multi-gene program) expressed in vomeronasal sensory neurons,Perception,Vomeronasal Trail Reading,"Watch a snake hunt and you are watching an organ no mammal has in working order. The tongue flicks out, forks wide, touches the substrate, and returns; the two tips deliver what they picked up into paired ducts in the roof of the mouth, feeding the vomeronasal organ, which in snakes is the largest and most elaborate version of that structure in any vertebrate. Because both tips sample at once and slightly apart, the animal gets two simultaneous readings and can resolve which way a trail runs. Brykczynska and colleagues in Geneva asked how many distinguishable chemicals that system can report, by sequencing the corn snake vomeronasal transcriptome (https://doi.org/10.1093/gbe/evt013). The answer was a receptor bank rather than a receptor: at least 116 distinct transcripts encoding 109 different proteins, all of them V2Rs, the large family C G-protein-coupled receptors whose long extracellular domain suits water-soluble molecules too heavy to travel through air. The same study found the mirror-image loss. Squamates have almost abandoned V1R, the family that dominates the mammalian vomeronasal organ and answers to volatile compounds; searching the anole lizard genome the authors could identify only one V1R against 39 annotated V2Rs. Snakes chose chemistry you have to touch. They also showed that the organisational logic is shared with mammals, since the bigenic expression pattern in which each neuron picks one receptor from one subfamily and expresses a broadly shared coreceptor alongside it is conserved in snakes. For a human this is the most architecturally demanding candidate in the Perception track, because the receptors are the easy part. Our own vomeronasal organ is vestigial and we have no accessory olfactory bulb, so there is no epithelium to hold the bank and no brain structure to read its code.","Snakes combine a forked tongue, paired sensory ducts, and an enormous V2R receptor bank to read heavy molecules on surfaces and determine which direction a chemical trail leads. Corn-snake sequencing recovered at least 116 distinct V2R transcripts encoding 109 proteins, revealing a rich chemical vocabulary beyond airborne smell. Recreating the capability is an organ-and-circuit project as much as a receptor project, and most individual ligands remain unidentified.","Snakes possess the largest and most elaborated vomeronasal organ (VNO) of any vertebrate. Chemosensation there runs on vomeronasal type-2 receptors (V2Rs), large family C G-protein-coupled receptors carrying an extended extracellular N-terminal domain suited to binding water-soluble, non-volatile ligands, rather than on the type-1 receptors (V1Rs) that dominate the mammalian vomeronasal organ. Squamate reptiles retain an extremely limited V1R repertoire alongside a large V2R repertoire that includes multiple lineages of reptile-specific and snake-specific expansions. The mammalian bigenic V2R transcription pattern, in which a neuron expresses a single member of the A, B and D subfamilies together with broadly expressed C-subfamily coreceptors, is conserved in snakes, which indicates the same one-neuron-one-receptor-plus-coreceptor coding logic. The forked tongue delivers sampled molecules into the paired vomeronasal ducts, so each flick provides two spatially separated samples at the same instant.","RNA sequencing of the corn snake vomeronasal organ identified 196 assembled contigs as fragments of likely functional V2R transcripts by high-confidence sequence similarity at an expectation value below 10^-9, and aligning their conserved seven-transmembrane segments showed that these 196 sequences correspond to a minimum of 116 distinct transcripts encoding 109 different proteins; the authors conclude that the corn snake genome contains more than 116 V2R genes and describe this explicitly as a minimal estimate (Brykczynska 2013, https://doi.org/10.1093/gbe/evt013). The same work established the trade against airborne chemistry. A translated-BLAST search of the green anole genome in Ensembl release 64 predicted no lizard V1R gene at all while annotating 39 genes as V2Rs, and the authors' own analysis recognised as a V1R just one previously unidentified anole coding sequence, giving a single anole V1R against 39 V2Rs. Parallel searches recovered 216 partial sequences of likely V2R genes in the Burmese python and 38 potential V2R genes in a garter snake multi-organ transcriptome. A separate genome annotation shows that the vomeronasal bank and the ordinary nose vary independently: the garter snake has the smallest main olfactory receptor repertoire among snakes, with almost 180 fewer olfactory receptor genes than the Burmese python, so a large V2R repertoire is not simply a consequence of having a large nose (Perry 2018, https://doi.org/10.1093/gbe/evy157).",T3 (deep-sequencing repertoire characterisation plus RNA in situ hybridisation of the expression pattern in the native organ; no deorphanised ligands and no heterologous functional assay),"The weakest link should be stated plainly rather than buried: essentially no snake V2R has been deorphanised, so the repertoire size is established while the individual receptor-ligand pairings are not, and nobody can yet write down what a snake actually smells as a list of molecules. The headline number is itself a floor, since the authors derive more than 116 genes from transcript assembly and caution that some reconstructed transcripts may combine individual polymorphisms. The host anatomy is missing too: humans carry a vestigial vomeronasal organ and have no accessory olfactory bulb, so there is no sensory epithelium to hold a hundred-receptor bank and no dedicated brain structure to decode it, and no functional assay of any kind, heterologous or transgenic, has been run on these receptors.",Brykczynska Genome Biology and Evolution 2013 https://doi.org/10.1093/gbe/evt013 | Perry Genome Biology and Evolution 2018 https://doi.org/10.1093/gbe/evy157 | Policarpo Nature Communications 2024 https://doi.org/10.1038/s41467-024-45500-y,"The repertoire figure is a minimum by the authors' own framing, not a final count, and readers should treat more than 116 as a floor (Brykczynska 2013, https://doi.org/10.1093/gbe/evt013). Structural and sequence coverage is patchy at the level of individual receptors. UniProt holds many Pantherophis guttatus V2R-like entries, for example A0A6P9DVG7, annotated vomeronasal type-2 receptor 1-like (https://www.uniprot.org/uniprotkb/A0A6P9DVG7), and A0ABM3YYV0, vomeronasal type-2 receptor 26-like (https://www.uniprot.org/uniprotkb/A0ABM3YYV0); AlphaFold returned a model for the first accession but a 404 for the second, so structural coverage was scored as absent at the family level even though the specific accession listed here does have a model. No experimental structure of any V2R from any species exists. Broader context on how V1R and V2R repertoires rise and fall across vertebrates comes from a 2024 survey of 1,527 vertebrate genomes (Policarpo 2024, https://doi.org/10.1038/s41467-024-45500-y). There is no commercial or clinical dimension to record: no company works on this, no trial exists, and not one ligand has been assigned to a snake V2R.",,0
vegf_therapy,VEGF,Gene therapy overexpression,Regeneration,Vascular Rejuvenation,"Your heart is starving for blood — arteries clogged beyond what stents or bypasses can reach — and a surgeon injects naked DNA encoding VEGF directly into the dying muscle. That was the audacious premise when Losordo and Isner ran the first phase I trial in 1998: five men with intractable angina received intramyocardial injections of phVEGF165 plasmid. All five showed reduced angina, improved perfusion on SPECT imaging, and better collateral vessel scores on angiography. The same team demonstrated collateral artery growth in critical limb ischemia patients, with ankle-brachial index rising from 0.33 to 0.48 and limb salvage in three patients facing amputation. Then came the reality check. The Euroinject One phase II randomised double-blind trial in 2005 — 80 patients, plasmid VEGF versus placebo — found no significant improvement in myocardial perfusion, though wall motion did improve. The pattern has repeated across multiple trials: real biology, measurable protein expression, but clinical endpoints stubbornly close to placebo. VEGF gene therapy is safe and biologically active, but durable clinical benefit remains unproven after two decades of effort.","VEGF recruits endothelial cells to build collateral vessels, giving oxygen-starved tissue biological detours around blocked arteries. Early limb-ischemia work raised ankle-brachial index from 0.33 to 0.48 and salvaged all three limbs facing amputation; plasmid VEGF165 later became the marketed PAD therapy Neovasculgen in Russia. Clinical responses vary by indication, and localized dosing matters because VEGF also increases vascular permeability.","VEGF-A165 isoform: secreted homodimeric glycoprotein; binds VEGFR-2/KDR on endothelial cells → PLCγ/ERK + PI3K/Akt → proliferation, migration, tube formation, nitric oxide release; also increases vascular permeability via VE-cadherin phosphorylation.","Losordo 1998 Circulation (phase I, n=5): all 5 patients reduced NTG use 54→10/wk, improved SPECT perfusion. Baumgartner 1998 Circulation (phase I limb, n=9): ABI 0.33→0.48, new collaterals 7/10, limb salvage 3/3 amputation candidates. Euroinject One 2005 JACC (phase II RCT, n=80): NO significant perfusion improvement vs placebo; wall motion improved (P=0.04).",T5,Transient plasmid expression (~2 weeks); no phase III with hard endpoints (MACE/mortality); AAV vs plasmid comparison needed; VEGF dose–response and isoform optimisation; edema management.,Losordo Circulation 1998 https://doi.org/10.1161/01.cir.98.25.2800 | Baumgartner Circulation 1998 https://doi.org/10.1161/01.cir.97.12.1114 | Kastrup JACC 2005 https://doi.org/10.1016/j.jacc.2004.12.068 | Deev 2015 Neovasculgen J Cardiovasc Pharmacol Ther https://doi.org/10.1177/1074248415574336 | Deev 2018 Neovasculgen 5yr follow-up https://doi.org/10.1177/1753944718786926 | Neovasculgen NCT03068585 https://clinicaltrials.gov/study/NCT03068585,"PLACEBO EFFECT dominates: Euroinject One showed equivalent CCS improvement in VEGF and placebo arms. Transient expression from naked plasmid may be insufficient for durable vessel maturation. Edema is consistent adverse event. VEGF can promote pathological angiogenesis (tumour vascularisation, retinopathy) — though clinical follow-up has NOT confirmed these risks. Multiple large programmes were abandoned after phase II failures. COMMERCIAL AVAILABILITY: As of 2025, plasmid VEGF gene therapy is offered commercially through Unlimited Bio (https://unlimited.bio/) at clinics in Prospera (Honduras) and Mexico. This is a non-integrating plasmid approach (not the adenoviral vectors used in published cardiovascular trials) with transient expression. The enhancement framing — reversing age-related vascular decline in healthy people — is a significant departure from the disease-focused clinical trial evidence base. No peer-reviewed efficacy data from these providers exists.",,1
xrcc5_roughy,XRCC5 (Roughy),overexpression,Longevity & Genome,DNA Repair,"The orange roughy (Hoplostethus atlanticus) lives over 250 years — extraordinary for a teleost fish. XRCC5 encodes Ku80, the DNA-binding subunit of the Ku heterodimer essential for non-homologous end joining (NHEJ) repair of double-strand breaks. Orange roughy shows enhanced XRCC5 expression and Ku80 activity, correlating with superior DNA damage repair capacity that may underpin its extreme longevity.","XRCC5 encodes Ku80, the DNA-end clamp that recruits non-homologous end joining machinery to reconnect dangerous double-strand breaks. Orange roughy can live beyond 250 years and shows elevated XRCC5 expression and repair activity, and human variants associate with longevity, though no animal has been given extra Ku80. The roughy link is correlative, and Ku80-deficient mice age fast only shows the clamp is needed, not that more of it helps.","XRCC5/Ku80 forms a heterodimer with Ku70 that binds broken DNA ends, recruiting DNA-PKcs and the NHEJ repair machinery. Enhanced expression or activity of Ku80 improves the fidelity and speed of double-strand break repair, reducing accumulation of genomic damage that drives aging.","Orange roughy lives 250+ years with minimal age-related disease. XRCC5 polymorphisms in humans are associated with longevity in centenarian studies. Opposite direction, for bounding only: Ku80-deficient mice show dramatically accelerated aging, which establishes the clamp is required but says nothing about surplus.",T3,Enhanced NHEJ could increase cancer risk by promoting error-prone repair. Balance between NHEJ and homologous recombination is critical. Fish-to-mammal translation of DNA repair mechanisms needs validation.,https://doi.org/10.1038/s41598-024-70642-w,"Ku80 deficiency accelerates aging in mice (Lopez-Otin lab). Orange roughy longevity mechanism is correlative, not yet proven causal.",,0
